-3,-3,CWIrJ1lm5ALxmh2p3zmnpjFnyek=,WFu5y5no5HhRDH8OlvJuhFyowzs=
-4,-3,CWIrJ1lm5ALxmh2p3zmnpjFnyek=,WFu5y5no5HhRDH8OlvJuhFyowzs=
-2,-4,CWIrJ1lm5ALxmh2p3zmnpjFnyek=,WFu5y5no5HhRDH8OlvJuhFyowzs=
-2,-3,BCs/CBiB0tL1EiSuQlrOpwCJqio=,WFu5y5no5HhRDH8OlvJuhFyowzs=
-3,-4,BCs/CBiB0tL1EiSuQlrOpwCJqio=,WFu5y5no5HhRDH8OlvJuhFyowzs=
-7,-2,BCs/CBiB0tL1EiSuQlrOpwCJqio=,WFu5y5no5HhRDH8OlvJuhFyowzs=
-2,-7,BCs/CBiB0tL1EiSuQlrOpwCJqio=,WFu5y5no5HhRDH8OlvJuhFyowzs=
-5,-3,BCs/CBiB0tL1EiSuQlrOpwCJqio=,WFu5y5no5HhRDH8OlvJuhFyowzs=
-6,-3,BCs/CBiB0tL1EiSuQlrOpwCJqio=,WFu5y5no5HhRDH8OlvJuhFyowzs=
-2,-5,BCs/CBiB0tL1EiSuQlrOpwCJqio=,WFu5y5no5HhRDH8OlvJuhFyowzs=
-7,-7,BCs/CBiB0tL1EiSuQlrOpwCJqio=,WFu5y5no5HhRDH8OlvJuhFyowzs=
-3,-5,BCs/CBiB0tL1EiSuQlrOpwCJqio=,WFu5y5no5HhRDH8OlvJuhFyowzs=
-5,-5,BCs/CBiB0tL1EiSuQlrOpwCJqio=,WFu5y5no5HhRDH8OlvJuhFyowzs=
-6,-5,BCs/CBiB0tL1EiSuQlrOpwCJqio=,WFu5y5no5HhRDH8OlvJuhFyowzs=
-7,-5,BCs/CBiB0tL1EiSuQlrOpwCJqio=,WFu5y5no5HhRDH8OlvJuhFyowzs=
-2,-6,BCs/CBiB0tL1EiSuQlrOpwCJqio=,WFu5y5no5HhRDH8OlvJuhFyowzs=
-3,-6,BCs/CBiB0tL1EiSuQlrOpwCJqio=,WFu5y5no5HhRDH8OlvJuhFyowzs=
-4,-4,BCs/CBiB0tL1EiSuQlrOpwCJqio=,WFu5y5no5HhRDH8OlvJuhFyowzs=
-4,-6,BCs/CBiB0tL1EiSuQlrOpwCJqio=,WFu5y5no5HhRDH8OlvJuhFyowzs=
-5,-6,BCs/CBiB0tL1EiSuQlrOpwCJqio=,WFu5y5no5HhRDH8OlvJuhFyowzs=
-4,-5,BCs/CBiB0tL1EiSuQlrOpwCJqio=,WFu5y5no5HhRDH8OlvJuhFyowzs=
-3,-7,BCs/CBiB0tL1EiSuQlrOpwCJqio=,WFu5y5no5HhRDH8OlvJuhFyowzs=
-7,-3,BCs/CBiB0tL1EiSuQlrOpwCJqio=,WFu5y5no5HhRDH8OlvJuhFyowzs=
-6,-7,BCs/CBiB0tL1EiSuQlrOpwCJqio=,WFu5y5no5HhRDH8OlvJuhFyowzs=
-7,-6,BCs/CBiB0tL1EiSuQlrOpwCJqio=,WFu5y5no5HhRDH8OlvJuhFyowzs=
-6,-6,BCs/CBiB0tL1EiSuQlrOpwCJqio=,WFu5y5no5HhRDH8OlvJuhFyowzs=
-6,-4,BCs/CBiB0tL1EiSuQlrOpwCJqio=,WFu5y5no5HhRDH8OlvJuhFyowzs=
-4,-7,BCs/CBiB0tL1EiSuQlrOpwCJqio=,WFu5y5no5HhRDH8OlvJuhFyowzs=
-7,-4,BCs/CBiB0tL1EiSuQlrOpwCJqio=,WFu5y5no5HhRDH8OlvJuhFyowzs=
-5,-4,BCs/CBiB0tL1EiSuQlrOpwCJqio=,WFu5y5no5HhRDH8OlvJuhFyowzs=
-5,-7,BCs/CBiB0tL1EiSuQlrOpwCJqio=,WFu5y5no5HhRDH8OlvJuhFyowzs=
-3,-2,BCs/CBiB0tL1EiSuQlrOpwCJqio=,WFu5y5no5HhRDH8OlvJuhFyowzs=
-2,-2,BCs/CBiB0tL1EiSuQlrOpwCJqio=,WFu5y5no5HhRDH8OlvJuhFyowzs=
-4,-2,BCs/CBiB0tL1EiSuQlrOpwCJqio=,WFu5y5no5HhRDH8OlvJuhFyowzs=
-5,-2,BCs/CBiB0tL1EiSuQlrOpwCJqio=,WFu5y5no5HhRDH8OlvJuhFyowzs=
-6,-2,BCs/CBiB0tL1EiSuQlrOpwCJqio=,WFu5y5no5HhRDH8OlvJuhFyowzs=
-12,-13,BCs/CBiB0tL1EiSuQlrOpwCJqio=,6A5D58fRxBt13HSEO01H+0KOmQQ=
-11,-13,BCs/CBiB0tL1EiSuQlrOpwCJqio=,6A5D58fRxBt13HSEO01H+0KOmQQ=
-10,-13,BCs/CBiB0tL1EiSuQlrOpwCJqio=,6A5D58fRxBt13HSEO01H+0KOmQQ=
-15,-12,BCs/CBiB0tL1EiSuQlrOpwCJqio=,6A5D58fRxBt13HSEO01H+0KOmQQ=
-13,-13,BCs/CBiB0tL1EiSuQlrOpwCJqio=,6A5D58fRxBt13HSEO01H+0KOmQQ=
-14,-12,BCs/CBiB0tL1EiSuQlrOpwCJqio=,6A5D58fRxBt13HSEO01H+0KOmQQ=
-15,-13,BCs/CBiB0tL1EiSuQlrOpwCJqio=,6A5D58fRxBt13HSEO01H+0KOmQQ=
-14,-13,BCs/CBiB0tL1EiSuQlrOpwCJqio=,6A5D58fRxBt13HSEO01H+0KOmQQ=
-13,-12,BCs/CBiB0tL1EiSuQlrOpwCJqio=,6A5D58fRxBt13HSEO01H+0KOmQQ=
-11,-10,BCs/CBiB0tL1EiSuQlrOpwCJqio=,6A5D58fRxBt13HSEO01H+0KOmQQ=
-10,-10,BCs/CBiB0tL1EiSuQlrOpwCJqio=,6A5D58fRxBt13HSEO01H+0KOmQQ=
-5,-11,BCs/CBiB0tL1EiSuQlrOpwCJqio=,lZM52po8lYuUTzSrxcZRbNU35Do=
-4,-11,BCs/CBiB0tL1EiSuQlrOpwCJqio=,lZM52po8lYuUTzSrxcZRbNU35Do=
-11,-14,BCs/CBiB0tL1EiSuQlrOpwCJqio=,6A5D58fRxBt13HSEO01H+0KOmQQ=
-12,-12,BCs/CBiB0tL1EiSuQlrOpwCJqio=,6A5D58fRxBt13HSEO01H+0KOmQQ=
-12,-14,BCs/CBiB0tL1EiSuQlrOpwCJqio=,6A5D58fRxBt13HSEO01H+0KOmQQ=
-3,-11,BCs/CBiB0tL1EiSuQlrOpwCJqio=,lZM52po8lYuUTzSrxcZRbNU35Do=
-12,-5,BCs/CBiB0tL1EiSuQlrOpwCJqio=,lth1OqGcn+jiwtOJXGaFZQFHL1Q=
-10,-14,BCs/CBiB0tL1EiSuQlrOpwCJqio=,6A5D58fRxBt13HSEO01H+0KOmQQ=
-11,-12,BCs/CBiB0tL1EiSuQlrOpwCJqio=,6A5D58fRxBt13HSEO01H+0KOmQQ=
-6,-11,BCs/CBiB0tL1EiSuQlrOpwCJqio=,lZM52po8lYuUTzSrxcZRbNU35Do=
-13,-14,BCs/CBiB0tL1EiSuQlrOpwCJqio=,6A5D58fRxBt13HSEO01H+0KOmQQ=
-12,-10,BCs/CBiB0tL1EiSuQlrOpwCJqio=,6A5D58fRxBt13HSEO01H+0KOmQQ=
-11,-5,BCs/CBiB0tL1EiSuQlrOpwCJqio=,lth1OqGcn+jiwtOJXGaFZQFHL1Q=
-2,-11,BCs/CBiB0tL1EiSuQlrOpwCJqio=,lZM52po8lYuUTzSrxcZRbNU35Do=
-10,-12,BCs/CBiB0tL1EiSuQlrOpwCJqio=,6A5D58fRxBt13HSEO01H+0KOmQQ=
-13,-10,BCs/CBiB0tL1EiSuQlrOpwCJqio=,6A5D58fRxBt13HSEO01H+0KOmQQ=
-10,-5,BCs/CBiB0tL1EiSuQlrOpwCJqio=,lth1OqGcn+jiwtOJXGaFZQFHL1Q=
-7,-11,BCs/CBiB0tL1EiSuQlrOpwCJqio=,lZM52po8lYuUTzSrxcZRbNU35Do=
-14,-10,BCs/CBiB0tL1EiSuQlrOpwCJqio=,6A5D58fRxBt13HSEO01H+0KOmQQ=
-15,-15,BCs/CBiB0tL1EiSuQlrOpwCJqio=,6A5D58fRxBt13HSEO01H+0KOmQQ=
-8,-10,BCs/CBiB0tL1EiSuQlrOpwCJqio=,lZM52po8lYuUTzSrxcZRbNU35Do=
-9,-10,BCs/CBiB0tL1EiSuQlrOpwCJqio=,6A5D58fRxBt13HSEO01H+0KOmQQ=
-14,-14,BCs/CBiB0tL1EiSuQlrOpwCJqio=,6A5D58fRxBt13HSEO01H+0KOmQQ=
-9,-5,BCs/CBiB0tL1EiSuQlrOpwCJqio=,lth1OqGcn+jiwtOJXGaFZQFHL1Q=
-8,-11,BCs/CBiB0tL1EiSuQlrOpwCJqio=,lZM52po8lYuUTzSrxcZRbNU35Do=
-15,-14,BCs/CBiB0tL1EiSuQlrOpwCJqio=,6A5D58fRxBt13HSEO01H+0KOmQQ=
-15,-11,BCs/CBiB0tL1EiSuQlrOpwCJqio=,6A5D58fRxBt13HSEO01H+0KOmQQ=
-7,-10,BCs/CBiB0tL1EiSuQlrOpwCJqio=,lZM52po8lYuUTzSrxcZRbNU35Do=
-16,-4,BCs/CBiB0tL1EiSuQlrOpwCJqio=,lth1OqGcn+jiwtOJXGaFZQFHL1Q=
-10,-11,BCs/CBiB0tL1EiSuQlrOpwCJqio=,6A5D58fRxBt13HSEO01H+0KOmQQ=
-10,-15,BCs/CBiB0tL1EiSuQlrOpwCJqio=,6A5D58fRxBt13HSEO01H+0KOmQQ=
-8,-8,BCs/CBiB0tL1EiSuQlrOpwCJqio=,WFu5y5no5HhRDH8OlvJuhFyowzs=
-2,-12,BCs/CBiB0tL1EiSuQlrOpwCJqio=,lZM52po8lYuUTzSrxcZRbNU35Do=
-11,-11,BCs/CBiB0tL1EiSuQlrOpwCJqio=,6A5D58fRxBt13HSEO01H+0KOmQQ=
-6,-10,BCs/CBiB0tL1EiSuQlrOpwCJqio=,lZM52po8lYuUTzSrxcZRbNU35Do=
-9,-9,BCs/CBiB0tL1EiSuQlrOpwCJqio=,6A5D58fRxBt13HSEO01H+0KOmQQ=
-12,-11,BCs/CBiB0tL1EiSuQlrOpwCJqio=,6A5D58fRxBt13HSEO01H+0KOmQQ=
-8,-2,BCs/CBiB0tL1EiSuQlrOpwCJqio=,WFu5y5no5HhRDH8OlvJuhFyowzs=
-15,-10,BCs/CBiB0tL1EiSuQlrOpwCJqio=,6A5D58fRxBt13HSEO01H+0KOmQQ=
-8,-4,BCs/CBiB0tL1EiSuQlrOpwCJqio=,WFu5y5no5HhRDH8OlvJuhFyowzs=
-5,-10,BCs/CBiB0tL1EiSuQlrOpwCJqio=,lZM52po8lYuUTzSrxcZRbNU35Do=
-11,-15,BCs/CBiB0tL1EiSuQlrOpwCJqio=,6A5D58fRxBt13HSEO01H+0KOmQQ=
-15,-4,BCs/CBiB0tL1EiSuQlrOpwCJqio=,lth1OqGcn+jiwtOJXGaFZQFHL1Q=
-4,-10,BCs/CBiB0tL1EiSuQlrOpwCJqio=,lZM52po8lYuUTzSrxcZRbNU35Do=
-13,-11,BCs/CBiB0tL1EiSuQlrOpwCJqio=,6A5D58fRxBt13HSEO01H+0KOmQQ=
-8,-3,BCs/CBiB0tL1EiSuQlrOpwCJqio=,WFu5y5no5HhRDH8OlvJuhFyowzs=
-8,-9,BCs/CBiB0tL1EiSuQlrOpwCJqio=,lZM52po8lYuUTzSrxcZRbNU35Do=
-3,-10,BCs/CBiB0tL1EiSuQlrOpwCJqio=,lZM52po8lYuUTzSrxcZRbNU35Do=
-12,-15,BCs/CBiB0tL1EiSuQlrOpwCJqio=,6A5D58fRxBt13HSEO01H+0KOmQQ=
-14,-4,BCs/CBiB0tL1EiSuQlrOpwCJqio=,lth1OqGcn+jiwtOJXGaFZQFHL1Q=
-2,-10,BCs/CBiB0tL1EiSuQlrOpwCJqio=,lZM52po8lYuUTzSrxcZRbNU35Do=
-3,-12,BCs/CBiB0tL1EiSuQlrOpwCJqio=,lZM52po8lYuUTzSrxcZRbNU35Do=
-8,-15,BCs/CBiB0tL1EiSuQlrOpwCJqio=,lZM52po8lYuUTzSrxcZRbNU35Do=
-13,-15,BCs/CBiB0tL1EiSuQlrOpwCJqio=,6A5D58fRxBt13HSEO01H+0KOmQQ=
-4,-12,BCs/CBiB0tL1EiSuQlrOpwCJqio=,lZM52po8lYuUTzSrxcZRbNU35Do=
-14,-11,BCs/CBiB0tL1EiSuQlrOpwCJqio=,6A5D58fRxBt13HSEO01H+0KOmQQ=
-14,-15,BCs/CBiB0tL1EiSuQlrOpwCJqio=,6A5D58fRxBt13HSEO01H+0KOmQQ=
-13,-4,BCs/CBiB0tL1EiSuQlrOpwCJqio=,lth1OqGcn+jiwtOJXGaFZQFHL1Q=
-13,-5,BCs/CBiB0tL1EiSuQlrOpwCJqio=,lth1OqGcn+jiwtOJXGaFZQFHL1Q=
-5,-12,BCs/CBiB0tL1EiSuQlrOpwCJqio=,lZM52po8lYuUTzSrxcZRbNU35Do=
-12,-4,BCs/CBiB0tL1EiSuQlrOpwCJqio=,lth1OqGcn+jiwtOJXGaFZQFHL1Q=
-16,-12,BCs/CBiB0tL1EiSuQlrOpwCJqio=,6A5D58fRxBt13HSEO01H+0KOmQQ=
-16,-15,BCs/CBiB0tL1EiSuQlrOpwCJqio=,6A5D58fRxBt13HSEO01H+0KOmQQ=
-11,-4,BCs/CBiB0tL1EiSuQlrOpwCJqio=,lth1OqGcn+jiwtOJXGaFZQFHL1Q=
-9,-14,BCs/CBiB0tL1EiSuQlrOpwCJqio=,6A5D58fRxBt13HSEO01H+0KOmQQ=
-7,-12,BCs/CBiB0tL1EiSuQlrOpwCJqio=,lZM52po8lYuUTzSrxcZRbNU35Do=
-6,-12,BCs/CBiB0tL1EiSuQlrOpwCJqio=,lZM52po8lYuUTzSrxcZRbNU35Do=
-16,-11,BCs/CBiB0tL1EiSuQlrOpwCJqio=,6A5D58fRxBt13HSEO01H+0KOmQQ=
-10,-4,BCs/CBiB0tL1EiSuQlrOpwCJqio=,lth1OqGcn+jiwtOJXGaFZQFHL1Q=
-8,-12,BCs/CBiB0tL1EiSuQlrOpwCJqio=,lZM52po8lYuUTzSrxcZRbNU35Do=
-2,-13,BCs/CBiB0tL1EiSuQlrOpwCJqio=,lZM52po8lYuUTzSrxcZRbNU35Do=
-3,-13,BCs/CBiB0tL1EiSuQlrOpwCJqio=,lZM52po8lYuUTzSrxcZRbNU35Do=
-4,-1,BCs/CBiB0tL1EiSuQlrOpwCJqio=,WFu5y5no5HhRDH8OlvJuhFyowzs=
-16,-10,BCs/CBiB0tL1EiSuQlrOpwCJqio=,6A5D58fRxBt13HSEO01H+0KOmQQ=
-9,-4,BCs/CBiB0tL1EiSuQlrOpwCJqio=,lth1OqGcn+jiwtOJXGaFZQFHL1Q=
-4,-13,BCs/CBiB0tL1EiSuQlrOpwCJqio=,lZM52po8lYuUTzSrxcZRbNU35Do=
-6,-13,BCs/CBiB0tL1EiSuQlrOpwCJqio=,lZM52po8lYuUTzSrxcZRbNU35Do=
-3,-1,BCs/CBiB0tL1EiSuQlrOpwCJqio=,WFu5y5no5HhRDH8OlvJuhFyowzs=
-5,-13,BCs/CBiB0tL1EiSuQlrOpwCJqio=,lZM52po8lYuUTzSrxcZRbNU35Do=
-16,-14,BCs/CBiB0tL1EiSuQlrOpwCJqio=,6A5D58fRxBt13HSEO01H+0KOmQQ=
-16,-3,BCs/CBiB0tL1EiSuQlrOpwCJqio=,lth1OqGcn+jiwtOJXGaFZQFHL1Q=
-7,-15,BCs/CBiB0tL1EiSuQlrOpwCJqio=,lZM52po8lYuUTzSrxcZRbNU35Do=
-4,-8,BCs/CBiB0tL1EiSuQlrOpwCJqio=,WFu5y5no5HhRDH8OlvJuhFyowzs=
-16,-8,BCs/CBiB0tL1EiSuQlrOpwCJqio=,lth1OqGcn+jiwtOJXGaFZQFHL1Q=
-7,-9,BCs/CBiB0tL1EiSuQlrOpwCJqio=,lZM52po8lYuUTzSrxcZRbNU35Do=
-2,-1,BCs/CBiB0tL1EiSuQlrOpwCJqio=,WFu5y5no5HhRDH8OlvJuhFyowzs=
-16,-13,BCs/CBiB0tL1EiSuQlrOpwCJqio=,6A5D58fRxBt13HSEO01H+0KOmQQ=
-15,-3,BCs/CBiB0tL1EiSuQlrOpwCJqio=,lth1OqGcn+jiwtOJXGaFZQFHL1Q=
-6,-15,BCs/CBiB0tL1EiSuQlrOpwCJqio=,lZM52po8lYuUTzSrxcZRbNU35Do=
-9,-1,BCs/CBiB0tL1EiSuQlrOpwCJqio=,lth1OqGcn+jiwtOJXGaFZQFHL1Q=
-8,-13,BCs/CBiB0tL1EiSuQlrOpwCJqio=,lZM52po8lYuUTzSrxcZRbNU35Do=
-16,-9,BCs/CBiB0tL1EiSuQlrOpwCJqio=,6A5D58fRxBt13HSEO01H+0KOmQQ=
-6,-9,BCs/CBiB0tL1EiSuQlrOpwCJqio=,lZM52po8lYuUTzSrxcZRbNU35Do=
-14,-3,BCs/CBiB0tL1EiSuQlrOpwCJqio=,lth1OqGcn+jiwtOJXGaFZQFHL1Q=
-2,-14,BCs/CBiB0tL1EiSuQlrOpwCJqio=,lZM52po8lYuUTzSrxcZRbNU35Do=
-13,-3,BCs/CBiB0tL1EiSuQlrOpwCJqio=,lth1OqGcn+jiwtOJXGaFZQFHL1Q=
-9,-13,BCs/CBiB0tL1EiSuQlrOpwCJqio=,6A5D58fRxBt13HSEO01H+0KOmQQ=
-7,-13,BCs/CBiB0tL1EiSuQlrOpwCJqio=,lZM52po8lYuUTzSrxcZRbNU35Do=
-12,-3,BCs/CBiB0tL1EiSuQlrOpwCJqio=,lth1OqGcn+jiwtOJXGaFZQFHL1Q=
-5,-15,BCs/CBiB0tL1EiSuQlrOpwCJqio=,lZM52po8lYuUTzSrxcZRbNU35Do=
-9,-15,BCs/CBiB0tL1EiSuQlrOpwCJqio=,6A5D58fRxBt13HSEO01H+0KOmQQ=
-1,-4,BCs/CBiB0tL1EiSuQlrOpwCJqio=,WFu5y5no5HhRDH8OlvJuhFyowzs=
-10,-9,BCs/CBiB0tL1EiSuQlrOpwCJqio=,6A5D58fRxBt13HSEO01H+0KOmQQ=
-5,-1,BCs/CBiB0tL1EiSuQlrOpwCJqio=,WFu5y5no5HhRDH8OlvJuhFyowzs=
-11,-3,BCs/CBiB0tL1EiSuQlrOpwCJqio=,lth1OqGcn+jiwtOJXGaFZQFHL1Q=
-5,-9,BCs/CBiB0tL1EiSuQlrOpwCJqio=,lZM52po8lYuUTzSrxcZRbNU35Do=
-1,-7,BCs/CBiB0tL1EiSuQlrOpwCJqio=,WFu5y5no5HhRDH8OlvJuhFyowzs=
-1,-6,BCs/CBiB0tL1EiSuQlrOpwCJqio=,WFu5y5no5HhRDH8OlvJuhFyowzs=
-10,-3,BCs/CBiB0tL1EiSuQlrOpwCJqio=,lth1OqGcn+jiwtOJXGaFZQFHL1Q=
-1,-2,BCs/CBiB0tL1EiSuQlrOpwCJqio=,WFu5y5no5HhRDH8OlvJuhFyowzs=
-1,-3,BCs/CBiB0tL1EiSuQlrOpwCJqio=,WFu5y5no5HhRDH8OlvJuhFyowzs=
-9,-3,BCs/CBiB0tL1EiSuQlrOpwCJqio=,lth1OqGcn+jiwtOJXGaFZQFHL1Q=
-7,-1,BCs/CBiB0tL1EiSuQlrOpwCJqio=,WFu5y5no5HhRDH8OlvJuhFyowzs=
-2,-8,BCs/CBiB0tL1EiSuQlrOpwCJqio=,WFu5y5no5HhRDH8OlvJuhFyowzs=
-6,-1,BCs/CBiB0tL1EiSuQlrOpwCJqio=,WFu5y5no5HhRDH8OlvJuhFyowzs=
-4,-9,BCs/CBiB0tL1EiSuQlrOpwCJqio=,lZM52po8lYuUTzSrxcZRbNU35Do=
-8,-1,BCs/CBiB0tL1EiSuQlrOpwCJqio=,WFu5y5no5HhRDH8OlvJuhFyowzs=
-16,-2,BCs/CBiB0tL1EiSuQlrOpwCJqio=,lth1OqGcn+jiwtOJXGaFZQFHL1Q=
-1,-5,BCs/CBiB0tL1EiSuQlrOpwCJqio=,WFu5y5no5HhRDH8OlvJuhFyowzs=
-9,-11,BCs/CBiB0tL1EiSuQlrOpwCJqio=,6A5D58fRxBt13HSEO01H+0KOmQQ=
-3,-9,BCs/CBiB0tL1EiSuQlrOpwCJqio=,lZM52po8lYuUTzSrxcZRbNU35Do=
-3,-8,BCs/CBiB0tL1EiSuQlrOpwCJqio=,WFu5y5no5HhRDH8OlvJuhFyowzs=
-15,-2,BCs/CBiB0tL1EiSuQlrOpwCJqio=,lth1OqGcn+jiwtOJXGaFZQFHL1Q=
-2,-9,BCs/CBiB0tL1EiSuQlrOpwCJqio=,lZM52po8lYuUTzSrxcZRbNU35Do=
-3,-14,BCs/CBiB0tL1EiSuQlrOpwCJqio=,lZM52po8lYuUTzSrxcZRbNU35Do=
-6,-8,BCs/CBiB0tL1EiSuQlrOpwCJqio=,WFu5y5no5HhRDH8OlvJuhFyowzs=
-10,-1,BCs/CBiB0tL1EiSuQlrOpwCJqio=,lth1OqGcn+jiwtOJXGaFZQFHL1Q=
-5,-8,BCs/CBiB0tL1EiSuQlrOpwCJqio=,WFu5y5no5HhRDH8OlvJuhFyowzs=
-4,-15,BCs/CBiB0tL1EiSuQlrOpwCJqio=,lZM52po8lYuUTzSrxcZRbNU35Do=
-14,-2,BCs/CBiB0tL1EiSuQlrOpwCJqio=,lth1OqGcn+jiwtOJXGaFZQFHL1Q=
-13,-2,BCs/CBiB0tL1EiSuQlrOpwCJqio=,lth1OqGcn+jiwtOJXGaFZQFHL1Q=
-5,-14,BCs/CBiB0tL1EiSuQlrOpwCJqio=,lZM52po8lYuUTzSrxcZRbNU35Do=
-3,-15,BCs/CBiB0tL1EiSuQlrOpwCJqio=,lZM52po8lYuUTzSrxcZRbNU35Do=
-4,-14,BCs/CBiB0tL1EiSuQlrOpwCJqio=,lZM52po8lYuUTzSrxcZRbNU35Do=
-12,-2,BCs/CBiB0tL1EiSuQlrOpwCJqio=,lth1OqGcn+jiwtOJXGaFZQFHL1Q=
-9,-12,BCs/CBiB0tL1EiSuQlrOpwCJqio=,6A5D58fRxBt13HSEO01H+0KOmQQ=
-6,-14,BCs/CBiB0tL1EiSuQlrOpwCJqio=,lZM52po8lYuUTzSrxcZRbNU35Do=
-2,-15,BCs/CBiB0tL1EiSuQlrOpwCJqio=,lZM52po8lYuUTzSrxcZRbNU35Do=
-8,-7,BCs/CBiB0tL1EiSuQlrOpwCJqio=,WFu5y5no5HhRDH8OlvJuhFyowzs=
-7,-8,BCs/CBiB0tL1EiSuQlrOpwCJqio=,WFu5y5no5HhRDH8OlvJuhFyowzs=
-8,-14,BCs/CBiB0tL1EiSuQlrOpwCJqio=,lZM52po8lYuUTzSrxcZRbNU35Do=
-7,-14,BCs/CBiB0tL1EiSuQlrOpwCJqio=,lZM52po8lYuUTzSrxcZRbNU35Do=
-11,-2,BCs/CBiB0tL1EiSuQlrOpwCJqio=,lth1OqGcn+jiwtOJXGaFZQFHL1Q=
-8,-6,BCs/CBiB0tL1EiSuQlrOpwCJqio=,WFu5y5no5HhRDH8OlvJuhFyowzs=
-11,-9,BCs/CBiB0tL1EiSuQlrOpwCJqio=,6A5D58fRxBt13HSEO01H+0KOmQQ=
-14,-5,BCs/CBiB0tL1EiSuQlrOpwCJqio=,lth1OqGcn+jiwtOJXGaFZQFHL1Q=
-10,-2,BCs/CBiB0tL1EiSuQlrOpwCJqio=,lth1OqGcn+jiwtOJXGaFZQFHL1Q=
-15,-5,BCs/CBiB0tL1EiSuQlrOpwCJqio=,lth1OqGcn+jiwtOJXGaFZQFHL1Q=
-12,-9,BCs/CBiB0tL1EiSuQlrOpwCJqio=,6A5D58fRxBt13HSEO01H+0KOmQQ=
-13,-9,BCs/CBiB0tL1EiSuQlrOpwCJqio=,6A5D58fRxBt13HSEO01H+0KOmQQ=
-8,-5,BCs/CBiB0tL1EiSuQlrOpwCJqio=,WFu5y5no5HhRDH8OlvJuhFyowzs=
-9,-2,BCs/CBiB0tL1EiSuQlrOpwCJqio=,lth1OqGcn+jiwtOJXGaFZQFHL1Q=
-16,-5,BCs/CBiB0tL1EiSuQlrOpwCJqio=,lth1OqGcn+jiwtOJXGaFZQFHL1Q=
-14,-9,BCs/CBiB0tL1EiSuQlrOpwCJqio=,6A5D58fRxBt13HSEO01H+0KOmQQ=
-9,-6,BCs/CBiB0tL1EiSuQlrOpwCJqio=,lth1OqGcn+jiwtOJXGaFZQFHL1Q=
-10,-6,BCs/CBiB0tL1EiSuQlrOpwCJqio=,lth1OqGcn+jiwtOJXGaFZQFHL1Q=
-15,-8,BCs/CBiB0tL1EiSuQlrOpwCJqio=,lth1OqGcn+jiwtOJXGaFZQFHL1Q=
-15,-9,BCs/CBiB0tL1EiSuQlrOpwCJqio=,6A5D58fRxBt13HSEO01H+0KOmQQ=
-1,-11,BCs/CBiB0tL1EiSuQlrOpwCJqio=,lZM52po8lYuUTzSrxcZRbNU35Do=
-1,-13,BCs/CBiB0tL1EiSuQlrOpwCJqio=,lZM52po8lYuUTzSrxcZRbNU35Do=
-14,-8,BCs/CBiB0tL1EiSuQlrOpwCJqio=,lth1OqGcn+jiwtOJXGaFZQFHL1Q=
-1,-10,BCs/CBiB0tL1EiSuQlrOpwCJqio=,lZM52po8lYuUTzSrxcZRbNU35Do=
-7,-16,BCs/CBiB0tL1EiSuQlrOpwCJqio=,lZM52po8lYuUTzSrxcZRbNU35Do=
-12,-6,BCs/CBiB0tL1EiSuQlrOpwCJqio=,lth1OqGcn+jiwtOJXGaFZQFHL1Q=
-13,-8,BCs/CBiB0tL1EiSuQlrOpwCJqio=,lth1OqGcn+jiwtOJXGaFZQFHL1Q=
-1,-12,BCs/CBiB0tL1EiSuQlrOpwCJqio=,lZM52po8lYuUTzSrxcZRbNU35Do=
-6,-16,BCs/CBiB0tL1EiSuQlrOpwCJqio=,lZM52po8lYuUTzSrxcZRbNU35Do=
-1,-9,BCs/CBiB0tL1EiSuQlrOpwCJqio=,lZM52po8lYuUTzSrxcZRbNU35Do=
-15,-1,BCs/CBiB0tL1EiSuQlrOpwCJqio=,lth1OqGcn+jiwtOJXGaFZQFHL1Q=
-5,-16,BCs/CBiB0tL1EiSuQlrOpwCJqio=,lZM52po8lYuUTzSrxcZRbNU35Do=
-11,-6,BCs/CBiB0tL1EiSuQlrOpwCJqio=,lth1OqGcn+jiwtOJXGaFZQFHL1Q=
-1,-15,BCs/CBiB0tL1EiSuQlrOpwCJqio=,lZM52po8lYuUTzSrxcZRbNU35Do=
-12,-8,BCs/CBiB0tL1EiSuQlrOpwCJqio=,lth1OqGcn+jiwtOJXGaFZQFHL1Q=
-1,-8,BCs/CBiB0tL1EiSuQlrOpwCJqio=,WFu5y5no5HhRDH8OlvJuhFyowzs=
-4,-16,BCs/CBiB0tL1EiSuQlrOpwCJqio=,lZM52po8lYuUTzSrxcZRbNU35Do=
-1,-14,BCs/CBiB0tL1EiSuQlrOpwCJqio=,lZM52po8lYuUTzSrxcZRbNU35Do=
-11,-8,BCs/CBiB0tL1EiSuQlrOpwCJqio=,lth1OqGcn+jiwtOJXGaFZQFHL1Q=
-2,-16,BCs/CBiB0tL1EiSuQlrOpwCJqio=,lZM52po8lYuUTzSrxcZRbNU35Do=
-3,-16,BCs/CBiB0tL1EiSuQlrOpwCJqio=,lZM52po8lYuUTzSrxcZRbNU35Do=
-10,-8,BCs/CBiB0tL1EiSuQlrOpwCJqio=,lth1OqGcn+jiwtOJXGaFZQFHL1Q=
-14,-6,BCs/CBiB0tL1EiSuQlrOpwCJqio=,lth1OqGcn+jiwtOJXGaFZQFHL1Q=
-11,-1,BCs/CBiB0tL1EiSuQlrOpwCJqio=,lth1OqGcn+jiwtOJXGaFZQFHL1Q=
-9,-8,BCs/CBiB0tL1EiSuQlrOpwCJqio=,lth1OqGcn+jiwtOJXGaFZQFHL1Q=
-15,-6,BCs/CBiB0tL1EiSuQlrOpwCJqio=,lth1OqGcn+jiwtOJXGaFZQFHL1Q=
-16,-6,BCs/CBiB0tL1EiSuQlrOpwCJqio=,lth1OqGcn+jiwtOJXGaFZQFHL1Q=
-9,-7,BCs/CBiB0tL1EiSuQlrOpwCJqio=,lth1OqGcn+jiwtOJXGaFZQFHL1Q=
-11,-7,BCs/CBiB0tL1EiSuQlrOpwCJqio=,lth1OqGcn+jiwtOJXGaFZQFHL1Q=
-10,-7,BCs/CBiB0tL1EiSuQlrOpwCJqio=,lth1OqGcn+jiwtOJXGaFZQFHL1Q=
-16,-7,BCs/CBiB0tL1EiSuQlrOpwCJqio=,lth1OqGcn+jiwtOJXGaFZQFHL1Q=
-12,-1,BCs/CBiB0tL1EiSuQlrOpwCJqio=,lth1OqGcn+jiwtOJXGaFZQFHL1Q=
-13,-1,BCs/CBiB0tL1EiSuQlrOpwCJqio=,lth1OqGcn+jiwtOJXGaFZQFHL1Q=
-14,-7,BCs/CBiB0tL1EiSuQlrOpwCJqio=,lth1OqGcn+jiwtOJXGaFZQFHL1Q=
-13,-7,BCs/CBiB0tL1EiSuQlrOpwCJqio=,lth1OqGcn+jiwtOJXGaFZQFHL1Q=
-14,-1,BCs/CBiB0tL1EiSuQlrOpwCJqio=,lth1OqGcn+jiwtOJXGaFZQFHL1Q=
-12,-7,BCs/CBiB0tL1EiSuQlrOpwCJqio=,lth1OqGcn+jiwtOJXGaFZQFHL1Q=
-15,-7,BCs/CBiB0tL1EiSuQlrOpwCJqio=,lth1OqGcn+jiwtOJXGaFZQFHL1Q=
-13,-6,BCs/CBiB0tL1EiSuQlrOpwCJqio=,lth1OqGcn+jiwtOJXGaFZQFHL1Q=
-1,-16,BCs/CBiB0tL1EiSuQlrOpwCJqio=,lZM52po8lYuUTzSrxcZRbNU35Do=
-10,-16,BCs/CBiB0tL1EiSuQlrOpwCJqio=,6A5D58fRxBt13HSEO01H+0KOmQQ=
-9,-16,BCs/CBiB0tL1EiSuQlrOpwCJqio=,6A5D58fRxBt13HSEO01H+0KOmQQ=
-8,-16,BCs/CBiB0tL1EiSuQlrOpwCJqio=,lZM52po8lYuUTzSrxcZRbNU35Do=
-1,-1,BCs/CBiB0tL1EiSuQlrOpwCJqio=,WFu5y5no5HhRDH8OlvJuhFyowzs=
-12,-16,BCs/CBiB0tL1EiSuQlrOpwCJqio=,6A5D58fRxBt13HSEO01H+0KOmQQ=
-11,-16,BCs/CBiB0tL1EiSuQlrOpwCJqio=,6A5D58fRxBt13HSEO01H+0KOmQQ=
-13,-16,BCs/CBiB0tL1EiSuQlrOpwCJqio=,6A5D58fRxBt13HSEO01H+0KOmQQ=
-16,-16,BCs/CBiB0tL1EiSuQlrOpwCJqio=,6A5D58fRxBt13HSEO01H+0KOmQQ=
-14,-16,BCs/CBiB0tL1EiSuQlrOpwCJqio=,6A5D58fRxBt13HSEO01H+0KOmQQ=
-15,-16,BCs/CBiB0tL1EiSuQlrOpwCJqio=,6A5D58fRxBt13HSEO01H+0KOmQQ=
-16,-1,BCs/CBiB0tL1EiSuQlrOpwCJqio=,lth1OqGcn+jiwtOJXGaFZQFHL1Q=
-7,-31,8DZ4nPLjzjLw6c5oYMmJm7sSQec=,U1R+O2HCceySikfn0hnxWZ554mw=
-3,-26,8DZ4nPLjzjLw6c5oYMmJm7sSQec=,U1R+O2HCceySikfn0hnxWZ554mw=
-4,-26,8DZ4nPLjzjLw6c5oYMmJm7sSQec=,U1R+O2HCceySikfn0hnxWZ554mw=
-2,-26,8DZ4nPLjzjLw6c5oYMmJm7sSQec=,U1R+O2HCceySikfn0hnxWZ554mw=
-6,-26,8DZ4nPLjzjLw6c5oYMmJm7sSQec=,U1R+O2HCceySikfn0hnxWZ554mw=
-7,-26,8DZ4nPLjzjLw6c5oYMmJm7sSQec=,U1R+O2HCceySikfn0hnxWZ554mw=
-5,-26,8DZ4nPLjzjLw6c5oYMmJm7sSQec=,U1R+O2HCceySikfn0hnxWZ554mw=
-3,-27,8DZ4nPLjzjLw6c5oYMmJm7sSQec=,U1R+O2HCceySikfn0hnxWZ554mw=
-4,-27,8DZ4nPLjzjLw6c5oYMmJm7sSQec=,U1R+O2HCceySikfn0hnxWZ554mw=
-5,-27,8DZ4nPLjzjLw6c5oYMmJm7sSQec=,U1R+O2HCceySikfn0hnxWZ554mw=
-6,-27,8DZ4nPLjzjLw6c5oYMmJm7sSQec=,U1R+O2HCceySikfn0hnxWZ554mw=
-7,-27,8DZ4nPLjzjLw6c5oYMmJm7sSQec=,U1R+O2HCceySikfn0hnxWZ554mw=
-2,-28,8DZ4nPLjzjLw6c5oYMmJm7sSQec=,U1R+O2HCceySikfn0hnxWZ554mw=
-2,-27,8DZ4nPLjzjLw6c5oYMmJm7sSQec=,U1R+O2HCceySikfn0hnxWZ554mw=
-3,-28,8DZ4nPLjzjLw6c5oYMmJm7sSQec=,U1R+O2HCceySikfn0hnxWZ554mw=
-5,-28,8DZ4nPLjzjLw6c5oYMmJm7sSQec=,U1R+O2HCceySikfn0hnxWZ554mw=
-4,-28,8DZ4nPLjzjLw6c5oYMmJm7sSQec=,U1R+O2HCceySikfn0hnxWZ554mw=
-6,-28,8DZ4nPLjzjLw6c5oYMmJm7sSQec=,U1R+O2HCceySikfn0hnxWZ554mw=
-7,-28,JrthnxUwOZsMaU643CUpYNggbMM=,U1R+O2HCceySikfn0hnxWZ554mw=
-3,-29,JrthnxUwOZsMaU643CUpYNggbMM=,U1R+O2HCceySikfn0hnxWZ554mw=
-4,-29,JrthnxUwOZsMaU643CUpYNggbMM=,U1R+O2HCceySikfn0hnxWZ554mw=
-5,-29,JrthnxUwOZsMaU643CUpYNggbMM=,U1R+O2HCceySikfn0hnxWZ554mw=
-2,-29,JrthnxUwOZsMaU643CUpYNggbMM=,U1R+O2HCceySikfn0hnxWZ554mw=
-6,-29,JrthnxUwOZsMaU643CUpYNggbMM=,U1R+O2HCceySikfn0hnxWZ554mw=
-7,-29,JrthnxUwOZsMaU643CUpYNggbMM=,U1R+O2HCceySikfn0hnxWZ554mw=
-7,-20,JrthnxUwOZsMaU643CUpYNggbMM=,l8RwEtmKm1eefVuMesQ3EtDbGhQ=
-12,-21,JrthnxUwOZsMaU643CUpYNggbMM=,KsMa6jTzCeXoZZi8XYlaSDc+2DA=
-6,-20,JrthnxUwOZsMaU643CUpYNggbMM=,l8RwEtmKm1eefVuMesQ3EtDbGhQ=
-8,-20,JrthnxUwOZsMaU643CUpYNggbMM=,l8RwEtmKm1eefVuMesQ3EtDbGhQ=
-5,-25,JrthnxUwOZsMaU643CUpYNggbMM=,U1R+O2HCceySikfn0hnxWZ554mw=
-4,-25,JrthnxUwOZsMaU643CUpYNggbMM=,U1R+O2HCceySikfn0hnxWZ554mw=
-11,-21,JrthnxUwOZsMaU643CUpYNggbMM=,KsMa6jTzCeXoZZi8XYlaSDc+2DA=
-3,-18,JrthnxUwOZsMaU643CUpYNggbMM=,l8RwEtmKm1eefVuMesQ3EtDbGhQ=
-7,-25,JrthnxUwOZsMaU643CUpYNggbMM=,U1R+O2HCceySikfn0hnxWZ554mw=
-3,-25,JrthnxUwOZsMaU643CUpYNggbMM=,U1R+O2HCceySikfn0hnxWZ554mw=
-6,-25,JrthnxUwOZsMaU643CUpYNggbMM=,U1R+O2HCceySikfn0hnxWZ554mw=
-2,-30,JrthnxUwOZsMaU643CUpYNggbMM=,U1R+O2HCceySikfn0hnxWZ554mw=
-8,-18,JrthnxUwOZsMaU643CUpYNggbMM=,l8RwEtmKm1eefVuMesQ3EtDbGhQ=
-10,-21,JrthnxUwOZsMaU643CUpYNggbMM=,KsMa6jTzCeXoZZi8XYlaSDc+2DA=
-6,-22,JrthnxUwOZsMaU643CUpYNggbMM=,l8RwEtmKm1eefVuMesQ3EtDbGhQ=
-2,-20,JrthnxUwOZsMaU643CUpYNggbMM=,l8RwEtmKm1eefVuMesQ3EtDbGhQ=
-9,-21,JrthnxUwOZsMaU643CUpYNggbMM=,KsMa6jTzCeXoZZi8XYlaSDc+2DA=
-6,-21,JrthnxUwOZsMaU643CUpYNggbMM=,l8RwEtmKm1eefVuMesQ3EtDbGhQ=
-8,-22,JrthnxUwOZsMaU643CUpYNggbMM=,l8RwEtmKm1eefVuMesQ3EtDbGhQ=
-4,-24,JrthnxUwOZsMaU643CUpYNggbMM=,l8RwEtmKm1eefVuMesQ3EtDbGhQ=
-2,-19,JrthnxUwOZsMaU643CUpYNggbMM=,l8RwEtmKm1eefVuMesQ3EtDbGhQ=
-15,-20,JrthnxUwOZsMaU643CUpYNggbMM=,KsMa6jTzCeXoZZi8XYlaSDc+2DA=
-7,-21,JrthnxUwOZsMaU643CUpYNggbMM=,l8RwEtmKm1eefVuMesQ3EtDbGhQ=
-4,-18,JrthnxUwOZsMaU643CUpYNggbMM=,l8RwEtmKm1eefVuMesQ3EtDbGhQ=
-3,-20,JrthnxUwOZsMaU643CUpYNggbMM=,l8RwEtmKm1eefVuMesQ3EtDbGhQ=
-4,-23,JrthnxUwOZsMaU643CUpYNggbMM=,l8RwEtmKm1eefVuMesQ3EtDbGhQ=
-14,-20,JrthnxUwOZsMaU643CUpYNggbMM=,KsMa6jTzCeXoZZi8XYlaSDc+2DA=
-5,-18,JrthnxUwOZsMaU643CUpYNggbMM=,l8RwEtmKm1eefVuMesQ3EtDbGhQ=
-4,-20,JrthnxUwOZsMaU643CUpYNggbMM=,l8RwEtmKm1eefVuMesQ3EtDbGhQ=
-5,-21,JrthnxUwOZsMaU643CUpYNggbMM=,l8RwEtmKm1eefVuMesQ3EtDbGhQ=
-5,-20,JrthnxUwOZsMaU643CUpYNggbMM=,l8RwEtmKm1eefVuMesQ3EtDbGhQ=
-8,-19,JrthnxUwOZsMaU643CUpYNggbMM=,l8RwEtmKm1eefVuMesQ3EtDbGhQ=
-6,-24,JrthnxUwOZsMaU643CUpYNggbMM=,l8RwEtmKm1eefVuMesQ3EtDbGhQ=
-3,-23,JrthnxUwOZsMaU643CUpYNggbMM=,l8RwEtmKm1eefVuMesQ3EtDbGhQ=
-4,-19,JrthnxUwOZsMaU643CUpYNggbMM=,l8RwEtmKm1eefVuMesQ3EtDbGhQ=
-2,-18,JrthnxUwOZsMaU643CUpYNggbMM=,l8RwEtmKm1eefVuMesQ3EtDbGhQ=
-13,-20,JrthnxUwOZsMaU643CUpYNggbMM=,KsMa6jTzCeXoZZi8XYlaSDc+2DA=
-3,-19,JrthnxUwOZsMaU643CUpYNggbMM=,l8RwEtmKm1eefVuMesQ3EtDbGhQ=
-2,-22,JrthnxUwOZsMaU643CUpYNggbMM=,l8RwEtmKm1eefVuMesQ3EtDbGhQ=
-2,-23,JrthnxUwOZsMaU643CUpYNggbMM=,l8RwEtmKm1eefVuMesQ3EtDbGhQ=
-2,-21,JrthnxUwOZsMaU643CUpYNggbMM=,l8RwEtmKm1eefVuMesQ3EtDbGhQ=
-5,-19,JrthnxUwOZsMaU643CUpYNggbMM=,l8RwEtmKm1eefVuMesQ3EtDbGhQ=
-6,-18,JrthnxUwOZsMaU643CUpYNggbMM=,l8RwEtmKm1eefVuMesQ3EtDbGhQ=
-4,-21,JrthnxUwOZsMaU643CUpYNggbMM=,l8RwEtmKm1eefVuMesQ3EtDbGhQ=
-12,-20,JrthnxUwOZsMaU643CUpYNggbMM=,KsMa6jTzCeXoZZi8XYlaSDc+2DA=
-3,-21,JrthnxUwOZsMaU643CUpYNggbMM=,l8RwEtmKm1eefVuMesQ3EtDbGhQ=
-3,-22,JrthnxUwOZsMaU643CUpYNggbMM=,l8RwEtmKm1eefVuMesQ3EtDbGhQ=
-2,-25,JrthnxUwOZsMaU643CUpYNggbMM=,U1R+O2HCceySikfn0hnxWZ554mw=
-8,-23,JrthnxUwOZsMaU643CUpYNggbMM=,l8RwEtmKm1eefVuMesQ3EtDbGhQ=
-6,-19,JrthnxUwOZsMaU643CUpYNggbMM=,l8RwEtmKm1eefVuMesQ3EtDbGhQ=
-12,-27,JrthnxUwOZsMaU643CUpYNggbMM=,QjVntQeNav0ULvcvLVnXddELx+k=
-13,-21,JrthnxUwOZsMaU643CUpYNggbMM=,KsMa6jTzCeXoZZi8XYlaSDc+2DA=
-13,-27,JrthnxUwOZsMaU643CUpYNggbMM=,QjVntQeNav0ULvcvLVnXddELx+k=
-14,-21,JrthnxUwOZsMaU643CUpYNggbMM=,KsMa6jTzCeXoZZi8XYlaSDc+2DA=
-7,-22,JrthnxUwOZsMaU643CUpYNggbMM=,l8RwEtmKm1eefVuMesQ3EtDbGhQ=
-11,-20,JrthnxUwOZsMaU643CUpYNggbMM=,KsMa6jTzCeXoZZi8XYlaSDc+2DA=
-11,-27,JrthnxUwOZsMaU643CUpYNggbMM=,QjVntQeNav0ULvcvLVnXddELx+k=
-5,-23,JrthnxUwOZsMaU643CUpYNggbMM=,l8RwEtmKm1eefVuMesQ3EtDbGhQ=
-6,-23,JrthnxUwOZsMaU643CUpYNggbMM=,l8RwEtmKm1eefVuMesQ3EtDbGhQ=
-14,-27,JrthnxUwOZsMaU643CUpYNggbMM=,QjVntQeNav0ULvcvLVnXddELx+k=
-7,-24,JrthnxUwOZsMaU643CUpYNggbMM=,l8RwEtmKm1eefVuMesQ3EtDbGhQ=
-10,-20,JrthnxUwOZsMaU643CUpYNggbMM=,KsMa6jTzCeXoZZi8XYlaSDc+2DA=
-7,-23,JrthnxUwOZsMaU643CUpYNggbMM=,l8RwEtmKm1eefVuMesQ3EtDbGhQ=
-8,-24,JrthnxUwOZsMaU643CUpYNggbMM=,l8RwEtmKm1eefVuMesQ3EtDbGhQ=
-15,-27,JrthnxUwOZsMaU643CUpYNggbMM=,QjVntQeNav0ULvcvLVnXddELx+k=
-15,-21,JrthnxUwOZsMaU643CUpYNggbMM=,KsMa6jTzCeXoZZi8XYlaSDc+2DA=
-5,-22,JrthnxUwOZsMaU643CUpYNggbMM=,l8RwEtmKm1eefVuMesQ3EtDbGhQ=
-9,-20,JrthnxUwOZsMaU643CUpYNggbMM=,KsMa6jTzCeXoZZi8XYlaSDc+2DA=
-10,-27,JrthnxUwOZsMaU643CUpYNggbMM=,QjVntQeNav0ULvcvLVnXddELx+k=
-3,-24,JrthnxUwOZsMaU643CUpYNggbMM=,l8RwEtmKm1eefVuMesQ3EtDbGhQ=
-2,-24,JrthnxUwOZsMaU643CUpYNggbMM=,l8RwEtmKm1eefVuMesQ3EtDbGhQ=
-4,-22,JrthnxUwOZsMaU643CUpYNggbMM=,l8RwEtmKm1eefVuMesQ3EtDbGhQ=
-7,-18,JrthnxUwOZsMaU643CUpYNggbMM=,l8RwEtmKm1eefVuMesQ3EtDbGhQ=
-7,-19,JrthnxUwOZsMaU643CUpYNggbMM=,l8RwEtmKm1eefVuMesQ3EtDbGhQ=
-15,-19,JrthnxUwOZsMaU643CUpYNggbMM=,KsMa6jTzCeXoZZi8XYlaSDc+2DA=
-9,-27,JrthnxUwOZsMaU643CUpYNggbMM=,QjVntQeNav0ULvcvLVnXddELx+k=
-8,-25,JrthnxUwOZsMaU643CUpYNggbMM=,U1R+O2HCceySikfn0hnxWZ554mw=
-9,-28,JrthnxUwOZsMaU643CUpYNggbMM=,QjVntQeNav0ULvcvLVnXddELx+k=
-5,-24,JrthnxUwOZsMaU643CUpYNggbMM=,l8RwEtmKm1eefVuMesQ3EtDbGhQ=
-3,-30,JrthnxUwOZsMaU643CUpYNggbMM=,U1R+O2HCceySikfn0hnxWZ554mw=
-14,-19,JrthnxUwOZsMaU643CUpYNggbMM=,KsMa6jTzCeXoZZi8XYlaSDc+2DA=
-15,-26,JrthnxUwOZsMaU643CUpYNggbMM=,QjVntQeNav0ULvcvLVnXddELx+k=
-4,-30,JrthnxUwOZsMaU643CUpYNggbMM=,U1R+O2HCceySikfn0hnxWZ554mw=
-13,-19,JrthnxUwOZsMaU643CUpYNggbMM=,KsMa6jTzCeXoZZi8XYlaSDc+2DA=
-10,-28,JrthnxUwOZsMaU643CUpYNggbMM=,QjVntQeNav0ULvcvLVnXddELx+k=
-14,-26,JrthnxUwOZsMaU643CUpYNggbMM=,QjVntQeNav0ULvcvLVnXddELx+k=
-11,-28,JrthnxUwOZsMaU643CUpYNggbMM=,QjVntQeNav0ULvcvLVnXddELx+k=
-12,-19,JrthnxUwOZsMaU643CUpYNggbMM=,KsMa6jTzCeXoZZi8XYlaSDc+2DA=
-12,-28,JrthnxUwOZsMaU643CUpYNggbMM=,QjVntQeNav0ULvcvLVnXddELx+k=
-13,-28,JrthnxUwOZsMaU643CUpYNggbMM=,QjVntQeNav0ULvcvLVnXddELx+k=
-1,-23,JrthnxUwOZsMaU643CUpYNggbMM=,l8RwEtmKm1eefVuMesQ3EtDbGhQ=
-8,-26,JrthnxUwOZsMaU643CUpYNggbMM=,U1R+O2HCceySikfn0hnxWZ554mw=
-13,-26,JrthnxUwOZsMaU643CUpYNggbMM=,QjVntQeNav0ULvcvLVnXddELx+k=
-14,-28,JrthnxUwOZsMaU643CUpYNggbMM=,QjVntQeNav0ULvcvLVnXddELx+k=
-11,-19,JrthnxUwOZsMaU643CUpYNggbMM=,KsMa6jTzCeXoZZi8XYlaSDc+2DA=
-5,-30,JrthnxUwOZsMaU643CUpYNggbMM=,U1R+O2HCceySikfn0hnxWZ554mw=
-15,-28,JrthnxUwOZsMaU643CUpYNggbMM=,QjVntQeNav0ULvcvLVnXddELx+k=
-1,-22,JrthnxUwOZsMaU643CUpYNggbMM=,l8RwEtmKm1eefVuMesQ3EtDbGhQ=
-8,-27,JrthnxUwOZsMaU643CUpYNggbMM=,U1R+O2HCceySikfn0hnxWZ554mw=
-12,-26,JrthnxUwOZsMaU643CUpYNggbMM=,QjVntQeNav0ULvcvLVnXddELx+k=
-9,-29,JrthnxUwOZsMaU643CUpYNggbMM=,QjVntQeNav0ULvcvLVnXddELx+k=
-10,-29,JrthnxUwOZsMaU643CUpYNggbMM=,QjVntQeNav0ULvcvLVnXddELx+k=
-6,-30,JrthnxUwOZsMaU643CUpYNggbMM=,U1R+O2HCceySikfn0hnxWZ554mw=
-1,-18,JrthnxUwOZsMaU643CUpYNggbMM=,l8RwEtmKm1eefVuMesQ3EtDbGhQ=
-10,-19,JrthnxUwOZsMaU643CUpYNggbMM=,KsMa6jTzCeXoZZi8XYlaSDc+2DA=
-8,-31,JrthnxUwOZsMaU643CUpYNggbMM=,U1R+O2HCceySikfn0hnxWZ554mw=
-13,-29,JrthnxUwOZsMaU643CUpYNggbMM=,QjVntQeNav0ULvcvLVnXddELx+k=
-12,-29,JrthnxUwOZsMaU643CUpYNggbMM=,QjVntQeNav0ULvcvLVnXddELx+k=
-14,-29,JrthnxUwOZsMaU643CUpYNggbMM=,QjVntQeNav0ULvcvLVnXddELx+k=
-15,-23,JrthnxUwOZsMaU643CUpYNggbMM=,KsMa6jTzCeXoZZi8XYlaSDc+2DA=
-1,-21,JrthnxUwOZsMaU643CUpYNggbMM=,l8RwEtmKm1eefVuMesQ3EtDbGhQ=
-11,-29,JrthnxUwOZsMaU643CUpYNggbMM=,QjVntQeNav0ULvcvLVnXddELx+k=
-9,-18,JrthnxUwOZsMaU643CUpYNggbMM=,KsMa6jTzCeXoZZi8XYlaSDc+2DA=
-15,-29,JrthnxUwOZsMaU643CUpYNggbMM=,QjVntQeNav0ULvcvLVnXddELx+k=
-9,-30,JrthnxUwOZsMaU643CUpYNggbMM=,QjVntQeNav0ULvcvLVnXddELx+k=
-1,-19,JrthnxUwOZsMaU643CUpYNggbMM=,l8RwEtmKm1eefVuMesQ3EtDbGhQ=
-7,-30,JrthnxUwOZsMaU643CUpYNggbMM=,U1R+O2HCceySikfn0hnxWZ554mw=
-14,-23,JrthnxUwOZsMaU643CUpYNggbMM=,KsMa6jTzCeXoZZi8XYlaSDc+2DA=
-10,-30,JrthnxUwOZsMaU643CUpYNggbMM=,QjVntQeNav0ULvcvLVnXddELx+k=
-11,-30,JrthnxUwOZsMaU643CUpYNggbMM=,QjVntQeNav0ULvcvLVnXddELx+k=
-2,-31,JrthnxUwOZsMaU643CUpYNggbMM=,U1R+O2HCceySikfn0hnxWZ554mw=
-12,-30,JrthnxUwOZsMaU643CUpYNggbMM=,QjVntQeNav0ULvcvLVnXddELx+k=
-1,-20,JrthnxUwOZsMaU643CUpYNggbMM=,l8RwEtmKm1eefVuMesQ3EtDbGhQ=
-13,-23,JrthnxUwOZsMaU643CUpYNggbMM=,KsMa6jTzCeXoZZi8XYlaSDc+2DA=
-13,-30,JrthnxUwOZsMaU643CUpYNggbMM=,QjVntQeNav0ULvcvLVnXddELx+k=
-5,-31,JrthnxUwOZsMaU643CUpYNggbMM=,U1R+O2HCceySikfn0hnxWZ554mw=
-14,-30,JrthnxUwOZsMaU643CUpYNggbMM=,QjVntQeNav0ULvcvLVnXddELx+k=
-4,-31,JrthnxUwOZsMaU643CUpYNggbMM=,U1R+O2HCceySikfn0hnxWZ554mw=
-12,-23,JrthnxUwOZsMaU643CUpYNggbMM=,KsMa6jTzCeXoZZi8XYlaSDc+2DA=
-11,-26,JrthnxUwOZsMaU643CUpYNggbMM=,QjVntQeNav0ULvcvLVnXddELx+k=
-11,-23,JrthnxUwOZsMaU643CUpYNggbMM=,KsMa6jTzCeXoZZi8XYlaSDc+2DA=
-15,-30,JrthnxUwOZsMaU643CUpYNggbMM=,QjVntQeNav0ULvcvLVnXddELx+k=
-6,-31,JrthnxUwOZsMaU643CUpYNggbMM=,U1R+O2HCceySikfn0hnxWZ554mw=
-10,-26,JrthnxUwOZsMaU643CUpYNggbMM=,QjVntQeNav0ULvcvLVnXddELx+k=
-10,-23,JrthnxUwOZsMaU643CUpYNggbMM=,KsMa6jTzCeXoZZi8XYlaSDc+2DA=
-9,-26,JrthnxUwOZsMaU643CUpYNggbMM=,QjVntQeNav0ULvcvLVnXddELx+k=
-8,-28,JrthnxUwOZsMaU643CUpYNggbMM=,U1R+O2HCceySikfn0hnxWZ554mw=
-9,-22,JrthnxUwOZsMaU643CUpYNggbMM=,KsMa6jTzCeXoZZi8XYlaSDc+2DA=
-9,-19,JrthnxUwOZsMaU643CUpYNggbMM=,KsMa6jTzCeXoZZi8XYlaSDc+2DA=
-10,-18,JrthnxUwOZsMaU643CUpYNggbMM=,KsMa6jTzCeXoZZi8XYlaSDc+2DA=
-9,-31,JrthnxUwOZsMaU643CUpYNggbMM=,QjVntQeNav0ULvcvLVnXddELx+k=
-1,-31,JrthnxUwOZsMaU643CUpYNggbMM=,U1R+O2HCceySikfn0hnxWZ554mw=
-8,-29,JrthnxUwOZsMaU643CUpYNggbMM=,U1R+O2HCceySikfn0hnxWZ554mw=
-9,-23,JrthnxUwOZsMaU643CUpYNggbMM=,KsMa6jTzCeXoZZi8XYlaSDc+2DA=
-15,-25,JrthnxUwOZsMaU643CUpYNggbMM=,QjVntQeNav0ULvcvLVnXddELx+k=
-8,-21,JrthnxUwOZsMaU643CUpYNggbMM=,l8RwEtmKm1eefVuMesQ3EtDbGhQ=
-10,-31,JrthnxUwOZsMaU643CUpYNggbMM=,QjVntQeNav0ULvcvLVnXddELx+k=
-15,-22,JrthnxUwOZsMaU643CUpYNggbMM=,KsMa6jTzCeXoZZi8XYlaSDc+2DA=
-1,-25,JrthnxUwOZsMaU643CUpYNggbMM=,U1R+O2HCceySikfn0hnxWZ554mw=
-1,-26,JrthnxUwOZsMaU643CUpYNggbMM=,U1R+O2HCceySikfn0hnxWZ554mw=
-8,-30,JrthnxUwOZsMaU643CUpYNggbMM=,U1R+O2HCceySikfn0hnxWZ554mw=
-11,-31,JrthnxUwOZsMaU643CUpYNggbMM=,QjVntQeNav0ULvcvLVnXddELx+k=
-12,-31,JrthnxUwOZsMaU643CUpYNggbMM=,QjVntQeNav0ULvcvLVnXddELx+k=
-14,-22,JrthnxUwOZsMaU643CUpYNggbMM=,KsMa6jTzCeXoZZi8XYlaSDc+2DA=
-9,-24,JrthnxUwOZsMaU643CUpYNggbMM=,KsMa6jTzCeXoZZi8XYlaSDc+2DA=
-3,-31,JrthnxUwOZsMaU643CUpYNggbMM=,U1R+O2HCceySikfn0hnxWZ554mw=
-14,-25,JrthnxUwOZsMaU643CUpYNggbMM=,QjVntQeNav0ULvcvLVnXddELx+k=
-1,-24,JrthnxUwOZsMaU643CUpYNggbMM=,l8RwEtmKm1eefVuMesQ3EtDbGhQ=
-10,-24,JrthnxUwOZsMaU643CUpYNggbMM=,KsMa6jTzCeXoZZi8XYlaSDc+2DA=
-11,-24,JrthnxUwOZsMaU643CUpYNggbMM=,KsMa6jTzCeXoZZi8XYlaSDc+2DA=
-13,-22,JrthnxUwOZsMaU643CUpYNggbMM=,KsMa6jTzCeXoZZi8XYlaSDc+2DA=
-11,-18,JrthnxUwOZsMaU643CUpYNggbMM=,KsMa6jTzCeXoZZi8XYlaSDc+2DA=
-13,-25,JrthnxUwOZsMaU643CUpYNggbMM=,QjVntQeNav0ULvcvLVnXddELx+k=
-12,-22,JrthnxUwOZsMaU643CUpYNggbMM=,KsMa6jTzCeXoZZi8XYlaSDc+2DA=
-1,-27,JrthnxUwOZsMaU643CUpYNggbMM=,U1R+O2HCceySikfn0hnxWZ554mw=
-1,-30,JrthnxUwOZsMaU643CUpYNggbMM=,U1R+O2HCceySikfn0hnxWZ554mw=
-12,-24,JrthnxUwOZsMaU643CUpYNggbMM=,KsMa6jTzCeXoZZi8XYlaSDc+2DA=
-13,-24,JrthnxUwOZsMaU643CUpYNggbMM=,KsMa6jTzCeXoZZi8XYlaSDc+2DA=
-12,-25,JrthnxUwOZsMaU643CUpYNggbMM=,QjVntQeNav0ULvcvLVnXddELx+k=
-15,-18,JrthnxUwOZsMaU643CUpYNggbMM=,KsMa6jTzCeXoZZi8XYlaSDc+2DA=
-12,-18,JrthnxUwOZsMaU643CUpYNggbMM=,KsMa6jTzCeXoZZi8XYlaSDc+2DA=
-1,-29,JrthnxUwOZsMaU643CUpYNggbMM=,U1R+O2HCceySikfn0hnxWZ554mw=
-1,-28,JrthnxUwOZsMaU643CUpYNggbMM=,U1R+O2HCceySikfn0hnxWZ554mw=
-11,-25,JrthnxUwOZsMaU643CUpYNggbMM=,QjVntQeNav0ULvcvLVnXddELx+k=
-14,-18,JrthnxUwOZsMaU643CUpYNggbMM=,KsMa6jTzCeXoZZi8XYlaSDc+2DA=
-10,-22,JrthnxUwOZsMaU643CUpYNggbMM=,KsMa6jTzCeXoZZi8XYlaSDc+2DA=
-13,-18,JrthnxUwOZsMaU643CUpYNggbMM=,KsMa6jTzCeXoZZi8XYlaSDc+2DA=
-7,-32,JrthnxUwOZsMaU643CUpYNggbMM=,U1R+O2HCceySikfn0hnxWZ554mw=
-10,-25,JrthnxUwOZsMaU643CUpYNggbMM=,QjVntQeNav0ULvcvLVnXddELx+k=
-2,-32,JrthnxUwOZsMaU643CUpYNggbMM=,U1R+O2HCceySikfn0hnxWZ554mw=
-6,-32,JrthnxUwOZsMaU643CUpYNggbMM=,U1R+O2HCceySikfn0hnxWZ554mw=
-14,-24,JrthnxUwOZsMaU643CUpYNggbMM=,KsMa6jTzCeXoZZi8XYlaSDc+2DA=
-9,-25,JrthnxUwOZsMaU643CUpYNggbMM=,QjVntQeNav0ULvcvLVnXddELx+k=
-11,-22,JrthnxUwOZsMaU643CUpYNggbMM=,KsMa6jTzCeXoZZi8XYlaSDc+2DA=
-5,-32,JrthnxUwOZsMaU643CUpYNggbMM=,U1R+O2HCceySikfn0hnxWZ554mw=
-15,-31,JrthnxUwOZsMaU643CUpYNggbMM=,QjVntQeNav0ULvcvLVnXddELx+k=
-13,-31,JrthnxUwOZsMaU643CUpYNggbMM=,QjVntQeNav0ULvcvLVnXddELx+k=
-4,-32,JrthnxUwOZsMaU643CUpYNggbMM=,U1R+O2HCceySikfn0hnxWZ554mw=
-14,-31,JrthnxUwOZsMaU643CUpYNggbMM=,QjVntQeNav0ULvcvLVnXddELx+k=
-3,-32,JrthnxUwOZsMaU643CUpYNggbMM=,U1R+O2HCceySikfn0hnxWZ554mw=
-16,-27,JrthnxUwOZsMaU643CUpYNggbMM=,QjVntQeNav0ULvcvLVnXddELx+k=
-16,-26,JrthnxUwOZsMaU643CUpYNggbMM=,QjVntQeNav0ULvcvLVnXddELx+k=
-15,-24,JrthnxUwOZsMaU643CUpYNggbMM=,KsMa6jTzCeXoZZi8XYlaSDc+2DA=
-16,-31,JrthnxUwOZsMaU643CUpYNggbMM=,QjVntQeNav0ULvcvLVnXddELx+k=
-16,-28,JrthnxUwOZsMaU643CUpYNggbMM=,QjVntQeNav0ULvcvLVnXddELx+k=
-16,-30,JrthnxUwOZsMaU643CUpYNggbMM=,QjVntQeNav0ULvcvLVnXddELx+k=
-16,-29,JrthnxUwOZsMaU643CUpYNggbMM=,QjVntQeNav0ULvcvLVnXddELx+k=
-16,-20,JrthnxUwOZsMaU643CUpYNggbMM=,KsMa6jTzCeXoZZi8XYlaSDc+2DA=
-15,-17,JrthnxUwOZsMaU643CUpYNggbMM=,KsMa6jTzCeXoZZi8XYlaSDc+2DA=
-16,-25,JrthnxUwOZsMaU643CUpYNggbMM=,QjVntQeNav0ULvcvLVnXddELx+k=
-14,-17,JrthnxUwOZsMaU643CUpYNggbMM=,KsMa6jTzCeXoZZi8XYlaSDc+2DA=
-16,-19,JrthnxUwOZsMaU643CUpYNggbMM=,KsMa6jTzCeXoZZi8XYlaSDc+2DA=
-10,-17,JrthnxUwOZsMaU643CUpYNggbMM=,KsMa6jTzCeXoZZi8XYlaSDc+2DA=
-8,-32,JrthnxUwOZsMaU643CUpYNggbMM=,U1R+O2HCceySikfn0hnxWZ554mw=
-11,-17,JrthnxUwOZsMaU643CUpYNggbMM=,KsMa6jTzCeXoZZi8XYlaSDc+2DA=
-13,-17,JrthnxUwOZsMaU643CUpYNggbMM=,KsMa6jTzCeXoZZi8XYlaSDc+2DA=
-4,-17,JrthnxUwOZsMaU643CUpYNggbMM=,l8RwEtmKm1eefVuMesQ3EtDbGhQ=
-12,-17,JrthnxUwOZsMaU643CUpYNggbMM=,KsMa6jTzCeXoZZi8XYlaSDc+2DA=
-16,-24,JrthnxUwOZsMaU643CUpYNggbMM=,KsMa6jTzCeXoZZi8XYlaSDc+2DA=
-15,-32,JrthnxUwOZsMaU643CUpYNggbMM=,QjVntQeNav0ULvcvLVnXddELx+k=
-9,-32,JrthnxUwOZsMaU643CUpYNggbMM=,QjVntQeNav0ULvcvLVnXddELx+k=
-10,-32,JrthnxUwOZsMaU643CUpYNggbMM=,QjVntQeNav0ULvcvLVnXddELx+k=
-16,-23,JrthnxUwOZsMaU643CUpYNggbMM=,KsMa6jTzCeXoZZi8XYlaSDc+2DA=
-11,-32,JrthnxUwOZsMaU643CUpYNggbMM=,QjVntQeNav0ULvcvLVnXddELx+k=
-14,-32,JrthnxUwOZsMaU643CUpYNggbMM=,QjVntQeNav0ULvcvLVnXddELx+k=
-12,-32,JrthnxUwOZsMaU643CUpYNggbMM=,QjVntQeNav0ULvcvLVnXddELx+k=
-3,-17,JrthnxUwOZsMaU643CUpYNggbMM=,l8RwEtmKm1eefVuMesQ3EtDbGhQ=
-9,-17,JrthnxUwOZsMaU643CUpYNggbMM=,KsMa6jTzCeXoZZi8XYlaSDc+2DA=
-16,-17,JrthnxUwOZsMaU643CUpYNggbMM=,KsMa6jTzCeXoZZi8XYlaSDc+2DA=
-16,-18,JrthnxUwOZsMaU643CUpYNggbMM=,KsMa6jTzCeXoZZi8XYlaSDc+2DA=
-13,-32,JrthnxUwOZsMaU643CUpYNggbMM=,QjVntQeNav0ULvcvLVnXddELx+k=
-2,-17,JrthnxUwOZsMaU643CUpYNggbMM=,l8RwEtmKm1eefVuMesQ3EtDbGhQ=
-5,-17,JrthnxUwOZsMaU643CUpYNggbMM=,l8RwEtmKm1eefVuMesQ3EtDbGhQ=
-16,-21,JrthnxUwOZsMaU643CUpYNggbMM=,KsMa6jTzCeXoZZi8XYlaSDc+2DA=
-8,-17,JrthnxUwOZsMaU643CUpYNggbMM=,l8RwEtmKm1eefVuMesQ3EtDbGhQ=
-16,-32,JrthnxUwOZsMaU643CUpYNggbMM=,QjVntQeNav0ULvcvLVnXddELx+k=
-1,-32,JrthnxUwOZsMaU643CUpYNggbMM=,U1R+O2HCceySikfn0hnxWZ554mw=
-7,-17,JrthnxUwOZsMaU643CUpYNggbMM=,l8RwEtmKm1eefVuMesQ3EtDbGhQ=
-6,-17,JrthnxUwOZsMaU643CUpYNggbMM=,l8RwEtmKm1eefVuMesQ3EtDbGhQ=
-1,-17,JrthnxUwOZsMaU643CUpYNggbMM=,l8RwEtmKm1eefVuMesQ3EtDbGhQ=
-16,-22,JrthnxUwOZsMaU643CUpYNggbMM=,KsMa6jTzCeXoZZi8XYlaSDc+2DA=
-18,-20,f65/dqshdondMwXbWqJQvkoUnXU=,Oc3f5YkJfX9qpE2sLtpQcX2Rhyg=
-23,-20,f65/dqshdondMwXbWqJQvkoUnXU=,Oc3f5YkJfX9qpE2sLtpQcX2Rhyg=
-22,-20,f65/dqshdondMwXbWqJQvkoUnXU=,Oc3f5YkJfX9qpE2sLtpQcX2Rhyg=
-23,-22,f65/dqshdondMwXbWqJQvkoUnXU=,Oc3f5YkJfX9qpE2sLtpQcX2Rhyg=
-22,-22,f65/dqshdondMwXbWqJQvkoUnXU=,Oc3f5YkJfX9qpE2sLtpQcX2Rhyg=
-21,-22,f65/dqshdondMwXbWqJQvkoUnXU=,Oc3f5YkJfX9qpE2sLtpQcX2Rhyg=
-19,-20,f65/dqshdondMwXbWqJQvkoUnXU=,Oc3f5YkJfX9qpE2sLtpQcX2Rhyg=
-20,-20,f65/dqshdondMwXbWqJQvkoUnXU=,Oc3f5YkJfX9qpE2sLtpQcX2Rhyg=
-21,-20,f65/dqshdondMwXbWqJQvkoUnXU=,Oc3f5YkJfX9qpE2sLtpQcX2Rhyg=
-18,-21,f65/dqshdondMwXbWqJQvkoUnXU=,Oc3f5YkJfX9qpE2sLtpQcX2Rhyg=
-23,-23,f65/dqshdondMwXbWqJQvkoUnXU=,Oc3f5YkJfX9qpE2sLtpQcX2Rhyg=
-18,-23,f65/dqshdondMwXbWqJQvkoUnXU=,Oc3f5YkJfX9qpE2sLtpQcX2Rhyg=
-20,-21,f65/dqshdondMwXbWqJQvkoUnXU=,Oc3f5YkJfX9qpE2sLtpQcX2Rhyg=
-21,-21,EqhK42lEih7IA/tcfe3Zz05o744=,Oc3f5YkJfX9qpE2sLtpQcX2Rhyg=
-22,-21,EqhK42lEih7IA/tcfe3Zz05o744=,Oc3f5YkJfX9qpE2sLtpQcX2Rhyg=
-23,-21,EqhK42lEih7IA/tcfe3Zz05o744=,Oc3f5YkJfX9qpE2sLtpQcX2Rhyg=
-19,-21,EqhK42lEih7IA/tcfe3Zz05o744=,Oc3f5YkJfX9qpE2sLtpQcX2Rhyg=
-19,-23,EqhK42lEih7IA/tcfe3Zz05o744=,Oc3f5YkJfX9qpE2sLtpQcX2Rhyg=
-21,-23,EqhK42lEih7IA/tcfe3Zz05o744=,Oc3f5YkJfX9qpE2sLtpQcX2Rhyg=
-18,-18,EqhK42lEih7IA/tcfe3Zz05o744=,Oc3f5YkJfX9qpE2sLtpQcX2Rhyg=
-20,-23,EqhK42lEih7IA/tcfe3Zz05o744=,Oc3f5YkJfX9qpE2sLtpQcX2Rhyg=
-19,-18,EqhK42lEih7IA/tcfe3Zz05o744=,Oc3f5YkJfX9qpE2sLtpQcX2Rhyg=
-21,-18,EqhK42lEih7IA/tcfe3Zz05o744=,Oc3f5YkJfX9qpE2sLtpQcX2Rhyg=
-20,-18,EqhK42lEih7IA/tcfe3Zz05o744=,Oc3f5YkJfX9qpE2sLtpQcX2Rhyg=
-20,-19,EqhK42lEih7IA/tcfe3Zz05o744=,Oc3f5YkJfX9qpE2sLtpQcX2Rhyg=
-22,-23,EqhK42lEih7IA/tcfe3Zz05o744=,Oc3f5YkJfX9qpE2sLtpQcX2Rhyg=
-21,-19,EqhK42lEih7IA/tcfe3Zz05o744=,Oc3f5YkJfX9qpE2sLtpQcX2Rhyg=
-23,-19,EqhK42lEih7IA/tcfe3Zz05o744=,Oc3f5YkJfX9qpE2sLtpQcX2Rhyg=
-18,-22,EqhK42lEih7IA/tcfe3Zz05o744=,Oc3f5YkJfX9qpE2sLtpQcX2Rhyg=
-22,-19,EqhK42lEih7IA/tcfe3Zz05o744=,Oc3f5YkJfX9qpE2sLtpQcX2Rhyg=
-18,-19,EqhK42lEih7IA/tcfe3Zz05o744=,Oc3f5YkJfX9qpE2sLtpQcX2Rhyg=
-19,-22,EqhK42lEih7IA/tcfe3Zz05o744=,Oc3f5YkJfX9qpE2sLtpQcX2Rhyg=
-19,-19,EqhK42lEih7IA/tcfe3Zz05o744=,Oc3f5YkJfX9qpE2sLtpQcX2Rhyg=
-20,-22,EqhK42lEih7IA/tcfe3Zz05o744=,Oc3f5YkJfX9qpE2sLtpQcX2Rhyg=
-23,-18,EqhK42lEih7IA/tcfe3Zz05o744=,Oc3f5YkJfX9qpE2sLtpQcX2Rhyg=
-22,-18,EqhK42lEih7IA/tcfe3Zz05o744=,Oc3f5YkJfX9qpE2sLtpQcX2Rhyg=
-18,-25,EqhK42lEih7IA/tcfe3Zz05o744=,bb7plr3PWQVmaktb05AFxzHI25w=
-18,-30,EqhK42lEih7IA/tcfe3Zz05o744=,bb7plr3PWQVmaktb05AFxzHI25w=
-20,-25,EqhK42lEih7IA/tcfe3Zz05o744=,bb7plr3PWQVmaktb05AFxzHI25w=
-21,-25,EqhK42lEih7IA/tcfe3Zz05o744=,bb7plr3PWQVmaktb05AFxzHI25w=
-22,-25,EqhK42lEih7IA/tcfe3Zz05o744=,bb7plr3PWQVmaktb05AFxzHI25w=
-17,-31,EqhK42lEih7IA/tcfe3Zz05o744=,bb7plr3PWQVmaktb05AFxzHI25w=
-20,-30,EqhK42lEih7IA/tcfe3Zz05o744=,bb7plr3PWQVmaktb05AFxzHI25w=
-17,-26,EqhK42lEih7IA/tcfe3Zz05o744=,bb7plr3PWQVmaktb05AFxzHI25w=
-19,-30,EqhK42lEih7IA/tcfe3Zz05o744=,bb7plr3PWQVmaktb05AFxzHI25w=
-22,-30,EqhK42lEih7IA/tcfe3Zz05o744=,bb7plr3PWQVmaktb05AFxzHI25w=
-21,-30,EqhK42lEih7IA/tcfe3Zz05o744=,bb7plr3PWQVmaktb05AFxzHI25w=
-23,-30,EqhK42lEih7IA/tcfe3Zz05o744=,bb7plr3PWQVmaktb05AFxzHI25w=
-18,-31,EqhK42lEih7IA/tcfe3Zz05o744=,bb7plr3PWQVmaktb05AFxzHI25w=
-17,-30,EqhK42lEih7IA/tcfe3Zz05o744=,bb7plr3PWQVmaktb05AFxzHI25w=
-17,-29,EqhK42lEih7IA/tcfe3Zz05o744=,bb7plr3PWQVmaktb05AFxzHI25w=
-23,-29,EqhK42lEih7IA/tcfe3Zz05o744=,bb7plr3PWQVmaktb05AFxzHI25w=
-17,-28,EqhK42lEih7IA/tcfe3Zz05o744=,bb7plr3PWQVmaktb05AFxzHI25w=
-22,-29,EqhK42lEih7IA/tcfe3Zz05o744=,bb7plr3PWQVmaktb05AFxzHI25w=
-21,-29,EqhK42lEih7IA/tcfe3Zz05o744=,bb7plr3PWQVmaktb05AFxzHI25w=
-23,-24,EqhK42lEih7IA/tcfe3Zz05o744=,Oc3f5YkJfX9qpE2sLtpQcX2Rhyg=
-23,-25,EqhK42lEih7IA/tcfe3Zz05o744=,bb7plr3PWQVmaktb05AFxzHI25w=
-20,-31,EqhK42lEih7IA/tcfe3Zz05o744=,bb7plr3PWQVmaktb05AFxzHI25w=
-20,-29,EqhK42lEih7IA/tcfe3Zz05o744=,bb7plr3PWQVmaktb05AFxzHI25w=
-21,-31,EqhK42lEih7IA/tcfe3Zz05o744=,bb7plr3PWQVmaktb05AFxzHI25w=
-22,-31,EqhK42lEih7IA/tcfe3Zz05o744=,bb7plr3PWQVmaktb05AFxzHI25w=
-19,-31,EqhK42lEih7IA/tcfe3Zz05o744=,bb7plr3PWQVmaktb05AFxzHI25w=
-21,-24,EqhK42lEih7IA/tcfe3Zz05o744=,Oc3f5YkJfX9qpE2sLtpQcX2Rhyg=
-18,-26,EqhK42lEih7IA/tcfe3Zz05o744=,bb7plr3PWQVmaktb05AFxzHI25w=
-19,-26,EqhK42lEih7IA/tcfe3Zz05o744=,bb7plr3PWQVmaktb05AFxzHI25w=
-20,-26,EqhK42lEih7IA/tcfe3Zz05o744=,bb7plr3PWQVmaktb05AFxzHI25w=
-21,-26,EqhK42lEih7IA/tcfe3Zz05o744=,bb7plr3PWQVmaktb05AFxzHI25w=
-22,-26,EqhK42lEih7IA/tcfe3Zz05o744=,bb7plr3PWQVmaktb05AFxzHI25w=
-18,-27,EqhK42lEih7IA/tcfe3Zz05o744=,bb7plr3PWQVmaktb05AFxzHI25w=
-19,-27,EqhK42lEih7IA/tcfe3Zz05o744=,bb7plr3PWQVmaktb05AFxzHI25w=
-17,-27,EqhK42lEih7IA/tcfe3Zz05o744=,bb7plr3PWQVmaktb05AFxzHI25w=
-20,-24,EqhK42lEih7IA/tcfe3Zz05o744=,Oc3f5YkJfX9qpE2sLtpQcX2Rhyg=
-23,-26,EqhK42lEih7IA/tcfe3Zz05o744=,bb7plr3PWQVmaktb05AFxzHI25w=
-21,-27,EqhK42lEih7IA/tcfe3Zz05o744=,bb7plr3PWQVmaktb05AFxzHI25w=
-20,-27,EqhK42lEih7IA/tcfe3Zz05o744=,bb7plr3PWQVmaktb05AFxzHI25w=
-19,-29,EqhK42lEih7IA/tcfe3Zz05o744=,bb7plr3PWQVmaktb05AFxzHI25w=
-22,-24,EqhK42lEih7IA/tcfe3Zz05o744=,Oc3f5YkJfX9qpE2sLtpQcX2Rhyg=
-22,-27,EqhK42lEih7IA/tcfe3Zz05o744=,bb7plr3PWQVmaktb05AFxzHI25w=
-23,-31,EqhK42lEih7IA/tcfe3Zz05o744=,bb7plr3PWQVmaktb05AFxzHI25w=
-18,-28,EqhK42lEih7IA/tcfe3Zz05o744=,bb7plr3PWQVmaktb05AFxzHI25w=
-19,-25,EqhK42lEih7IA/tcfe3Zz05o744=,bb7plr3PWQVmaktb05AFxzHI25w=
-23,-27,EqhK42lEih7IA/tcfe3Zz05o744=,bb7plr3PWQVmaktb05AFxzHI25w=
-19,-28,EqhK42lEih7IA/tcfe3Zz05o744=,bb7plr3PWQVmaktb05AFxzHI25w=
-18,-24,EqhK42lEih7IA/tcfe3Zz05o744=,Oc3f5YkJfX9qpE2sLtpQcX2Rhyg=
-20,-28,EqhK42lEih7IA/tcfe3Zz05o744=,bb7plr3PWQVmaktb05AFxzHI25w=
-21,-28,EqhK42lEih7IA/tcfe3Zz05o744=,bb7plr3PWQVmaktb05AFxzHI25w=
-22,-28,EqhK42lEih7IA/tcfe3Zz05o744=,bb7plr3PWQVmaktb05AFxzHI25w=
-18,-29,EqhK42lEih7IA/tcfe3Zz05o744=,bb7plr3PWQVmaktb05AFxzHI25w=
-19,-24,EqhK42lEih7IA/tcfe3Zz05o744=,Oc3f5YkJfX9qpE2sLtpQcX2Rhyg=
-23,-28,EqhK42lEih7IA/tcfe3Zz05o744=,bb7plr3PWQVmaktb05AFxzHI25w=
-28,-21,EqhK42lEih7IA/tcfe3Zz05o744=,g/wF6dzmkPcmHW+Ljbuc7+/mrKM=
-29,-21,EqhK42lEih7IA/tcfe3Zz05o744=,g/wF6dzmkPcmHW+Ljbuc7+/mrKM=
-24,-20,EqhK42lEih7IA/tcfe3Zz05o744=,Oc3f5YkJfX9qpE2sLtpQcX2Rhyg=
-27,-21,EqhK42lEih7IA/tcfe3Zz05o744=,g/wF6dzmkPcmHW+Ljbuc7+/mrKM=
-26,-17,EqhK42lEih7IA/tcfe3Zz05o744=,g/wF6dzmkPcmHW+Ljbuc7+/mrKM=
-30,-21,EqhK42lEih7IA/tcfe3Zz05o744=,g/wF6dzmkPcmHW+Ljbuc7+/mrKM=
-27,-17,EqhK42lEih7IA/tcfe3Zz05o744=,g/wF6dzmkPcmHW+Ljbuc7+/mrKM=
-31,-21,EqhK42lEih7IA/tcfe3Zz05o744=,g/wF6dzmkPcmHW+Ljbuc7+/mrKM=
-32,-21,EqhK42lEih7IA/tcfe3Zz05o744=,g/wF6dzmkPcmHW+Ljbuc7+/mrKM=
-26,-21,EqhK42lEih7IA/tcfe3Zz05o744=,g/wF6dzmkPcmHW+Ljbuc7+/mrKM=
-25,-22,EqhK42lEih7IA/tcfe3Zz05o744=,g/wF6dzmkPcmHW+Ljbuc7+/mrKM=
-27,-22,EqhK42lEih7IA/tcfe3Zz05o744=,g/wF6dzmkPcmHW+Ljbuc7+/mrKM=
-28,-22,EqhK42lEih7IA/tcfe3Zz05o744=,g/wF6dzmkPcmHW+Ljbuc7+/mrKM=
-24,-22,EqhK42lEih7IA/tcfe3Zz05o744=,Oc3f5YkJfX9qpE2sLtpQcX2Rhyg=
-28,-17,EqhK42lEih7IA/tcfe3Zz05o744=,g/wF6dzmkPcmHW+Ljbuc7+/mrKM=
-26,-22,EqhK42lEih7IA/tcfe3Zz05o744=,g/wF6dzmkPcmHW+Ljbuc7+/mrKM=
-29,-22,EqhK42lEih7IA/tcfe3Zz05o744=,g/wF6dzmkPcmHW+Ljbuc7+/mrKM=
-30,-22,EqhK42lEih7IA/tcfe3Zz05o744=,g/wF6dzmkPcmHW+Ljbuc7+/mrKM=
-25,-21,EqhK42lEih7IA/tcfe3Zz05o744=,g/wF6dzmkPcmHW+Ljbuc7+/mrKM=
-31,-22,EqhK42lEih7IA/tcfe3Zz05o744=,g/wF6dzmkPcmHW+Ljbuc7+/mrKM=
-30,-17,EqhK42lEih7IA/tcfe3Zz05o744=,g/wF6dzmkPcmHW+Ljbuc7+/mrKM=
-32,-22,EqhK42lEih7IA/tcfe3Zz05o744=,g/wF6dzmkPcmHW+Ljbuc7+/mrKM=
-32,-20,EqhK42lEih7IA/tcfe3Zz05o744=,g/wF6dzmkPcmHW+Ljbuc7+/mrKM=
-25,-23,EqhK42lEih7IA/tcfe3Zz05o744=,g/wF6dzmkPcmHW+Ljbuc7+/mrKM=
-24,-29,EqhK42lEih7IA/tcfe3Zz05o744=,bb7plr3PWQVmaktb05AFxzHI25w=
-26,-23,EqhK42lEih7IA/tcfe3Zz05o744=,g/wF6dzmkPcmHW+Ljbuc7+/mrKM=
-31,-17,EqhK42lEih7IA/tcfe3Zz05o744=,g/wF6dzmkPcmHW+Ljbuc7+/mrKM=
-31,-20,EqhK42lEih7IA/tcfe3Zz05o744=,g/wF6dzmkPcmHW+Ljbuc7+/mrKM=
-27,-23,EqhK42lEih7IA/tcfe3Zz05o744=,g/wF6dzmkPcmHW+Ljbuc7+/mrKM=
-24,-24,EqhK42lEih7IA/tcfe3Zz05o744=,Oc3f5YkJfX9qpE2sLtpQcX2Rhyg=
-25,-18,EqhK42lEih7IA/tcfe3Zz05o744=,g/wF6dzmkPcmHW+Ljbuc7+/mrKM=
-28,-23,EqhK42lEih7IA/tcfe3Zz05o744=,g/wF6dzmkPcmHW+Ljbuc7+/mrKM=
-30,-20,EqhK42lEih7IA/tcfe3Zz05o744=,g/wF6dzmkPcmHW+Ljbuc7+/mrKM=
-29,-23,EqhK42lEih7IA/tcfe3Zz05o744=,g/wF6dzmkPcmHW+Ljbuc7+/mrKM=
-29,-17,EqhK42lEih7IA/tcfe3Zz05o744=,g/wF6dzmkPcmHW+Ljbuc7+/mrKM=
-28,-18,EqhK42lEih7IA/tcfe3Zz05o744=,g/wF6dzmkPcmHW+Ljbuc7+/mrKM=
-30,-18,EqhK42lEih7IA/tcfe3Zz05o744=,g/wF6dzmkPcmHW+Ljbuc7+/mrKM=
-31,-18,EqhK42lEih7IA/tcfe3Zz05o744=,g/wF6dzmkPcmHW+Ljbuc7+/mrKM=
-29,-27,EqhK42lEih7IA/tcfe3Zz05o744=,V7a133DFnc3m0Dd0iapfxvX16uQ=
-32,-26,EqhK42lEih7IA/tcfe3Zz05o744=,V7a133DFnc3m0Dd0iapfxvX16uQ=
-29,-18,EqhK42lEih7IA/tcfe3Zz05o744=,g/wF6dzmkPcmHW+Ljbuc7+/mrKM=
-30,-27,EqhK42lEih7IA/tcfe3Zz05o744=,V7a133DFnc3m0Dd0iapfxvX16uQ=
-32,-27,EqhK42lEih7IA/tcfe3Zz05o744=,V7a133DFnc3m0Dd0iapfxvX16uQ=
-32,-25,EqhK42lEih7IA/tcfe3Zz05o744=,V7a133DFnc3m0Dd0iapfxvX16uQ=
-28,-27,EqhK42lEih7IA/tcfe3Zz05o744=,V7a133DFnc3m0Dd0iapfxvX16uQ=
-32,-28,EqhK42lEih7IA/tcfe3Zz05o744=,V7a133DFnc3m0Dd0iapfxvX16uQ=
-31,-23,EqhK42lEih7IA/tcfe3Zz05o744=,g/wF6dzmkPcmHW+Ljbuc7+/mrKM=
-32,-31,EqhK42lEih7IA/tcfe3Zz05o744=,V7a133DFnc3m0Dd0iapfxvX16uQ=
-32,-23,EqhK42lEih7IA/tcfe3Zz05o744=,g/wF6dzmkPcmHW+Ljbuc7+/mrKM=
-27,-27,EqhK42lEih7IA/tcfe3Zz05o744=,V7a133DFnc3m0Dd0iapfxvX16uQ=
-24,-21,EqhK42lEih7IA/tcfe3Zz05o744=,Oc3f5YkJfX9qpE2sLtpQcX2Rhyg=
-32,-29,EqhK42lEih7IA/tcfe3Zz05o744=,V7a133DFnc3m0Dd0iapfxvX16uQ=
-32,-24,EqhK42lEih7IA/tcfe3Zz05o744=,g/wF6dzmkPcmHW+Ljbuc7+/mrKM=
-32,-18,EqhK42lEih7IA/tcfe3Zz05o744=,g/wF6dzmkPcmHW+Ljbuc7+/mrKM=
-26,-27,EqhK42lEih7IA/tcfe3Zz05o744=,V7a133DFnc3m0Dd0iapfxvX16uQ=
-25,-19,EqhK42lEih7IA/tcfe3Zz05o744=,g/wF6dzmkPcmHW+Ljbuc7+/mrKM=
-26,-19,EqhK42lEih7IA/tcfe3Zz05o744=,g/wF6dzmkPcmHW+Ljbuc7+/mrKM=
-25,-27,EqhK42lEih7IA/tcfe3Zz05o744=,V7a133DFnc3m0Dd0iapfxvX16uQ=
-24,-23,EqhK42lEih7IA/tcfe3Zz05o744=,Oc3f5YkJfX9qpE2sLtpQcX2Rhyg=
-25,-28,EqhK42lEih7IA/tcfe3Zz05o744=,V7a133DFnc3m0Dd0iapfxvX16uQ=
-27,-19,EqhK42lEih7IA/tcfe3Zz05o744=,g/wF6dzmkPcmHW+Ljbuc7+/mrKM=
-31,-27,EqhK42lEih7IA/tcfe3Zz05o744=,V7a133DFnc3m0Dd0iapfxvX16uQ=
-28,-19,EqhK42lEih7IA/tcfe3Zz05o744=,g/wF6dzmkPcmHW+Ljbuc7+/mrKM=
-30,-19,EqhK42lEih7IA/tcfe3Zz05o744=,g/wF6dzmkPcmHW+Ljbuc7+/mrKM=
-31,-19,EqhK42lEih7IA/tcfe3Zz05o744=,g/wF6dzmkPcmHW+Ljbuc7+/mrKM=
-29,-19,EqhK42lEih7IA/tcfe3Zz05o744=,g/wF6dzmkPcmHW+Ljbuc7+/mrKM=
-32,-19,EqhK42lEih7IA/tcfe3Zz05o744=,g/wF6dzmkPcmHW+Ljbuc7+/mrKM=
-25,-20,EqhK42lEih7IA/tcfe3Zz05o744=,g/wF6dzmkPcmHW+Ljbuc7+/mrKM=
-31,-26,EqhK42lEih7IA/tcfe3Zz05o744=,V7a133DFnc3m0Dd0iapfxvX16uQ=
-26,-20,EqhK42lEih7IA/tcfe3Zz05o744=,g/wF6dzmkPcmHW+Ljbuc7+/mrKM=
-27,-20,EqhK42lEih7IA/tcfe3Zz05o744=,g/wF6dzmkPcmHW+Ljbuc7+/mrKM=
-26,-28,EqhK42lEih7IA/tcfe3Zz05o744=,V7a133DFnc3m0Dd0iapfxvX16uQ=
-24,-18,EqhK42lEih7IA/tcfe3Zz05o744=,Oc3f5YkJfX9qpE2sLtpQcX2Rhyg=
-30,-26,EqhK42lEih7IA/tcfe3Zz05o744=,V7a133DFnc3m0Dd0iapfxvX16uQ=
-28,-20,EqhK42lEih7IA/tcfe3Zz05o744=,g/wF6dzmkPcmHW+Ljbuc7+/mrKM=
-29,-20,EqhK42lEih7IA/tcfe3Zz05o744=,g/wF6dzmkPcmHW+Ljbuc7+/mrKM=
-27,-28,EqhK42lEih7IA/tcfe3Zz05o744=,V7a133DFnc3m0Dd0iapfxvX16uQ=
-28,-28,EqhK42lEih7IA/tcfe3Zz05o744=,V7a133DFnc3m0Dd0iapfxvX16uQ=
-29,-26,EqhK42lEih7IA/tcfe3Zz05o744=,V7a133DFnc3m0Dd0iapfxvX16uQ=
-29,-28,EqhK42lEih7IA/tcfe3Zz05o744=,V7a133DFnc3m0Dd0iapfxvX16uQ=
-30,-28,EqhK42lEih7IA/tcfe3Zz05o744=,V7a133DFnc3m0Dd0iapfxvX16uQ=
-31,-28,EqhK42lEih7IA/tcfe3Zz05o744=,V7a133DFnc3m0Dd0iapfxvX16uQ=
-28,-26,EqhK42lEih7IA/tcfe3Zz05o744=,V7a133DFnc3m0Dd0iapfxvX16uQ=
-24,-31,EqhK42lEih7IA/tcfe3Zz05o744=,bb7plr3PWQVmaktb05AFxzHI25w=
-26,-29,EqhK42lEih7IA/tcfe3Zz05o744=,V7a133DFnc3m0Dd0iapfxvX16uQ=
-25,-29,EqhK42lEih7IA/tcfe3Zz05o744=,V7a133DFnc3m0Dd0iapfxvX16uQ=
-27,-29,EqhK42lEih7IA/tcfe3Zz05o744=,V7a133DFnc3m0Dd0iapfxvX16uQ=
-24,-19,EqhK42lEih7IA/tcfe3Zz05o744=,Oc3f5YkJfX9qpE2sLtpQcX2Rhyg=
-24,-25,EqhK42lEih7IA/tcfe3Zz05o744=,bb7plr3PWQVmaktb05AFxzHI25w=
-26,-18,EqhK42lEih7IA/tcfe3Zz05o744=,g/wF6dzmkPcmHW+Ljbuc7+/mrKM=
-27,-18,EqhK42lEih7IA/tcfe3Zz05o744=,g/wF6dzmkPcmHW+Ljbuc7+/mrKM=
-24,-28,EqhK42lEih7IA/tcfe3Zz05o744=,bb7plr3PWQVmaktb05AFxzHI25w=
-29,-29,EqhK42lEih7IA/tcfe3Zz05o744=,V7a133DFnc3m0Dd0iapfxvX16uQ=
-25,-30,EqhK42lEih7IA/tcfe3Zz05o744=,V7a133DFnc3m0Dd0iapfxvX16uQ=
-30,-29,EqhK42lEih7IA/tcfe3Zz05o744=,V7a133DFnc3m0Dd0iapfxvX16uQ=
-26,-30,EqhK42lEih7IA/tcfe3Zz05o744=,V7a133DFnc3m0Dd0iapfxvX16uQ=
-27,-26,EqhK42lEih7IA/tcfe3Zz05o744=,V7a133DFnc3m0Dd0iapfxvX16uQ=
-31,-29,EqhK42lEih7IA/tcfe3Zz05o744=,V7a133DFnc3m0Dd0iapfxvX16uQ=
-28,-30,EqhK42lEih7IA/tcfe3Zz05o744=,V7a133DFnc3m0Dd0iapfxvX16uQ=
-27,-30,EqhK42lEih7IA/tcfe3Zz05o744=,V7a133DFnc3m0Dd0iapfxvX16uQ=
-26,-24,EqhK42lEih7IA/tcfe3Zz05o744=,g/wF6dzmkPcmHW+Ljbuc7+/mrKM=
-27,-24,EqhK42lEih7IA/tcfe3Zz05o744=,g/wF6dzmkPcmHW+Ljbuc7+/mrKM=
-24,-26,EqhK42lEih7IA/tcfe3Zz05o744=,bb7plr3PWQVmaktb05AFxzHI25w=
-30,-23,EqhK42lEih7IA/tcfe3Zz05o744=,g/wF6dzmkPcmHW+Ljbuc7+/mrKM=
-29,-30,EqhK42lEih7IA/tcfe3Zz05o744=,V7a133DFnc3m0Dd0iapfxvX16uQ=
-29,-24,EqhK42lEih7IA/tcfe3Zz05o744=,g/wF6dzmkPcmHW+Ljbuc7+/mrKM=
-30,-30,EqhK42lEih7IA/tcfe3Zz05o744=,V7a133DFnc3m0Dd0iapfxvX16uQ=
-30,-24,EqhK42lEih7IA/tcfe3Zz05o744=,g/wF6dzmkPcmHW+Ljbuc7+/mrKM=
-25,-31,EqhK42lEih7IA/tcfe3Zz05o744=,V7a133DFnc3m0Dd0iapfxvX16uQ=
-28,-24,EqhK42lEih7IA/tcfe3Zz05o744=,g/wF6dzmkPcmHW+Ljbuc7+/mrKM=
-25,-24,EqhK42lEih7IA/tcfe3Zz05o744=,g/wF6dzmkPcmHW+Ljbuc7+/mrKM=
-31,-30,EqhK42lEih7IA/tcfe3Zz05o744=,V7a133DFnc3m0Dd0iapfxvX16uQ=
-26,-26,EqhK42lEih7IA/tcfe3Zz05o744=,V7a133DFnc3m0Dd0iapfxvX16uQ=
-31,-24,EqhK42lEih7IA/tcfe3Zz05o744=,g/wF6dzmkPcmHW+Ljbuc7+/mrKM=
-27,-31,EqhK42lEih7IA/tcfe3Zz05o744=,V7a133DFnc3m0Dd0iapfxvX16uQ=
-26,-31,EqhK42lEih7IA/tcfe3Zz05o744=,V7a133DFnc3m0Dd0iapfxvX16uQ=
-29,-31,EqhK42lEih7IA/tcfe3Zz05o744=,V7a133DFnc3m0Dd0iapfxvX16uQ=
-31,-31,EqhK42lEih7IA/tcfe3Zz05o744=,V7a133DFnc3m0Dd0iapfxvX16uQ=
-25,-25,EqhK42lEih7IA/tcfe3Zz05o744=,V7a133DFnc3m0Dd0iapfxvX16uQ=
-30,-31,EqhK42lEih7IA/tcfe3Zz05o744=,V7a133DFnc3m0Dd0iapfxvX16uQ=
-26,-25,EqhK42lEih7IA/tcfe3Zz05o744=,V7a133DFnc3m0Dd0iapfxvX16uQ=
-25,-26,EqhK42lEih7IA/tcfe3Zz05o744=,V7a133DFnc3m0Dd0iapfxvX16uQ=
-27,-25,EqhK42lEih7IA/tcfe3Zz05o744=,V7a133DFnc3m0Dd0iapfxvX16uQ=
-32,-30,EqhK42lEih7IA/tcfe3Zz05o744=,V7a133DFnc3m0Dd0iapfxvX16uQ=
-28,-25,EqhK42lEih7IA/tcfe3Zz05o744=,V7a133DFnc3m0Dd0iapfxvX16uQ=
-30,-25,EqhK42lEih7IA/tcfe3Zz05o744=,V7a133DFnc3m0Dd0iapfxvX16uQ=
-24,-30,EqhK42lEih7IA/tcfe3Zz05o744=,bb7plr3PWQVmaktb05AFxzHI25w=
-28,-31,EqhK42lEih7IA/tcfe3Zz05o744=,V7a133DFnc3m0Dd0iapfxvX16uQ=
-31,-25,EqhK42lEih7IA/tcfe3Zz05o744=,V7a133DFnc3m0Dd0iapfxvX16uQ=
-28,-29,EqhK42lEih7IA/tcfe3Zz05o744=,V7a133DFnc3m0Dd0iapfxvX16uQ=
-24,-27,EqhK42lEih7IA/tcfe3Zz05o744=,bb7plr3PWQVmaktb05AFxzHI25w=
-29,-25,EqhK42lEih7IA/tcfe3Zz05o744=,V7a133DFnc3m0Dd0iapfxvX16uQ=
-17,-21,EqhK42lEih7IA/tcfe3Zz05o744=,Oc3f5YkJfX9qpE2sLtpQcX2Rhyg=
-17,-24,EqhK42lEih7IA/tcfe3Zz05o744=,Oc3f5YkJfX9qpE2sLtpQcX2Rhyg=
-17,-18,EqhK42lEih7IA/tcfe3Zz05o744=,Oc3f5YkJfX9qpE2sLtpQcX2Rhyg=
-17,-20,EqhK42lEih7IA/tcfe3Zz05o744=,Oc3f5YkJfX9qpE2sLtpQcX2Rhyg=
-17,-22,EqhK42lEih7IA/tcfe3Zz05o744=,Oc3f5YkJfX9qpE2sLtpQcX2Rhyg=
-17,-23,EqhK42lEih7IA/tcfe3Zz05o744=,Oc3f5YkJfX9qpE2sLtpQcX2Rhyg=
-17,-19,EqhK42lEih7IA/tcfe3Zz05o744=,Oc3f5YkJfX9qpE2sLtpQcX2Rhyg=
-17,-25,EqhK42lEih7IA/tcfe3Zz05o744=,bb7plr3PWQVmaktb05AFxzHI25w=
-32,-32,EqhK42lEih7IA/tcfe3Zz05o744=,V7a133DFnc3m0Dd0iapfxvX16uQ=
-26,-32,EqhK42lEih7IA/tcfe3Zz05o744=,V7a133DFnc3m0Dd0iapfxvX16uQ=
-27,-32,EqhK42lEih7IA/tcfe3Zz05o744=,V7a133DFnc3m0Dd0iapfxvX16uQ=
-31,-32,EqhK42lEih7IA/tcfe3Zz05o744=,V7a133DFnc3m0Dd0iapfxvX16uQ=
-28,-32,EqhK42lEih7IA/tcfe3Zz05o744=,V7a133DFnc3m0Dd0iapfxvX16uQ=
-29,-32,EqhK42lEih7IA/tcfe3Zz05o744=,V7a133DFnc3m0Dd0iapfxvX16uQ=
-25,-32,EqhK42lEih7IA/tcfe3Zz05o744=,V7a133DFnc3m0Dd0iapfxvX16uQ=
-32,-17,EqhK42lEih7IA/tcfe3Zz05o744=,g/wF6dzmkPcmHW+Ljbuc7+/mrKM=
-30,-32,EqhK42lEih7IA/tcfe3Zz05o744=,V7a133DFnc3m0Dd0iapfxvX16uQ=
-24,-32,EqhK42lEih7IA/tcfe3Zz05o744=,bb7plr3PWQVmaktb05AFxzHI25w=
-17,-32,EqhK42lEih7IA/tcfe3Zz05o744=,bb7plr3PWQVmaktb05AFxzHI25w=
-18,-32,EqhK42lEih7IA/tcfe3Zz05o744=,bb7plr3PWQVmaktb05AFxzHI25w=
-22,-32,EqhK42lEih7IA/tcfe3Zz05o744=,bb7plr3PWQVmaktb05AFxzHI25w=
-20,-32,EqhK42lEih7IA/tcfe3Zz05o744=,bb7plr3PWQVmaktb05AFxzHI25w=
-23,-32,EqhK42lEih7IA/tcfe3Zz05o744=,bb7plr3PWQVmaktb05AFxzHI25w=
-21,-32,EqhK42lEih7IA/tcfe3Zz05o744=,bb7plr3PWQVmaktb05AFxzHI25w=
-19,-32,EqhK42lEih7IA/tcfe3Zz05o744=,bb7plr3PWQVmaktb05AFxzHI25w=
-24,-17,EqhK42lEih7IA/tcfe3Zz05o744=,Oc3f5YkJfX9qpE2sLtpQcX2Rhyg=
-17,-17,EqhK42lEih7IA/tcfe3Zz05o744=,Oc3f5YkJfX9qpE2sLtpQcX2Rhyg=
-18,-17,EqhK42lEih7IA/tcfe3Zz05o744=,Oc3f5YkJfX9qpE2sLtpQcX2Rhyg=
-23,-17,EqhK42lEih7IA/tcfe3Zz05o744=,Oc3f5YkJfX9qpE2sLtpQcX2Rhyg=
-25,-17,EqhK42lEih7IA/tcfe3Zz05o744=,g/wF6dzmkPcmHW+Ljbuc7+/mrKM=
-19,-17,EqhK42lEih7IA/tcfe3Zz05o744=,Oc3f5YkJfX9qpE2sLtpQcX2Rhyg=
-20,-17,EqhK42lEih7IA/tcfe3Zz05o744=,Oc3f5YkJfX9qpE2sLtpQcX2Rhyg=
-21,-17,EqhK42lEih7IA/tcfe3Zz05o744=,Oc3f5YkJfX9qpE2sLtpQcX2Rhyg=
-22,-17,EqhK42lEih7IA/tcfe3Zz05o744=,Oc3f5YkJfX9qpE2sLtpQcX2Rhyg=
-23,-15,6V1tpXXRw/ZpS2eiYiXxAoemD80=,Oc3f5YkJfX9qpE2sLtpQcX2Rhyg=
-28,-11,6V1tpXXRw/ZpS2eiYiXxAoemD80=,g/wF6dzmkPcmHW+Ljbuc7+/mrKM=
-27,-11,6V1tpXXRw/ZpS2eiYiXxAoemD80=,g/wF6dzmkPcmHW+Ljbuc7+/mrKM=
-26,-11,6V1tpXXRw/ZpS2eiYiXxAoemD80=,g/wF6dzmkPcmHW+Ljbuc7+/mrKM=
-25,-11,6V1tpXXRw/ZpS2eiYiXxAoemD80=,g/wF6dzmkPcmHW+Ljbuc7+/mrKM=
-31,-10,6V1tpXXRw/ZpS2eiYiXxAoemD80=,g/wF6dzmkPcmHW+Ljbuc7+/mrKM=
-30,-10,6V1tpXXRw/ZpS2eiYiXxAoemD80=,g/wF6dzmkPcmHW+Ljbuc7+/mrKM=
-29,-10,6V1tpXXRw/ZpS2eiYiXxAoemD80=,g/wF6dzmkPcmHW+Ljbuc7+/mrKM=
-28,-10,fiACdrAOfPnVfSUQ9SfruOmuSZo=,g/wF6dzmkPcmHW+Ljbuc7+/mrKM=
-18,-10,fiACdrAOfPnVfSUQ9SfruOmuSZo=,Oc3f5YkJfX9qpE2sLtpQcX2Rhyg=
-27,-10,fiACdrAOfPnVfSUQ9SfruOmuSZo=,g/wF6dzmkPcmHW+Ljbuc7+/mrKM=
-19,-10,fiACdrAOfPnVfSUQ9SfruOmuSZo=,Oc3f5YkJfX9qpE2sLtpQcX2Rhyg=
-26,-10,fiACdrAOfPnVfSUQ9SfruOmuSZo=,g/wF6dzmkPcmHW+Ljbuc7+/mrKM=
-21,-10,fiACdrAOfPnVfSUQ9SfruOmuSZo=,Oc3f5YkJfX9qpE2sLtpQcX2Rhyg=
-20,-10,fiACdrAOfPnVfSUQ9SfruOmuSZo=,Oc3f5YkJfX9qpE2sLtpQcX2Rhyg=
-22,-10,fiACdrAOfPnVfSUQ9SfruOmuSZo=,Oc3f5YkJfX9qpE2sLtpQcX2Rhyg=
-25,-10,fiACdrAOfPnVfSUQ9SfruOmuSZo=,g/wF6dzmkPcmHW+Ljbuc7+/mrKM=
-29,-11,fiACdrAOfPnVfSUQ9SfruOmuSZo=,g/wF6dzmkPcmHW+Ljbuc7+/mrKM=
-30,-11,fiACdrAOfPnVfSUQ9SfruOmuSZo=,g/wF6dzmkPcmHW+Ljbuc7+/mrKM=
-18,-11,fiACdrAOfPnVfSUQ9SfruOmuSZo=,Oc3f5YkJfX9qpE2sLtpQcX2Rhyg=
-23,-10,fiACdrAOfPnVfSUQ9SfruOmuSZo=,Oc3f5YkJfX9qpE2sLtpQcX2Rhyg=
-24,-15,fiACdrAOfPnVfSUQ9SfruOmuSZo=,Oc3f5YkJfX9qpE2sLtpQcX2Rhyg=
-19,-11,fiACdrAOfPnVfSUQ9SfruOmuSZo=,Oc3f5YkJfX9qpE2sLtpQcX2Rhyg=
-25,-12,fiACdrAOfPnVfSUQ9SfruOmuSZo=,g/wF6dzmkPcmHW+Ljbuc7+/mrKM=
-31,-11,fiACdrAOfPnVfSUQ9SfruOmuSZo=,g/wF6dzmkPcmHW+Ljbuc7+/mrKM=
-20,-11,fiACdrAOfPnVfSUQ9SfruOmuSZo=,Oc3f5YkJfX9qpE2sLtpQcX2Rhyg=
-21,-11,fiACdrAOfPnVfSUQ9SfruOmuSZo=,Oc3f5YkJfX9qpE2sLtpQcX2Rhyg=
-22,-11,fiACdrAOfPnVfSUQ9SfruOmuSZo=,Oc3f5YkJfX9qpE2sLtpQcX2Rhyg=
-23,-11,fiACdrAOfPnVfSUQ9SfruOmuSZo=,Oc3f5YkJfX9qpE2sLtpQcX2Rhyg=
-18,-12,fiACdrAOfPnVfSUQ9SfruOmuSZo=,Oc3f5YkJfX9qpE2sLtpQcX2Rhyg=
-28,-5,fiACdrAOfPnVfSUQ9SfruOmuSZo=,01kkpHsd9P6tCjN6ZAP7IFSeMro=
-29,-5,fiACdrAOfPnVfSUQ9SfruOmuSZo=,01kkpHsd9P6tCjN6ZAP7IFSeMro=
-30,-5,fiACdrAOfPnVfSUQ9SfruOmuSZo=,01kkpHsd9P6tCjN6ZAP7IFSeMro=
-31,-5,fiACdrAOfPnVfSUQ9SfruOmuSZo=,01kkpHsd9P6tCjN6ZAP7IFSeMro=
-26,-6,Ltk62foYKVUpMRjJqqZlY2IrCew=,01kkpHsd9P6tCjN6ZAP7IFSeMro=
-27,-6,Ltk62foYKVUpMRjJqqZlY2IrCew=,01kkpHsd9P6tCjN6ZAP7IFSeMro=
-27,-5,Ltk62foYKVUpMRjJqqZlY2IrCew=,01kkpHsd9P6tCjN6ZAP7IFSeMro=
-19,-12,Ltk62foYKVUpMRjJqqZlY2IrCew=,Oc3f5YkJfX9qpE2sLtpQcX2Rhyg=
-20,-12,Ltk62foYKVUpMRjJqqZlY2IrCew=,Oc3f5YkJfX9qpE2sLtpQcX2Rhyg=
-28,-6,Ltk62foYKVUpMRjJqqZlY2IrCew=,01kkpHsd9P6tCjN6ZAP7IFSeMro=
-29,-6,Ltk62foYKVUpMRjJqqZlY2IrCew=,01kkpHsd9P6tCjN6ZAP7IFSeMro=
-30,-6,Ltk62foYKVUpMRjJqqZlY2IrCew=,01kkpHsd9P6tCjN6ZAP7IFSeMro=
-26,-5,Ltk62foYKVUpMRjJqqZlY2IrCew=,01kkpHsd9P6tCjN6ZAP7IFSeMro=
-31,-6,Ltk62foYKVUpMRjJqqZlY2IrCew=,01kkpHsd9P6tCjN6ZAP7IFSeMro=
-26,-7,Ltk62foYKVUpMRjJqqZlY2IrCew=,01kkpHsd9P6tCjN6ZAP7IFSeMro=
-27,-7,Ltk62foYKVUpMRjJqqZlY2IrCew=,01kkpHsd9P6tCjN6ZAP7IFSeMro=
-26,-2,Ltk62foYKVUpMRjJqqZlY2IrCew=,01kkpHsd9P6tCjN6ZAP7IFSeMro=
-27,-2,Ltk62foYKVUpMRjJqqZlY2IrCew=,01kkpHsd9P6tCjN6ZAP7IFSeMro=
-28,-7,Ltk62foYKVUpMRjJqqZlY2IrCew=,01kkpHsd9P6tCjN6ZAP7IFSeMro=
-31,-4,Ltk62foYKVUpMRjJqqZlY2IrCew=,01kkpHsd9P6tCjN6ZAP7IFSeMro=
-29,-7,Ltk62foYKVUpMRjJqqZlY2IrCew=,01kkpHsd9P6tCjN6ZAP7IFSeMro=
-30,-7,Ltk62foYKVUpMRjJqqZlY2IrCew=,01kkpHsd9P6tCjN6ZAP7IFSeMro=
-21,-12,Ltk62foYKVUpMRjJqqZlY2IrCew=,Oc3f5YkJfX9qpE2sLtpQcX2Rhyg=
-24,-14,Ltk62foYKVUpMRjJqqZlY2IrCew=,Oc3f5YkJfX9qpE2sLtpQcX2Rhyg=
-28,-2,Ltk62foYKVUpMRjJqqZlY2IrCew=,01kkpHsd9P6tCjN6ZAP7IFSeMro=
-30,-4,Ltk62foYKVUpMRjJqqZlY2IrCew=,01kkpHsd9P6tCjN6ZAP7IFSeMro=
-29,-2,Ltk62foYKVUpMRjJqqZlY2IrCew=,01kkpHsd9P6tCjN6ZAP7IFSeMro=
-30,-2,Ltk62foYKVUpMRjJqqZlY2IrCew=,01kkpHsd9P6tCjN6ZAP7IFSeMro=
-31,-15,Ltk62foYKVUpMRjJqqZlY2IrCew=,g/wF6dzmkPcmHW+Ljbuc7+/mrKM=
-31,-2,Ltk62foYKVUpMRjJqqZlY2IrCew=,01kkpHsd9P6tCjN6ZAP7IFSeMro=
-31,-9,Ltk62foYKVUpMRjJqqZlY2IrCew=,g/wF6dzmkPcmHW+Ljbuc7+/mrKM=
-18,-2,Ltk62foYKVUpMRjJqqZlY2IrCew=,Oc3f5YkJfX9qpE2sLtpQcX2Rhyg=
-30,-15,Ltk62foYKVUpMRjJqqZlY2IrCew=,g/wF6dzmkPcmHW+Ljbuc7+/mrKM=
-23,-7,Ltk62foYKVUpMRjJqqZlY2IrCew=,Oc3f5YkJfX9qpE2sLtpQcX2Rhyg=
-26,-12,Ltk62foYKVUpMRjJqqZlY2IrCew=,g/wF6dzmkPcmHW+Ljbuc7+/mrKM=
-30,-9,Ltk62foYKVUpMRjJqqZlY2IrCew=,g/wF6dzmkPcmHW+Ljbuc7+/mrKM=
-21,-9,Ltk62foYKVUpMRjJqqZlY2IrCew=,Oc3f5YkJfX9qpE2sLtpQcX2Rhyg=
-20,-9,Ltk62foYKVUpMRjJqqZlY2IrCew=,Oc3f5YkJfX9qpE2sLtpQcX2Rhyg=
-19,-2,Ltk62foYKVUpMRjJqqZlY2IrCew=,Oc3f5YkJfX9qpE2sLtpQcX2Rhyg=
-28,-15,Ltk62foYKVUpMRjJqqZlY2IrCew=,g/wF6dzmkPcmHW+Ljbuc7+/mrKM=
-22,-9,Ltk62foYKVUpMRjJqqZlY2IrCew=,Oc3f5YkJfX9qpE2sLtpQcX2Rhyg=
-29,-9,Ltk62foYKVUpMRjJqqZlY2IrCew=,g/wF6dzmkPcmHW+Ljbuc7+/mrKM=
-25,-5,Ltk62foYKVUpMRjJqqZlY2IrCew=,01kkpHsd9P6tCjN6ZAP7IFSeMro=
-27,-3,Ltk62foYKVUpMRjJqqZlY2IrCew=,01kkpHsd9P6tCjN6ZAP7IFSeMro=
-23,-9,Ltk62foYKVUpMRjJqqZlY2IrCew=,Oc3f5YkJfX9qpE2sLtpQcX2Rhyg=
-27,-15,Ltk62foYKVUpMRjJqqZlY2IrCew=,g/wF6dzmkPcmHW+Ljbuc7+/mrKM=
-28,-9,Ltk62foYKVUpMRjJqqZlY2IrCew=,g/wF6dzmkPcmHW+Ljbuc7+/mrKM=
-19,-9,Ltk62foYKVUpMRjJqqZlY2IrCew=,Oc3f5YkJfX9qpE2sLtpQcX2Rhyg=
-28,-3,Ltk62foYKVUpMRjJqqZlY2IrCew=,01kkpHsd9P6tCjN6ZAP7IFSeMro=
-20,-2,Ltk62foYKVUpMRjJqqZlY2IrCew=,Oc3f5YkJfX9qpE2sLtpQcX2Rhyg=
-26,-15,Ltk62foYKVUpMRjJqqZlY2IrCew=,g/wF6dzmkPcmHW+Ljbuc7+/mrKM=
-27,-12,Ltk62foYKVUpMRjJqqZlY2IrCew=,g/wF6dzmkPcmHW+Ljbuc7+/mrKM=
-27,-9,Ltk62foYKVUpMRjJqqZlY2IrCew=,g/wF6dzmkPcmHW+Ljbuc7+/mrKM=
-24,-9,Ltk62foYKVUpMRjJqqZlY2IrCew=,Oc3f5YkJfX9qpE2sLtpQcX2Rhyg=
-25,-15,Ltk62foYKVUpMRjJqqZlY2IrCew=,g/wF6dzmkPcmHW+Ljbuc7+/mrKM=
-22,-7,Ltk62foYKVUpMRjJqqZlY2IrCew=,Oc3f5YkJfX9qpE2sLtpQcX2Rhyg=
-24,-6,Ltk62foYKVUpMRjJqqZlY2IrCew=,Oc3f5YkJfX9qpE2sLtpQcX2Rhyg=
-26,-9,Ltk62foYKVUpMRjJqqZlY2IrCew=,g/wF6dzmkPcmHW+Ljbuc7+/mrKM=
-31,-14,Ltk62foYKVUpMRjJqqZlY2IrCew=,g/wF6dzmkPcmHW+Ljbuc7+/mrKM=
-26,-3,Ltk62foYKVUpMRjJqqZlY2IrCew=,01kkpHsd9P6tCjN6ZAP7IFSeMro=
-18,-9,Ltk62foYKVUpMRjJqqZlY2IrCew=,Oc3f5YkJfX9qpE2sLtpQcX2Rhyg=
-30,-14,Ltk62foYKVUpMRjJqqZlY2IrCew=,g/wF6dzmkPcmHW+Ljbuc7+/mrKM=
-23,-3,Ltk62foYKVUpMRjJqqZlY2IrCew=,Oc3f5YkJfX9qpE2sLtpQcX2Rhyg=
-24,-10,Ltk62foYKVUpMRjJqqZlY2IrCew=,Oc3f5YkJfX9qpE2sLtpQcX2Rhyg=
-29,-4,Ltk62foYKVUpMRjJqqZlY2IrCew=,01kkpHsd9P6tCjN6ZAP7IFSeMro=
-25,-6,Ltk62foYKVUpMRjJqqZlY2IrCew=,01kkpHsd9P6tCjN6ZAP7IFSeMro=
-22,-6,Ltk62foYKVUpMRjJqqZlY2IrCew=,Oc3f5YkJfX9qpE2sLtpQcX2Rhyg=
-24,-13,Ltk62foYKVUpMRjJqqZlY2IrCew=,Oc3f5YkJfX9qpE2sLtpQcX2Rhyg=
-21,-2,Ltk62foYKVUpMRjJqqZlY2IrCew=,Oc3f5YkJfX9qpE2sLtpQcX2Rhyg=
-22,-12,Ltk62foYKVUpMRjJqqZlY2IrCew=,Oc3f5YkJfX9qpE2sLtpQcX2Rhyg=
-23,-12,Ltk62foYKVUpMRjJqqZlY2IrCew=,Oc3f5YkJfX9qpE2sLtpQcX2Rhyg=
-20,-5,Ltk62foYKVUpMRjJqqZlY2IrCew=,Oc3f5YkJfX9qpE2sLtpQcX2Rhyg=
-29,-14,Ltk62foYKVUpMRjJqqZlY2IrCew=,g/wF6dzmkPcmHW+Ljbuc7+/mrKM=
-22,-2,Ltk62foYKVUpMRjJqqZlY2IrCew=,Oc3f5YkJfX9qpE2sLtpQcX2Rhyg=
-23,-2,Ltk62foYKVUpMRjJqqZlY2IrCew=,Oc3f5YkJfX9qpE2sLtpQcX2Rhyg=
-28,-12,Ltk62foYKVUpMRjJqqZlY2IrCew=,g/wF6dzmkPcmHW+Ljbuc7+/mrKM=
-19,-5,Ltk62foYKVUpMRjJqqZlY2IrCew=,Oc3f5YkJfX9qpE2sLtpQcX2Rhyg=
-28,-14,Ltk62foYKVUpMRjJqqZlY2IrCew=,g/wF6dzmkPcmHW+Ljbuc7+/mrKM=
-29,-12,Ltk62foYKVUpMRjJqqZlY2IrCew=,g/wF6dzmkPcmHW+Ljbuc7+/mrKM=
-29,-3,Ltk62foYKVUpMRjJqqZlY2IrCew=,01kkpHsd9P6tCjN6ZAP7IFSeMro=
-18,-3,Ltk62foYKVUpMRjJqqZlY2IrCew=,Oc3f5YkJfX9qpE2sLtpQcX2Rhyg=
-26,-8,Ltk62foYKVUpMRjJqqZlY2IrCew=,01kkpHsd9P6tCjN6ZAP7IFSeMro=
-31,-7,Ltk62foYKVUpMRjJqqZlY2IrCew=,01kkpHsd9P6tCjN6ZAP7IFSeMro=
-22,-4,Ltk62foYKVUpMRjJqqZlY2IrCew=,Oc3f5YkJfX9qpE2sLtpQcX2Rhyg=
-24,-8,Ltk62foYKVUpMRjJqqZlY2IrCew=,Oc3f5YkJfX9qpE2sLtpQcX2Rhyg=
-30,-12,Ltk62foYKVUpMRjJqqZlY2IrCew=,g/wF6dzmkPcmHW+Ljbuc7+/mrKM=
-23,-6,Ltk62foYKVUpMRjJqqZlY2IrCew=,Oc3f5YkJfX9qpE2sLtpQcX2Rhyg=
-24,-3,Ltk62foYKVUpMRjJqqZlY2IrCew=,Oc3f5YkJfX9qpE2sLtpQcX2Rhyg=
-22,-3,Ltk62foYKVUpMRjJqqZlY2IrCew=,Oc3f5YkJfX9qpE2sLtpQcX2Rhyg=
-18,-13,Ltk62foYKVUpMRjJqqZlY2IrCew=,Oc3f5YkJfX9qpE2sLtpQcX2Rhyg=
-25,-7,Ltk62foYKVUpMRjJqqZlY2IrCew=,01kkpHsd9P6tCjN6ZAP7IFSeMro=
-30,-3,Ltk62foYKVUpMRjJqqZlY2IrCew=,01kkpHsd9P6tCjN6ZAP7IFSeMro=
-31,-12,Ltk62foYKVUpMRjJqqZlY2IrCew=,g/wF6dzmkPcmHW+Ljbuc7+/mrKM=
-19,-13,Ltk62foYKVUpMRjJqqZlY2IrCew=,Oc3f5YkJfX9qpE2sLtpQcX2Rhyg=
-28,-8,Ltk62foYKVUpMRjJqqZlY2IrCew=,01kkpHsd9P6tCjN6ZAP7IFSeMro=
-27,-8,Ltk62foYKVUpMRjJqqZlY2IrCew=,01kkpHsd9P6tCjN6ZAP7IFSeMro=
-31,-3,Ltk62foYKVUpMRjJqqZlY2IrCew=,01kkpHsd9P6tCjN6ZAP7IFSeMro=
-25,-2,Ltk62foYKVUpMRjJqqZlY2IrCew=,01kkpHsd9P6tCjN6ZAP7IFSeMro=
-29,-8,Ltk62foYKVUpMRjJqqZlY2IrCew=,01kkpHsd9P6tCjN6ZAP7IFSeMro=
-19,-3,Ltk62foYKVUpMRjJqqZlY2IrCew=,Oc3f5YkJfX9qpE2sLtpQcX2Rhyg=
-30,-8,Ltk62foYKVUpMRjJqqZlY2IrCew=,01kkpHsd9P6tCjN6ZAP7IFSeMro=
-21,-6,Ltk62foYKVUpMRjJqqZlY2IrCew=,Oc3f5YkJfX9qpE2sLtpQcX2Rhyg=
-28,-4,Ltk62foYKVUpMRjJqqZlY2IrCew=,01kkpHsd9P6tCjN6ZAP7IFSeMro=
-31,-8,Ltk62foYKVUpMRjJqqZlY2IrCew=,01kkpHsd9P6tCjN6ZAP7IFSeMro=
-18,-5,Ltk62foYKVUpMRjJqqZlY2IrCew=,Oc3f5YkJfX9qpE2sLtpQcX2Rhyg=
-26,-4,Ltk62foYKVUpMRjJqqZlY2IrCew=,01kkpHsd9P6tCjN6ZAP7IFSeMro=
-27,-4,Ltk62foYKVUpMRjJqqZlY2IrCew=,01kkpHsd9P6tCjN6ZAP7IFSeMro=
-21,-5,Ltk62foYKVUpMRjJqqZlY2IrCew=,Oc3f5YkJfX9qpE2sLtpQcX2Rhyg=
-21,-4,Ltk62foYKVUpMRjJqqZlY2IrCew=,Oc3f5YkJfX9qpE2sLtpQcX2Rhyg=
-24,-4,Ltk62foYKVUpMRjJqqZlY2IrCew=,Oc3f5YkJfX9qpE2sLtpQcX2Rhyg=
-20,-13,Ltk62foYKVUpMRjJqqZlY2IrCew=,Oc3f5YkJfX9qpE2sLtpQcX2Rhyg=
-22,-5,Ltk62foYKVUpMRjJqqZlY2IrCew=,Oc3f5YkJfX9qpE2sLtpQcX2Rhyg=
-21,-7,Ltk62foYKVUpMRjJqqZlY2IrCew=,Oc3f5YkJfX9qpE2sLtpQcX2Rhyg=
-22,-13,Ltk62foYKVUpMRjJqqZlY2IrCew=,Oc3f5YkJfX9qpE2sLtpQcX2Rhyg=
-17,-2,Ltk62foYKVUpMRjJqqZlY2IrCew=,Oc3f5YkJfX9qpE2sLtpQcX2Rhyg=
-23,-5,Ltk62foYKVUpMRjJqqZlY2IrCew=,Oc3f5YkJfX9qpE2sLtpQcX2Rhyg=
-21,-13,Ltk62foYKVUpMRjJqqZlY2IrCew=,Oc3f5YkJfX9qpE2sLtpQcX2Rhyg=
-23,-4,Ltk62foYKVUpMRjJqqZlY2IrCew=,Oc3f5YkJfX9qpE2sLtpQcX2Rhyg=
-17,-3,Ltk62foYKVUpMRjJqqZlY2IrCew=,Oc3f5YkJfX9qpE2sLtpQcX2Rhyg=
-17,-5,Ltk62foYKVUpMRjJqqZlY2IrCew=,Oc3f5YkJfX9qpE2sLtpQcX2Rhyg=
-24,-11,Ltk62foYKVUpMRjJqqZlY2IrCew=,Oc3f5YkJfX9qpE2sLtpQcX2Rhyg=
-24,-2,Ltk62foYKVUpMRjJqqZlY2IrCew=,Oc3f5YkJfX9qpE2sLtpQcX2Rhyg=
-20,-6,Ltk62foYKVUpMRjJqqZlY2IrCew=,Oc3f5YkJfX9qpE2sLtpQcX2Rhyg=
-17,-7,Ltk62foYKVUpMRjJqqZlY2IrCew=,Oc3f5YkJfX9qpE2sLtpQcX2Rhyg=
-17,-4,Ltk62foYKVUpMRjJqqZlY2IrCew=,Oc3f5YkJfX9qpE2sLtpQcX2Rhyg=
-24,-5,Ltk62foYKVUpMRjJqqZlY2IrCew=,Oc3f5YkJfX9qpE2sLtpQcX2Rhyg=
-25,-13,Ltk62foYKVUpMRjJqqZlY2IrCew=,g/wF6dzmkPcmHW+Ljbuc7+/mrKM=
-26,-13,Ltk62foYKVUpMRjJqqZlY2IrCew=,g/wF6dzmkPcmHW+Ljbuc7+/mrKM=
-25,-9,Ltk62foYKVUpMRjJqqZlY2IrCew=,g/wF6dzmkPcmHW+Ljbuc7+/mrKM=
-17,-6,Ltk62foYKVUpMRjJqqZlY2IrCew=,Oc3f5YkJfX9qpE2sLtpQcX2Rhyg=
-18,-6,Ltk62foYKVUpMRjJqqZlY2IrCew=,Oc3f5YkJfX9qpE2sLtpQcX2Rhyg=
-18,-14,Ltk62foYKVUpMRjJqqZlY2IrCew=,Oc3f5YkJfX9qpE2sLtpQcX2Rhyg=
-27,-14,Ltk62foYKVUpMRjJqqZlY2IrCew=,g/wF6dzmkPcmHW+Ljbuc7+/mrKM=
-20,-4,Ltk62foYKVUpMRjJqqZlY2IrCew=,Oc3f5YkJfX9qpE2sLtpQcX2Rhyg=
-19,-14,Ltk62foYKVUpMRjJqqZlY2IrCew=,Oc3f5YkJfX9qpE2sLtpQcX2Rhyg=
-23,-13,Ltk62foYKVUpMRjJqqZlY2IrCew=,Oc3f5YkJfX9qpE2sLtpQcX2Rhyg=
-26,-14,Ltk62foYKVUpMRjJqqZlY2IrCew=,g/wF6dzmkPcmHW+Ljbuc7+/mrKM=
-25,-4,Ltk62foYKVUpMRjJqqZlY2IrCew=,01kkpHsd9P6tCjN6ZAP7IFSeMro=
-22,-14,Ltk62foYKVUpMRjJqqZlY2IrCew=,Oc3f5YkJfX9qpE2sLtpQcX2Rhyg=
-25,-14,Ltk62foYKVUpMRjJqqZlY2IrCew=,g/wF6dzmkPcmHW+Ljbuc7+/mrKM=
-21,-14,Ltk62foYKVUpMRjJqqZlY2IrCew=,Oc3f5YkJfX9qpE2sLtpQcX2Rhyg=
-19,-6,Ltk62foYKVUpMRjJqqZlY2IrCew=,Oc3f5YkJfX9qpE2sLtpQcX2Rhyg=
-19,-4,Ltk62foYKVUpMRjJqqZlY2IrCew=,Oc3f5YkJfX9qpE2sLtpQcX2Rhyg=
-23,-8,Ltk62foYKVUpMRjJqqZlY2IrCew=,Oc3f5YkJfX9qpE2sLtpQcX2Rhyg=
-24,-12,Ltk62foYKVUpMRjJqqZlY2IrCew=,Oc3f5YkJfX9qpE2sLtpQcX2Rhyg=
-23,-14,Ltk62foYKVUpMRjJqqZlY2IrCew=,Oc3f5YkJfX9qpE2sLtpQcX2Rhyg=
-18,-15,Ltk62foYKVUpMRjJqqZlY2IrCew=,Oc3f5YkJfX9qpE2sLtpQcX2Rhyg=
-20,-7,Ltk62foYKVUpMRjJqqZlY2IrCew=,Oc3f5YkJfX9qpE2sLtpQcX2Rhyg=
-20,-3,Ltk62foYKVUpMRjJqqZlY2IrCew=,Oc3f5YkJfX9qpE2sLtpQcX2Rhyg=
-19,-15,Ltk62foYKVUpMRjJqqZlY2IrCew=,Oc3f5YkJfX9qpE2sLtpQcX2Rhyg=
-29,-15,Ltk62foYKVUpMRjJqqZlY2IrCew=,g/wF6dzmkPcmHW+Ljbuc7+/mrKM=
-31,-13,Ltk62foYKVUpMRjJqqZlY2IrCew=,g/wF6dzmkPcmHW+Ljbuc7+/mrKM=
-21,-3,Ltk62foYKVUpMRjJqqZlY2IrCew=,Oc3f5YkJfX9qpE2sLtpQcX2Rhyg=
-17,-9,Ltk62foYKVUpMRjJqqZlY2IrCew=,Oc3f5YkJfX9qpE2sLtpQcX2Rhyg=
-20,-15,Ltk62foYKVUpMRjJqqZlY2IrCew=,Oc3f5YkJfX9qpE2sLtpQcX2Rhyg=
-21,-15,Ltk62foYKVUpMRjJqqZlY2IrCew=,Oc3f5YkJfX9qpE2sLtpQcX2Rhyg=
-30,-13,Ltk62foYKVUpMRjJqqZlY2IrCew=,g/wF6dzmkPcmHW+Ljbuc7+/mrKM=
-17,-15,Ltk62foYKVUpMRjJqqZlY2IrCew=,Oc3f5YkJfX9qpE2sLtpQcX2Rhyg=
-25,-8,Ltk62foYKVUpMRjJqqZlY2IrCew=,01kkpHsd9P6tCjN6ZAP7IFSeMro=
-24,-7,Ltk62foYKVUpMRjJqqZlY2IrCew=,Oc3f5YkJfX9qpE2sLtpQcX2Rhyg=
-27,-13,Ltk62foYKVUpMRjJqqZlY2IrCew=,g/wF6dzmkPcmHW+Ljbuc7+/mrKM=
-29,-13,Ltk62foYKVUpMRjJqqZlY2IrCew=,g/wF6dzmkPcmHW+Ljbuc7+/mrKM=
-17,-14,Ltk62foYKVUpMRjJqqZlY2IrCew=,Oc3f5YkJfX9qpE2sLtpQcX2Rhyg=
-19,-7,Ltk62foYKVUpMRjJqqZlY2IrCew=,Oc3f5YkJfX9qpE2sLtpQcX2Rhyg=
-18,-8,Ltk62foYKVUpMRjJqqZlY2IrCew=,Oc3f5YkJfX9qpE2sLtpQcX2Rhyg=
-19,-8,Ltk62foYKVUpMRjJqqZlY2IrCew=,Oc3f5YkJfX9qpE2sLtpQcX2Rhyg=
-22,-8,Ltk62foYKVUpMRjJqqZlY2IrCew=,Oc3f5YkJfX9qpE2sLtpQcX2Rhyg=
-28,-13,Ltk62foYKVUpMRjJqqZlY2IrCew=,g/wF6dzmkPcmHW+Ljbuc7+/mrKM=
-17,-8,Ltk62foYKVUpMRjJqqZlY2IrCew=,Oc3f5YkJfX9qpE2sLtpQcX2Rhyg=
-20,-8,Ltk62foYKVUpMRjJqqZlY2IrCew=,Oc3f5YkJfX9qpE2sLtpQcX2Rhyg=
-25,-3,Ltk62foYKVUpMRjJqqZlY2IrCew=,01kkpHsd9P6tCjN6ZAP7IFSeMro=
-17,-13,Ltk62foYKVUpMRjJqqZlY2IrCew=,Oc3f5YkJfX9qpE2sLtpQcX2Rhyg=
-21,-8,Ltk62foYKVUpMRjJqqZlY2IrCew=,Oc3f5YkJfX9qpE2sLtpQcX2Rhyg=
-17,-12,Ltk62foYKVUpMRjJqqZlY2IrCew=,Oc3f5YkJfX9qpE2sLtpQcX2Rhyg=
-17,-11,Ltk62foYKVUpMRjJqqZlY2IrCew=,Oc3f5YkJfX9qpE2sLtpQcX2Rhyg=
-18,-7,Ltk62foYKVUpMRjJqqZlY2IrCew=,Oc3f5YkJfX9qpE2sLtpQcX2Rhyg=
-18,-4,Ltk62foYKVUpMRjJqqZlY2IrCew=,Oc3f5YkJfX9qpE2sLtpQcX2Rhyg=
-23,-16,Ltk62foYKVUpMRjJqqZlY2IrCew=,Oc3f5YkJfX9qpE2sLtpQcX2Rhyg=
-17,-10,Ltk62foYKVUpMRjJqqZlY2IrCew=,Oc3f5YkJfX9qpE2sLtpQcX2Rhyg=
-22,-15,Ltk62foYKVUpMRjJqqZlY2IrCew=,Oc3f5YkJfX9qpE2sLtpQcX2Rhyg=
-20,-14,Ltk62foYKVUpMRjJqqZlY2IrCew=,Oc3f5YkJfX9qpE2sLtpQcX2Rhyg=
-20,-16,Ltk62foYKVUpMRjJqqZlY2IrCew=,Oc3f5YkJfX9qpE2sLtpQcX2Rhyg=
-22,-16,Ltk62foYKVUpMRjJqqZlY2IrCew=,Oc3f5YkJfX9qpE2sLtpQcX2Rhyg=
-24,-16,Ltk62foYKVUpMRjJqqZlY2IrCew=,Oc3f5YkJfX9qpE2sLtpQcX2Rhyg=
-18,-16,Ltk62foYKVUpMRjJqqZlY2IrCew=,Oc3f5YkJfX9qpE2sLtpQcX2Rhyg=
-31,-16,Ltk62foYKVUpMRjJqqZlY2IrCew=,g/wF6dzmkPcmHW+Ljbuc7+/mrKM=
-25,-16,Ltk62foYKVUpMRjJqqZlY2IrCew=,g/wF6dzmkPcmHW+Ljbuc7+/mrKM=
-30,-16,Ltk62foYKVUpMRjJqqZlY2IrCew=,g/wF6dzmkPcmHW+Ljbuc7+/mrKM=
-26,-16,Ltk62foYKVUpMRjJqqZlY2IrCew=,g/wF6dzmkPcmHW+Ljbuc7+/mrKM=
-31,-1,Ltk62foYKVUpMRjJqqZlY2IrCew=,01kkpHsd9P6tCjN6ZAP7IFSeMro=
-27,-16,Ltk62foYKVUpMRjJqqZlY2IrCew=,g/wF6dzmkPcmHW+Ljbuc7+/mrKM=
-30,-1,Ltk62foYKVUpMRjJqqZlY2IrCew=,01kkpHsd9P6tCjN6ZAP7IFSeMro=
-29,-1,Ltk62foYKVUpMRjJqqZlY2IrCew=,01kkpHsd9P6tCjN6ZAP7IFSeMro=
-28,-1,Ltk62foYKVUpMRjJqqZlY2IrCew=,01kkpHsd9P6tCjN6ZAP7IFSeMro=
-27,-1,Ltk62foYKVUpMRjJqqZlY2IrCew=,01kkpHsd9P6tCjN6ZAP7IFSeMro=
-32,-4,Ltk62foYKVUpMRjJqqZlY2IrCew=,01kkpHsd9P6tCjN6ZAP7IFSeMro=
-26,-1,Ltk62foYKVUpMRjJqqZlY2IrCew=,01kkpHsd9P6tCjN6ZAP7IFSeMro=
-19,-16,Ltk62foYKVUpMRjJqqZlY2IrCew=,Oc3f5YkJfX9qpE2sLtpQcX2Rhyg=
-32,-3,Ltk62foYKVUpMRjJqqZlY2IrCew=,01kkpHsd9P6tCjN6ZAP7IFSeMro=
-32,-7,Ltk62foYKVUpMRjJqqZlY2IrCew=,01kkpHsd9P6tCjN6ZAP7IFSeMro=
-32,-2,Ltk62foYKVUpMRjJqqZlY2IrCew=,01kkpHsd9P6tCjN6ZAP7IFSeMro=
-32,-6,Ltk62foYKVUpMRjJqqZlY2IrCew=,01kkpHsd9P6tCjN6ZAP7IFSeMro=
-32,-5,Ltk62foYKVUpMRjJqqZlY2IrCew=,01kkpHsd9P6tCjN6ZAP7IFSeMro=
-20,-1,Ltk62foYKVUpMRjJqqZlY2IrCew=,Oc3f5YkJfX9qpE2sLtpQcX2Rhyg=
-29,-16,Ltk62foYKVUpMRjJqqZlY2IrCew=,g/wF6dzmkPcmHW+Ljbuc7+/mrKM=
-32,-10,Ltk62foYKVUpMRjJqqZlY2IrCew=,g/wF6dzmkPcmHW+Ljbuc7+/mrKM=
-19,-1,Ltk62foYKVUpMRjJqqZlY2IrCew=,Oc3f5YkJfX9qpE2sLtpQcX2Rhyg=
-28,-16,Ltk62foYKVUpMRjJqqZlY2IrCew=,g/wF6dzmkPcmHW+Ljbuc7+/mrKM=
-18,-1,Ltk62foYKVUpMRjJqqZlY2IrCew=,Oc3f5YkJfX9qpE2sLtpQcX2Rhyg=
-25,-1,Ltk62foYKVUpMRjJqqZlY2IrCew=,01kkpHsd9P6tCjN6ZAP7IFSeMro=
-32,-16,Ltk62foYKVUpMRjJqqZlY2IrCew=,g/wF6dzmkPcmHW+Ljbuc7+/mrKM=
-21,-1,Ltk62foYKVUpMRjJqqZlY2IrCew=,Oc3f5YkJfX9qpE2sLtpQcX2Rhyg=
-17,-16,Ltk62foYKVUpMRjJqqZlY2IrCew=,Oc3f5YkJfX9qpE2sLtpQcX2Rhyg=
-24,-1,Ltk62foYKVUpMRjJqqZlY2IrCew=,Oc3f5YkJfX9qpE2sLtpQcX2Rhyg=
-32,-11,Ltk62foYKVUpMRjJqqZlY2IrCew=,g/wF6dzmkPcmHW+Ljbuc7+/mrKM=
-22,-1,Ltk62foYKVUpMRjJqqZlY2IrCew=,Oc3f5YkJfX9qpE2sLtpQcX2Rhyg=
-32,-12,Ltk62foYKVUpMRjJqqZlY2IrCew=,g/wF6dzmkPcmHW+Ljbuc7+/mrKM=
-32,-13,Ltk62foYKVUpMRjJqqZlY2IrCew=,g/wF6dzmkPcmHW+Ljbuc7+/mrKM=
-17,-1,Ltk62foYKVUpMRjJqqZlY2IrCew=,Oc3f5YkJfX9qpE2sLtpQcX2Rhyg=
-32,-8,Ltk62foYKVUpMRjJqqZlY2IrCew=,01kkpHsd9P6tCjN6ZAP7IFSeMro=
-32,-14,Ltk62foYKVUpMRjJqqZlY2IrCew=,g/wF6dzmkPcmHW+Ljbuc7+/mrKM=
-23,-1,Ltk62foYKVUpMRjJqqZlY2IrCew=,Oc3f5YkJfX9qpE2sLtpQcX2Rhyg=
-21,-16,Ltk62foYKVUpMRjJqqZlY2IrCew=,Oc3f5YkJfX9qpE2sLtpQcX2Rhyg=
-32,-15,Ltk62foYKVUpMRjJqqZlY2IrCew=,g/wF6dzmkPcmHW+Ljbuc7+/mrKM=
-32,-9,Ltk62foYKVUpMRjJqqZlY2IrCew=,g/wF6dzmkPcmHW+Ljbuc7+/mrKM=
-32,-1,Ltk62foYKVUpMRjJqqZlY2IrCew=,01kkpHsd9P6tCjN6ZAP7IFSeMro=
