-95,9,DYGOAqdqzdeqlZWc2sc/a4z8odY=,QIVJOldlOqMIlCGNH/4Q76Jco0s=
-94,9,DYGOAqdqzdeqlZWc2sc/a4z8odY=,QIVJOldlOqMIlCGNH/4Q76Jco0s=
-92,7,DYGOAqdqzdeqlZWc2sc/a4z8odY=,LZ0fiGBEA7Zex0+Izk67rOiwdtc=
-90,14,DYGOAqdqzdeqlZWc2sc/a4z8odY=,QIVJOldlOqMIlCGNH/4Q76Jco0s=
-91,7,DYGOAqdqzdeqlZWc2sc/a4z8odY=,LZ0fiGBEA7Zex0+Izk67rOiwdtc=
-90,7,DYGOAqdqzdeqlZWc2sc/a4z8odY=,LZ0fiGBEA7Zex0+Izk67rOiwdtc=
-91,14,DYGOAqdqzdeqlZWc2sc/a4z8odY=,QIVJOldlOqMIlCGNH/4Q76Jco0s=
-92,14,DYGOAqdqzdeqlZWc2sc/a4z8odY=,QIVJOldlOqMIlCGNH/4Q76Jco0s=
-95,4,DYGOAqdqzdeqlZWc2sc/a4z8odY=,LZ0fiGBEA7Zex0+Izk67rOiwdtc=
-94,4,DYGOAqdqzdeqlZWc2sc/a4z8odY=,LZ0fiGBEA7Zex0+Izk67rOiwdtc=
-94,3,DYGOAqdqzdeqlZWc2sc/a4z8odY=,LZ0fiGBEA7Zex0+Izk67rOiwdtc=
-94,2,DYGOAqdqzdeqlZWc2sc/a4z8odY=,LZ0fiGBEA7Zex0+Izk67rOiwdtc=
-93,14,DYGOAqdqzdeqlZWc2sc/a4z8odY=,QIVJOldlOqMIlCGNH/4Q76Jco0s=
-91,6,DYGOAqdqzdeqlZWc2sc/a4z8odY=,LZ0fiGBEA7Zex0+Izk67rOiwdtc=
-94,14,DYGOAqdqzdeqlZWc2sc/a4z8odY=,QIVJOldlOqMIlCGNH/4Q76Jco0s=
-90,6,DYGOAqdqzdeqlZWc2sc/a4z8odY=,LZ0fiGBEA7Zex0+Izk67rOiwdtc=
-90,4,DYGOAqdqzdeqlZWc2sc/a4z8odY=,LZ0fiGBEA7Zex0+Izk67rOiwdtc=
-84,13,DYGOAqdqzdeqlZWc2sc/a4z8odY=,feU0makOMRApRV5CyREwvFiRQjA=
-91,4,DYGOAqdqzdeqlZWc2sc/a4z8odY=,LZ0fiGBEA7Zex0+Izk67rOiwdtc=
-92,6,DYGOAqdqzdeqlZWc2sc/a4z8odY=,LZ0fiGBEA7Zex0+Izk67rOiwdtc=
-95,2,DYGOAqdqzdeqlZWc2sc/a4z8odY=,LZ0fiGBEA7Zex0+Izk67rOiwdtc=
-95,8,DYGOAqdqzdeqlZWc2sc/a4z8odY=,QIVJOldlOqMIlCGNH/4Q76Jco0s=
-93,7,DYGOAqdqzdeqlZWc2sc/a4z8odY=,LZ0fiGBEA7Zex0+Izk67rOiwdtc=
-90,3,DYGOAqdqzdeqlZWc2sc/a4z8odY=,LZ0fiGBEA7Zex0+Izk67rOiwdtc=
-83,13,DYGOAqdqzdeqlZWc2sc/a4z8odY=,feU0makOMRApRV5CyREwvFiRQjA=
-95,14,DYGOAqdqzdeqlZWc2sc/a4z8odY=,QIVJOldlOqMIlCGNH/4Q76Jco0s=
-93,4,DYGOAqdqzdeqlZWc2sc/a4z8odY=,LZ0fiGBEA7Zex0+Izk67rOiwdtc=
-91,13,DYGOAqdqzdeqlZWc2sc/a4z8odY=,QIVJOldlOqMIlCGNH/4Q76Jco0s=
-92,13,DYGOAqdqzdeqlZWc2sc/a4z8odY=,QIVJOldlOqMIlCGNH/4Q76Jco0s=
-94,8,4AOeI7Gigu8nwl9f6vKZKCb0FFA=,QIVJOldlOqMIlCGNH/4Q76Jco0s=
-82,13,4AOeI7Gigu8nwl9f6vKZKCb0FFA=,feU0makOMRApRV5CyREwvFiRQjA=
-93,6,4AOeI7Gigu8nwl9f6vKZKCb0FFA=,LZ0fiGBEA7Zex0+Izk67rOiwdtc=
-93,13,4AOeI7Gigu8nwl9f6vKZKCb0FFA=,QIVJOldlOqMIlCGNH/4Q76Jco0s=
-84,3,4AOeI7Gigu8nwl9f6vKZKCb0FFA=,feU0makOMRApRV5CyREwvFiRQjA=
-93,1,4AOeI7Gigu8nwl9f6vKZKCb0FFA=,LZ0fiGBEA7Zex0+Izk67rOiwdtc=
-88,14,4AOeI7Gigu8nwl9f6vKZKCb0FFA=,feU0makOMRApRV5CyREwvFiRQjA=
-94,7,4AOeI7Gigu8nwl9f6vKZKCb0FFA=,LZ0fiGBEA7Zex0+Izk67rOiwdtc=
-95,7,4AOeI7Gigu8nwl9f6vKZKCb0FFA=,LZ0fiGBEA7Zex0+Izk67rOiwdtc=
-95,3,4AOeI7Gigu8nwl9f6vKZKCb0FFA=,LZ0fiGBEA7Zex0+Izk67rOiwdtc=
-94,13,4AOeI7Gigu8nwl9f6vKZKCb0FFA=,QIVJOldlOqMIlCGNH/4Q76Jco0s=
-83,3,4AOeI7Gigu8nwl9f6vKZKCb0FFA=,feU0makOMRApRV5CyREwvFiRQjA=
-90,5,4AOeI7Gigu8nwl9f6vKZKCb0FFA=,LZ0fiGBEA7Zex0+Izk67rOiwdtc=
-87,14,4AOeI7Gigu8nwl9f6vKZKCb0FFA=,feU0makOMRApRV5CyREwvFiRQjA=
-95,13,4AOeI7Gigu8nwl9f6vKZKCb0FFA=,QIVJOldlOqMIlCGNH/4Q76Jco0s=
-94,1,4AOeI7Gigu8nwl9f6vKZKCb0FFA=,LZ0fiGBEA7Zex0+Izk67rOiwdtc=
-90,12,4AOeI7Gigu8nwl9f6vKZKCb0FFA=,QIVJOldlOqMIlCGNH/4Q76Jco0s=
-93,8,4AOeI7Gigu8nwl9f6vKZKCb0FFA=,QIVJOldlOqMIlCGNH/4Q76Jco0s=
-88,8,4AOeI7Gigu8nwl9f6vKZKCb0FFA=,feU0makOMRApRV5CyREwvFiRQjA=
-95,1,4AOeI7Gigu8nwl9f6vKZKCb0FFA=,LZ0fiGBEA7Zex0+Izk67rOiwdtc=
-86,14,4AOeI7Gigu8nwl9f6vKZKCb0FFA=,feU0makOMRApRV5CyREwvFiRQjA=
-91,12,4AOeI7Gigu8nwl9f6vKZKCb0FFA=,QIVJOldlOqMIlCGNH/4Q76Jco0s=
-92,1,4AOeI7Gigu8nwl9f6vKZKCb0FFA=,LZ0fiGBEA7Zex0+Izk67rOiwdtc=
-85,3,4AOeI7Gigu8nwl9f6vKZKCb0FFA=,feU0makOMRApRV5CyREwvFiRQjA=
-85,14,4AOeI7Gigu8nwl9f6vKZKCb0FFA=,feU0makOMRApRV5CyREwvFiRQjA=
-92,12,4AOeI7Gigu8nwl9f6vKZKCb0FFA=,QIVJOldlOqMIlCGNH/4Q76Jco0s=
-94,6,4AOeI7Gigu8nwl9f6vKZKCb0FFA=,LZ0fiGBEA7Zex0+Izk67rOiwdtc=
-89,7,4AOeI7Gigu8nwl9f6vKZKCb0FFA=,LZ0fiGBEA7Zex0+Izk67rOiwdtc=
-92,8,4AOeI7Gigu8nwl9f6vKZKCb0FFA=,QIVJOldlOqMIlCGNH/4Q76Jco0s=
-90,2,4AOeI7Gigu8nwl9f6vKZKCb0FFA=,LZ0fiGBEA7Zex0+Izk67rOiwdtc=
-93,12,4AOeI7Gigu8nwl9f6vKZKCb0FFA=,QIVJOldlOqMIlCGNH/4Q76Jco0s=
-87,8,4AOeI7Gigu8nwl9f6vKZKCb0FFA=,feU0makOMRApRV5CyREwvFiRQjA=
-91,5,4AOeI7Gigu8nwl9f6vKZKCb0FFA=,LZ0fiGBEA7Zex0+Izk67rOiwdtc=
-88,9,4AOeI7Gigu8nwl9f6vKZKCb0FFA=,feU0makOMRApRV5CyREwvFiRQjA=
-85,13,4AOeI7Gigu8nwl9f6vKZKCb0FFA=,feU0makOMRApRV5CyREwvFiRQjA=
-91,1,4AOeI7Gigu8nwl9f6vKZKCb0FFA=,LZ0fiGBEA7Zex0+Izk67rOiwdtc=
-86,8,4AOeI7Gigu8nwl9f6vKZKCb0FFA=,feU0makOMRApRV5CyREwvFiRQjA=
-87,9,4AOeI7Gigu8nwl9f6vKZKCb0FFA=,feU0makOMRApRV5CyREwvFiRQjA=
-92,5,4AOeI7Gigu8nwl9f6vKZKCb0FFA=,LZ0fiGBEA7Zex0+Izk67rOiwdtc=
-86,3,4AOeI7Gigu8nwl9f6vKZKCb0FFA=,feU0makOMRApRV5CyREwvFiRQjA=
-90,13,4AOeI7Gigu8nwl9f6vKZKCb0FFA=,QIVJOldlOqMIlCGNH/4Q76Jco0s=
-82,3,4AOeI7Gigu8nwl9f6vKZKCb0FFA=,feU0makOMRApRV5CyREwvFiRQjA=
-93,3,4AOeI7Gigu8nwl9f6vKZKCb0FFA=,LZ0fiGBEA7Zex0+Izk67rOiwdtc=
-84,14,4AOeI7Gigu8nwl9f6vKZKCb0FFA=,feU0makOMRApRV5CyREwvFiRQjA=
-94,12,4AOeI7Gigu8nwl9f6vKZKCb0FFA=,QIVJOldlOqMIlCGNH/4Q76Jco0s=
-86,13,4AOeI7Gigu8nwl9f6vKZKCb0FFA=,feU0makOMRApRV5CyREwvFiRQjA=
-93,5,4AOeI7Gigu8nwl9f6vKZKCb0FFA=,LZ0fiGBEA7Zex0+Izk67rOiwdtc=
-95,12,4AOeI7Gigu8nwl9f6vKZKCb0FFA=,QIVJOldlOqMIlCGNH/4Q76Jco0s=
-91,8,4AOeI7Gigu8nwl9f6vKZKCb0FFA=,QIVJOldlOqMIlCGNH/4Q76Jco0s=
-86,9,4AOeI7Gigu8nwl9f6vKZKCb0FFA=,feU0makOMRApRV5CyREwvFiRQjA=
-90,11,4AOeI7Gigu8nwl9f6vKZKCb0FFA=,QIVJOldlOqMIlCGNH/4Q76Jco0s=
-91,11,4AOeI7Gigu8nwl9f6vKZKCb0FFA=,QIVJOldlOqMIlCGNH/4Q76Jco0s=
-94,5,4AOeI7Gigu8nwl9f6vKZKCb0FFA=,LZ0fiGBEA7Zex0+Izk67rOiwdtc=
-90,8,4AOeI7Gigu8nwl9f6vKZKCb0FFA=,QIVJOldlOqMIlCGNH/4Q76Jco0s=
-95,5,4AOeI7Gigu8nwl9f6vKZKCb0FFA=,LZ0fiGBEA7Zex0+Izk67rOiwdtc=
-85,8,4AOeI7Gigu8nwl9f6vKZKCb0FFA=,feU0makOMRApRV5CyREwvFiRQjA=
-85,9,4AOeI7Gigu8nwl9f6vKZKCb0FFA=,feU0makOMRApRV5CyREwvFiRQjA=
-91,2,4AOeI7Gigu8nwl9f6vKZKCb0FFA=,LZ0fiGBEA7Zex0+Izk67rOiwdtc=
-92,11,4AOeI7Gigu8nwl9f6vKZKCb0FFA=,QIVJOldlOqMIlCGNH/4Q76Jco0s=
-90,1,4AOeI7Gigu8nwl9f6vKZKCb0FFA=,LZ0fiGBEA7Zex0+Izk67rOiwdtc=
-92,4,4AOeI7Gigu8nwl9f6vKZKCb0FFA=,LZ0fiGBEA7Zex0+Izk67rOiwdtc=
-84,8,4AOeI7Gigu8nwl9f6vKZKCb0FFA=,feU0makOMRApRV5CyREwvFiRQjA=
-83,14,4AOeI7Gigu8nwl9f6vKZKCb0FFA=,feU0makOMRApRV5CyREwvFiRQjA=
-94,11,4AOeI7Gigu8nwl9f6vKZKCb0FFA=,QIVJOldlOqMIlCGNH/4Q76Jco0s=
-92,2,4AOeI7Gigu8nwl9f6vKZKCb0FFA=,LZ0fiGBEA7Zex0+Izk67rOiwdtc=
-93,2,4AOeI7Gigu8nwl9f6vKZKCb0FFA=,LZ0fiGBEA7Zex0+Izk67rOiwdtc=
-83,8,4AOeI7Gigu8nwl9f6vKZKCb0FFA=,feU0makOMRApRV5CyREwvFiRQjA=
-91,3,4AOeI7Gigu8nwl9f6vKZKCb0FFA=,LZ0fiGBEA7Zex0+Izk67rOiwdtc=
-95,11,4AOeI7Gigu8nwl9f6vKZKCb0FFA=,QIVJOldlOqMIlCGNH/4Q76Jco0s=
-95,6,4AOeI7Gigu8nwl9f6vKZKCb0FFA=,LZ0fiGBEA7Zex0+Izk67rOiwdtc=
-90,10,4AOeI7Gigu8nwl9f6vKZKCb0FFA=,QIVJOldlOqMIlCGNH/4Q76Jco0s=
-88,4,4AOeI7Gigu8nwl9f6vKZKCb0FFA=,feU0makOMRApRV5CyREwvFiRQjA=
-92,3,4AOeI7Gigu8nwl9f6vKZKCb0FFA=,LZ0fiGBEA7Zex0+Izk67rOiwdtc=
-84,9,4AOeI7Gigu8nwl9f6vKZKCb0FFA=,feU0makOMRApRV5CyREwvFiRQjA=
-93,11,4AOeI7Gigu8nwl9f6vKZKCb0FFA=,QIVJOldlOqMIlCGNH/4Q76Jco0s=
-91,10,4AOeI7Gigu8nwl9f6vKZKCb0FFA=,QIVJOldlOqMIlCGNH/4Q76Jco0s=
-87,3,4AOeI7Gigu8nwl9f6vKZKCb0FFA=,feU0makOMRApRV5CyREwvFiRQjA=
-89,4,4AOeI7Gigu8nwl9f6vKZKCb0FFA=,LZ0fiGBEA7Zex0+Izk67rOiwdtc=
-92,10,4AOeI7Gigu8nwl9f6vKZKCb0FFA=,QIVJOldlOqMIlCGNH/4Q76Jco0s=
-82,8,4AOeI7Gigu8nwl9f6vKZKCb0FFA=,feU0makOMRApRV5CyREwvFiRQjA=
-83,9,4AOeI7Gigu8nwl9f6vKZKCb0FFA=,feU0makOMRApRV5CyREwvFiRQjA=
-88,3,4AOeI7Gigu8nwl9f6vKZKCb0FFA=,feU0makOMRApRV5CyREwvFiRQjA=
-93,10,4AOeI7Gigu8nwl9f6vKZKCb0FFA=,QIVJOldlOqMIlCGNH/4Q76Jco0s=
-87,4,4AOeI7Gigu8nwl9f6vKZKCb0FFA=,feU0makOMRApRV5CyREwvFiRQjA=
-94,10,4AOeI7Gigu8nwl9f6vKZKCb0FFA=,QIVJOldlOqMIlCGNH/4Q76Jco0s=
-95,10,4AOeI7Gigu8nwl9f6vKZKCb0FFA=,QIVJOldlOqMIlCGNH/4Q76Jco0s=
-82,14,4AOeI7Gigu8nwl9f6vKZKCb0FFA=,feU0makOMRApRV5CyREwvFiRQjA=
-90,9,4AOeI7Gigu8nwl9f6vKZKCb0FFA=,QIVJOldlOqMIlCGNH/4Q76Jco0s=
-86,4,4AOeI7Gigu8nwl9f6vKZKCb0FFA=,feU0makOMRApRV5CyREwvFiRQjA=
-82,9,4AOeI7Gigu8nwl9f6vKZKCb0FFA=,feU0makOMRApRV5CyREwvFiRQjA=
-89,3,4AOeI7Gigu8nwl9f6vKZKCb0FFA=,LZ0fiGBEA7Zex0+Izk67rOiwdtc=
-82,7,4AOeI7Gigu8nwl9f6vKZKCb0FFA=,feU0makOMRApRV5CyREwvFiRQjA=
-83,7,4AOeI7Gigu8nwl9f6vKZKCb0FFA=,feU0makOMRApRV5CyREwvFiRQjA=
-84,7,4AOeI7Gigu8nwl9f6vKZKCb0FFA=,feU0makOMRApRV5CyREwvFiRQjA=
-85,4,4AOeI7Gigu8nwl9f6vKZKCb0FFA=,feU0makOMRApRV5CyREwvFiRQjA=
-91,9,4AOeI7Gigu8nwl9f6vKZKCb0FFA=,QIVJOldlOqMIlCGNH/4Q76Jco0s=
-92,9,4AOeI7Gigu8nwl9f6vKZKCb0FFA=,QIVJOldlOqMIlCGNH/4Q76Jco0s=
-93,9,4AOeI7Gigu8nwl9f6vKZKCb0FFA=,QIVJOldlOqMIlCGNH/4Q76Jco0s=
-89,5,4AOeI7Gigu8nwl9f6vKZKCb0FFA=,LZ0fiGBEA7Zex0+Izk67rOiwdtc=
-89,9,4AOeI7Gigu8nwl9f6vKZKCb0FFA=,QIVJOldlOqMIlCGNH/4Q76Jco0s=
-88,10,4AOeI7Gigu8nwl9f6vKZKCb0FFA=,feU0makOMRApRV5CyREwvFiRQjA=
-84,4,4AOeI7Gigu8nwl9f6vKZKCb0FFA=,feU0makOMRApRV5CyREwvFiRQjA=
-87,13,4AOeI7Gigu8nwl9f6vKZKCb0FFA=,feU0makOMRApRV5CyREwvFiRQjA=
-88,13,4AOeI7Gigu8nwl9f6vKZKCb0FFA=,feU0makOMRApRV5CyREwvFiRQjA=
-87,10,4AOeI7Gigu8nwl9f6vKZKCb0FFA=,feU0makOMRApRV5CyREwvFiRQjA=
-86,10,4AOeI7Gigu8nwl9f6vKZKCb0FFA=,feU0makOMRApRV5CyREwvFiRQjA=
-89,6,4AOeI7Gigu8nwl9f6vKZKCb0FFA=,LZ0fiGBEA7Zex0+Izk67rOiwdtc=
-82,12,4AOeI7Gigu8nwl9f6vKZKCb0FFA=,feU0makOMRApRV5CyREwvFiRQjA=
-89,14,4AOeI7Gigu8nwl9f6vKZKCb0FFA=,QIVJOldlOqMIlCGNH/4Q76Jco0s=
-83,12,4AOeI7Gigu8nwl9f6vKZKCb0FFA=,feU0makOMRApRV5CyREwvFiRQjA=
-84,12,4AOeI7Gigu8nwl9f6vKZKCb0FFA=,feU0makOMRApRV5CyREwvFiRQjA=
-83,4,4AOeI7Gigu8nwl9f6vKZKCb0FFA=,feU0makOMRApRV5CyREwvFiRQjA=
-82,2,4AOeI7Gigu8nwl9f6vKZKCb0FFA=,feU0makOMRApRV5CyREwvFiRQjA=
-85,12,4AOeI7Gigu8nwl9f6vKZKCb0FFA=,feU0makOMRApRV5CyREwvFiRQjA=
-84,2,4AOeI7Gigu8nwl9f6vKZKCb0FFA=,feU0makOMRApRV5CyREwvFiRQjA=
-89,8,4AOeI7Gigu8nwl9f6vKZKCb0FFA=,QIVJOldlOqMIlCGNH/4Q76Jco0s=
-85,2,4AOeI7Gigu8nwl9f6vKZKCb0FFA=,feU0makOMRApRV5CyREwvFiRQjA=
-84,10,4AOeI7Gigu8nwl9f6vKZKCb0FFA=,feU0makOMRApRV5CyREwvFiRQjA=
-86,2,4AOeI7Gigu8nwl9f6vKZKCb0FFA=,feU0makOMRApRV5CyREwvFiRQjA=
-87,2,4AOeI7Gigu8nwl9f6vKZKCb0FFA=,feU0makOMRApRV5CyREwvFiRQjA=
-85,10,4AOeI7Gigu8nwl9f6vKZKCb0FFA=,feU0makOMRApRV5CyREwvFiRQjA=
-83,2,4AOeI7Gigu8nwl9f6vKZKCb0FFA=,feU0makOMRApRV5CyREwvFiRQjA=
-82,4,4AOeI7Gigu8nwl9f6vKZKCb0FFA=,feU0makOMRApRV5CyREwvFiRQjA=
-86,12,4AOeI7Gigu8nwl9f6vKZKCb0FFA=,feU0makOMRApRV5CyREwvFiRQjA=
-89,13,4AOeI7Gigu8nwl9f6vKZKCb0FFA=,QIVJOldlOqMIlCGNH/4Q76Jco0s=
-83,10,4AOeI7Gigu8nwl9f6vKZKCb0FFA=,feU0makOMRApRV5CyREwvFiRQjA=
-88,5,4AOeI7Gigu8nwl9f6vKZKCb0FFA=,feU0makOMRApRV5CyREwvFiRQjA=
-87,12,4AOeI7Gigu8nwl9f6vKZKCb0FFA=,feU0makOMRApRV5CyREwvFiRQjA=
-89,12,4AOeI7Gigu8nwl9f6vKZKCb0FFA=,QIVJOldlOqMIlCGNH/4Q76Jco0s=
-85,7,4AOeI7Gigu8nwl9f6vKZKCb0FFA=,feU0makOMRApRV5CyREwvFiRQjA=
-82,10,4AOeI7Gigu8nwl9f6vKZKCb0FFA=,feU0makOMRApRV5CyREwvFiRQjA=
-89,11,4AOeI7Gigu8nwl9f6vKZKCb0FFA=,QIVJOldlOqMIlCGNH/4Q76Jco0s=
-88,12,4AOeI7Gigu8nwl9f6vKZKCb0FFA=,feU0makOMRApRV5CyREwvFiRQjA=
-87,5,4AOeI7Gigu8nwl9f6vKZKCb0FFA=,feU0makOMRApRV5CyREwvFiRQjA=
-82,11,4AOeI7Gigu8nwl9f6vKZKCb0FFA=,feU0makOMRApRV5CyREwvFiRQjA=
-89,10,4AOeI7Gigu8nwl9f6vKZKCb0FFA=,QIVJOldlOqMIlCGNH/4Q76Jco0s=
-83,11,4AOeI7Gigu8nwl9f6vKZKCb0FFA=,feU0makOMRApRV5CyREwvFiRQjA=
-85,11,4AOeI7Gigu8nwl9f6vKZKCb0FFA=,feU0makOMRApRV5CyREwvFiRQjA=
-86,5,4AOeI7Gigu8nwl9f6vKZKCb0FFA=,feU0makOMRApRV5CyREwvFiRQjA=
-88,2,4AOeI7Gigu8nwl9f6vKZKCb0FFA=,feU0makOMRApRV5CyREwvFiRQjA=
-88,11,4AOeI7Gigu8nwl9f6vKZKCb0FFA=,feU0makOMRApRV5CyREwvFiRQjA=
-88,1,4AOeI7Gigu8nwl9f6vKZKCb0FFA=,feU0makOMRApRV5CyREwvFiRQjA=
-81,3,4AOeI7Gigu8nwl9f6vKZKCb0FFA=,feU0makOMRApRV5CyREwvFiRQjA=
-86,11,4AOeI7Gigu8nwl9f6vKZKCb0FFA=,feU0makOMRApRV5CyREwvFiRQjA=
-86,7,4AOeI7Gigu8nwl9f6vKZKCb0FFA=,feU0makOMRApRV5CyREwvFiRQjA=
-87,11,4AOeI7Gigu8nwl9f6vKZKCb0FFA=,feU0makOMRApRV5CyREwvFiRQjA=
-85,5,4AOeI7Gigu8nwl9f6vKZKCb0FFA=,feU0makOMRApRV5CyREwvFiRQjA=
-81,4,4AOeI7Gigu8nwl9f6vKZKCb0FFA=,feU0makOMRApRV5CyREwvFiRQjA=
-84,11,4AOeI7Gigu8nwl9f6vKZKCb0FFA=,feU0makOMRApRV5CyREwvFiRQjA=
-81,7,4AOeI7Gigu8nwl9f6vKZKCb0FFA=,feU0makOMRApRV5CyREwvFiRQjA=
-89,1,4AOeI7Gigu8nwl9f6vKZKCb0FFA=,LZ0fiGBEA7Zex0+Izk67rOiwdtc=
-81,12,4AOeI7Gigu8nwl9f6vKZKCb0FFA=,feU0makOMRApRV5CyREwvFiRQjA=
-81,5,4AOeI7Gigu8nwl9f6vKZKCb0FFA=,feU0makOMRApRV5CyREwvFiRQjA=
-81,8,4AOeI7Gigu8nwl9f6vKZKCb0FFA=,feU0makOMRApRV5CyREwvFiRQjA=
-81,13,4AOeI7Gigu8nwl9f6vKZKCb0FFA=,feU0makOMRApRV5CyREwvFiRQjA=
-82,1,4AOeI7Gigu8nwl9f6vKZKCb0FFA=,feU0makOMRApRV5CyREwvFiRQjA=
-87,7,4AOeI7Gigu8nwl9f6vKZKCb0FFA=,feU0makOMRApRV5CyREwvFiRQjA=
-81,14,4AOeI7Gigu8nwl9f6vKZKCb0FFA=,feU0makOMRApRV5CyREwvFiRQjA=
-81,11,4AOeI7Gigu8nwl9f6vKZKCb0FFA=,feU0makOMRApRV5CyREwvFiRQjA=
-88,7,4AOeI7Gigu8nwl9f6vKZKCb0FFA=,feU0makOMRApRV5CyREwvFiRQjA=
-81,6,4AOeI7Gigu8nwl9f6vKZKCb0FFA=,feU0makOMRApRV5CyREwvFiRQjA=
-83,5,4AOeI7Gigu8nwl9f6vKZKCb0FFA=,feU0makOMRApRV5CyREwvFiRQjA=
-81,1,4AOeI7Gigu8nwl9f6vKZKCb0FFA=,feU0makOMRApRV5CyREwvFiRQjA=
-81,2,4AOeI7Gigu8nwl9f6vKZKCb0FFA=,feU0makOMRApRV5CyREwvFiRQjA=
-87,0,4AOeI7Gigu8nwl9f6vKZKCb0FFA=,feU0makOMRApRV5CyREwvFiRQjA=
-81,9,4AOeI7Gigu8nwl9f6vKZKCb0FFA=,feU0makOMRApRV5CyREwvFiRQjA=
-89,2,4AOeI7Gigu8nwl9f6vKZKCb0FFA=,LZ0fiGBEA7Zex0+Izk67rOiwdtc=
-83,1,4AOeI7Gigu8nwl9f6vKZKCb0FFA=,feU0makOMRApRV5CyREwvFiRQjA=
-86,0,4AOeI7Gigu8nwl9f6vKZKCb0FFA=,feU0makOMRApRV5CyREwvFiRQjA=
-81,10,4AOeI7Gigu8nwl9f6vKZKCb0FFA=,feU0makOMRApRV5CyREwvFiRQjA=
-82,5,4AOeI7Gigu8nwl9f6vKZKCb0FFA=,feU0makOMRApRV5CyREwvFiRQjA=
-84,5,4AOeI7Gigu8nwl9f6vKZKCb0FFA=,feU0makOMRApRV5CyREwvFiRQjA=
-82,6,4AOeI7Gigu8nwl9f6vKZKCb0FFA=,feU0makOMRApRV5CyREwvFiRQjA=
-88,6,4AOeI7Gigu8nwl9f6vKZKCb0FFA=,feU0makOMRApRV5CyREwvFiRQjA=
-85,0,4AOeI7Gigu8nwl9f6vKZKCb0FFA=,feU0makOMRApRV5CyREwvFiRQjA=
-87,6,4AOeI7Gigu8nwl9f6vKZKCb0FFA=,feU0makOMRApRV5CyREwvFiRQjA=
-84,1,4AOeI7Gigu8nwl9f6vKZKCb0FFA=,feU0makOMRApRV5CyREwvFiRQjA=
-84,0,4AOeI7Gigu8nwl9f6vKZKCb0FFA=,feU0makOMRApRV5CyREwvFiRQjA=
-83,0,4AOeI7Gigu8nwl9f6vKZKCb0FFA=,feU0makOMRApRV5CyREwvFiRQjA=
-96,4,4AOeI7Gigu8nwl9f6vKZKCb0FFA=,LZ0fiGBEA7Zex0+Izk67rOiwdtc=
-85,1,4AOeI7Gigu8nwl9f6vKZKCb0FFA=,feU0makOMRApRV5CyREwvFiRQjA=
-87,1,4AOeI7Gigu8nwl9f6vKZKCb0FFA=,feU0makOMRApRV5CyREwvFiRQjA=
-96,6,4AOeI7Gigu8nwl9f6vKZKCb0FFA=,LZ0fiGBEA7Zex0+Izk67rOiwdtc=
-82,0,4AOeI7Gigu8nwl9f6vKZKCb0FFA=,feU0makOMRApRV5CyREwvFiRQjA=
-86,6,4AOeI7Gigu8nwl9f6vKZKCb0FFA=,feU0makOMRApRV5CyREwvFiRQjA=
-96,3,4AOeI7Gigu8nwl9f6vKZKCb0FFA=,LZ0fiGBEA7Zex0+Izk67rOiwdtc=
-85,6,4AOeI7Gigu8nwl9f6vKZKCb0FFA=,feU0makOMRApRV5CyREwvFiRQjA=
-96,2,4AOeI7Gigu8nwl9f6vKZKCb0FFA=,LZ0fiGBEA7Zex0+Izk67rOiwdtc=
-88,0,4AOeI7Gigu8nwl9f6vKZKCb0FFA=,feU0makOMRApRV5CyREwvFiRQjA=
-83,6,4AOeI7Gigu8nwl9f6vKZKCb0FFA=,feU0makOMRApRV5CyREwvFiRQjA=
-84,6,4AOeI7Gigu8nwl9f6vKZKCb0FFA=,feU0makOMRApRV5CyREwvFiRQjA=
-96,5,4AOeI7Gigu8nwl9f6vKZKCb0FFA=,LZ0fiGBEA7Zex0+Izk67rOiwdtc=
-93,0,4AOeI7Gigu8nwl9f6vKZKCb0FFA=,LZ0fiGBEA7Zex0+Izk67rOiwdtc=
-96,1,4AOeI7Gigu8nwl9f6vKZKCb0FFA=,LZ0fiGBEA7Zex0+Izk67rOiwdtc=
-95,0,4AOeI7Gigu8nwl9f6vKZKCb0FFA=,LZ0fiGBEA7Zex0+Izk67rOiwdtc=
-86,1,4AOeI7Gigu8nwl9f6vKZKCb0FFA=,feU0makOMRApRV5CyREwvFiRQjA=
-96,8,4AOeI7Gigu8nwl9f6vKZKCb0FFA=,QIVJOldlOqMIlCGNH/4Q76Jco0s=
-96,14,4AOeI7Gigu8nwl9f6vKZKCb0FFA=,QIVJOldlOqMIlCGNH/4Q76Jco0s=
-96,13,4AOeI7Gigu8nwl9f6vKZKCb0FFA=,QIVJOldlOqMIlCGNH/4Q76Jco0s=
-92,0,4AOeI7Gigu8nwl9f6vKZKCb0FFA=,LZ0fiGBEA7Zex0+Izk67rOiwdtc=
-96,12,4AOeI7Gigu8nwl9f6vKZKCb0FFA=,QIVJOldlOqMIlCGNH/4Q76Jco0s=
-96,11,4AOeI7Gigu8nwl9f6vKZKCb0FFA=,QIVJOldlOqMIlCGNH/4Q76Jco0s=
-91,0,4AOeI7Gigu8nwl9f6vKZKCb0FFA=,LZ0fiGBEA7Zex0+Izk67rOiwdtc=
-96,7,4AOeI7Gigu8nwl9f6vKZKCb0FFA=,LZ0fiGBEA7Zex0+Izk67rOiwdtc=
-94,0,4AOeI7Gigu8nwl9f6vKZKCb0FFA=,LZ0fiGBEA7Zex0+Izk67rOiwdtc=
-90,0,4AOeI7Gigu8nwl9f6vKZKCb0FFA=,LZ0fiGBEA7Zex0+Izk67rOiwdtc=
-96,9,4AOeI7Gigu8nwl9f6vKZKCb0FFA=,QIVJOldlOqMIlCGNH/4Q76Jco0s=
-96,10,4AOeI7Gigu8nwl9f6vKZKCb0FFA=,QIVJOldlOqMIlCGNH/4Q76Jco0s=
-89,0,4AOeI7Gigu8nwl9f6vKZKCb0FFA=,LZ0fiGBEA7Zex0+Izk67rOiwdtc=
-94,15,4AOeI7Gigu8nwl9f6vKZKCb0FFA=,QIVJOldlOqMIlCGNH/4Q76Jco0s=
-89,15,4AOeI7Gigu8nwl9f6vKZKCb0FFA=,QIVJOldlOqMIlCGNH/4Q76Jco0s=
-93,15,4AOeI7Gigu8nwl9f6vKZKCb0FFA=,QIVJOldlOqMIlCGNH/4Q76Jco0s=
-92,15,4AOeI7Gigu8nwl9f6vKZKCb0FFA=,QIVJOldlOqMIlCGNH/4Q76Jco0s=
-88,15,4AOeI7Gigu8nwl9f6vKZKCb0FFA=,feU0makOMRApRV5CyREwvFiRQjA=
-81,15,4AOeI7Gigu8nwl9f6vKZKCb0FFA=,feU0makOMRApRV5CyREwvFiRQjA=
-96,15,4AOeI7Gigu8nwl9f6vKZKCb0FFA=,QIVJOldlOqMIlCGNH/4Q76Jco0s=
-95,15,4AOeI7Gigu8nwl9f6vKZKCb0FFA=,QIVJOldlOqMIlCGNH/4Q76Jco0s=
-90,15,4AOeI7Gigu8nwl9f6vKZKCb0FFA=,QIVJOldlOqMIlCGNH/4Q76Jco0s=
-91,15,4AOeI7Gigu8nwl9f6vKZKCb0FFA=,QIVJOldlOqMIlCGNH/4Q76Jco0s=
-82,15,4AOeI7Gigu8nwl9f6vKZKCb0FFA=,feU0makOMRApRV5CyREwvFiRQjA=
-87,15,4AOeI7Gigu8nwl9f6vKZKCb0FFA=,feU0makOMRApRV5CyREwvFiRQjA=
-83,15,4AOeI7Gigu8nwl9f6vKZKCb0FFA=,feU0makOMRApRV5CyREwvFiRQjA=
-81,0,4AOeI7Gigu8nwl9f6vKZKCb0FFA=,feU0makOMRApRV5CyREwvFiRQjA=
-96,0,4AOeI7Gigu8nwl9f6vKZKCb0FFA=,LZ0fiGBEA7Zex0+Izk67rOiwdtc=
-84,15,4AOeI7Gigu8nwl9f6vKZKCb0FFA=,feU0makOMRApRV5CyREwvFiRQjA=
-85,15,4AOeI7Gigu8nwl9f6vKZKCb0FFA=,feU0makOMRApRV5CyREwvFiRQjA=
-86,15,4AOeI7Gigu8nwl9f6vKZKCb0FFA=,feU0makOMRApRV5CyREwvFiRQjA=
-94,19,4GREtXBGbOAManFelG5iJ8MTiFg=,QIVJOldlOqMIlCGNH/4Q76Jco0s=
-92,17,4GREtXBGbOAManFelG5iJ8MTiFg=,QIVJOldlOqMIlCGNH/4Q76Jco0s=
-95,18,4GREtXBGbOAManFelG5iJ8MTiFg=,QIVJOldlOqMIlCGNH/4Q76Jco0s=
-92,22,4GREtXBGbOAManFelG5iJ8MTiFg=,QIVJOldlOqMIlCGNH/4Q76Jco0s=
-91,17,4GREtXBGbOAManFelG5iJ8MTiFg=,QIVJOldlOqMIlCGNH/4Q76Jco0s=
-90,19,4GREtXBGbOAManFelG5iJ8MTiFg=,QIVJOldlOqMIlCGNH/4Q76Jco0s=
-95,19,4GREtXBGbOAManFelG5iJ8MTiFg=,QIVJOldlOqMIlCGNH/4Q76Jco0s=
-93,22,4GREtXBGbOAManFelG5iJ8MTiFg=,QIVJOldlOqMIlCGNH/4Q76Jco0s=
-90,17,4GREtXBGbOAManFelG5iJ8MTiFg=,QIVJOldlOqMIlCGNH/4Q76Jco0s=
-91,19,Muqo1OkBwZ0qBTl6gp6NRUQ1cpw=,QIVJOldlOqMIlCGNH/4Q76Jco0s=
-90,20,Muqo1OkBwZ0qBTl6gp6NRUQ1cpw=,QIVJOldlOqMIlCGNH/4Q76Jco0s=
-91,20,Muqo1OkBwZ0qBTl6gp6NRUQ1cpw=,QIVJOldlOqMIlCGNH/4Q76Jco0s=
-92,20,Muqo1OkBwZ0qBTl6gp6NRUQ1cpw=,QIVJOldlOqMIlCGNH/4Q76Jco0s=
-94,18,Muqo1OkBwZ0qBTl6gp6NRUQ1cpw=,QIVJOldlOqMIlCGNH/4Q76Jco0s=
-91,22,Muqo1OkBwZ0qBTl6gp6NRUQ1cpw=,QIVJOldlOqMIlCGNH/4Q76Jco0s=
-94,22,Muqo1OkBwZ0qBTl6gp6NRUQ1cpw=,QIVJOldlOqMIlCGNH/4Q76Jco0s=
-92,19,Muqo1OkBwZ0qBTl6gp6NRUQ1cpw=,QIVJOldlOqMIlCGNH/4Q76Jco0s=
-90,21,Muqo1OkBwZ0qBTl6gp6NRUQ1cpw=,QIVJOldlOqMIlCGNH/4Q76Jco0s=
-93,20,Muqo1OkBwZ0qBTl6gp6NRUQ1cpw=,QIVJOldlOqMIlCGNH/4Q76Jco0s=
-94,20,Muqo1OkBwZ0qBTl6gp6NRUQ1cpw=,QIVJOldlOqMIlCGNH/4Q76Jco0s=
-90,22,Muqo1OkBwZ0qBTl6gp6NRUQ1cpw=,QIVJOldlOqMIlCGNH/4Q76Jco0s=
-93,18,Muqo1OkBwZ0qBTl6gp6NRUQ1cpw=,QIVJOldlOqMIlCGNH/4Q76Jco0s=
-95,22,Muqo1OkBwZ0qBTl6gp6NRUQ1cpw=,QIVJOldlOqMIlCGNH/4Q76Jco0s=
-95,17,Muqo1OkBwZ0qBTl6gp6NRUQ1cpw=,QIVJOldlOqMIlCGNH/4Q76Jco0s=
-91,18,Muqo1OkBwZ0qBTl6gp6NRUQ1cpw=,QIVJOldlOqMIlCGNH/4Q76Jco0s=
-90,18,Muqo1OkBwZ0qBTl6gp6NRUQ1cpw=,QIVJOldlOqMIlCGNH/4Q76Jco0s=
-93,21,Muqo1OkBwZ0qBTl6gp6NRUQ1cpw=,QIVJOldlOqMIlCGNH/4Q76Jco0s=
-94,17,Muqo1OkBwZ0qBTl6gp6NRUQ1cpw=,QIVJOldlOqMIlCGNH/4Q76Jco0s=
-92,21,Muqo1OkBwZ0qBTl6gp6NRUQ1cpw=,QIVJOldlOqMIlCGNH/4Q76Jco0s=
-94,21,Muqo1OkBwZ0qBTl6gp6NRUQ1cpw=,QIVJOldlOqMIlCGNH/4Q76Jco0s=
-95,21,Muqo1OkBwZ0qBTl6gp6NRUQ1cpw=,QIVJOldlOqMIlCGNH/4Q76Jco0s=
-92,18,Muqo1OkBwZ0qBTl6gp6NRUQ1cpw=,QIVJOldlOqMIlCGNH/4Q76Jco0s=
-91,21,Muqo1OkBwZ0qBTl6gp6NRUQ1cpw=,QIVJOldlOqMIlCGNH/4Q76Jco0s=
-93,17,Muqo1OkBwZ0qBTl6gp6NRUQ1cpw=,QIVJOldlOqMIlCGNH/4Q76Jco0s=
-95,20,Muqo1OkBwZ0qBTl6gp6NRUQ1cpw=,QIVJOldlOqMIlCGNH/4Q76Jco0s=
-93,19,Muqo1OkBwZ0qBTl6gp6NRUQ1cpw=,QIVJOldlOqMIlCGNH/4Q76Jco0s=
-84,29,Muqo1OkBwZ0qBTl6gp6NRUQ1cpw=,STfi4DfyYWBU57e7IjoyxDDpB8w=
-83,29,Muqo1OkBwZ0qBTl6gp6NRUQ1cpw=,STfi4DfyYWBU57e7IjoyxDDpB8w=
-86,29,Muqo1OkBwZ0qBTl6gp6NRUQ1cpw=,STfi4DfyYWBU57e7IjoyxDDpB8w=
-82,29,Muqo1OkBwZ0qBTl6gp6NRUQ1cpw=,STfi4DfyYWBU57e7IjoyxDDpB8w=
-87,29,Muqo1OkBwZ0qBTl6gp6NRUQ1cpw=,STfi4DfyYWBU57e7IjoyxDDpB8w=
-85,29,Muqo1OkBwZ0qBTl6gp6NRUQ1cpw=,STfi4DfyYWBU57e7IjoyxDDpB8w=
-82,28,Muqo1OkBwZ0qBTl6gp6NRUQ1cpw=,STfi4DfyYWBU57e7IjoyxDDpB8w=
-87,30,Muqo1OkBwZ0qBTl6gp6NRUQ1cpw=,STfi4DfyYWBU57e7IjoyxDDpB8w=
-86,30,Muqo1OkBwZ0qBTl6gp6NRUQ1cpw=,STfi4DfyYWBU57e7IjoyxDDpB8w=
-87,25,Muqo1OkBwZ0qBTl6gp6NRUQ1cpw=,STfi4DfyYWBU57e7IjoyxDDpB8w=
-84,28,Muqo1OkBwZ0qBTl6gp6NRUQ1cpw=,STfi4DfyYWBU57e7IjoyxDDpB8w=
-85,28,Muqo1OkBwZ0qBTl6gp6NRUQ1cpw=,STfi4DfyYWBU57e7IjoyxDDpB8w=
-86,28,Muqo1OkBwZ0qBTl6gp6NRUQ1cpw=,STfi4DfyYWBU57e7IjoyxDDpB8w=
-83,28,Muqo1OkBwZ0qBTl6gp6NRUQ1cpw=,STfi4DfyYWBU57e7IjoyxDDpB8w=
-92,23,Muqo1OkBwZ0qBTl6gp6NRUQ1cpw=,QIVJOldlOqMIlCGNH/4Q76Jco0s=
-93,23,Muqo1OkBwZ0qBTl6gp6NRUQ1cpw=,QIVJOldlOqMIlCGNH/4Q76Jco0s=
-87,28,Muqo1OkBwZ0qBTl6gp6NRUQ1cpw=,STfi4DfyYWBU57e7IjoyxDDpB8w=
-88,29,Muqo1OkBwZ0qBTl6gp6NRUQ1cpw=,STfi4DfyYWBU57e7IjoyxDDpB8w=
-82,27,Muqo1OkBwZ0qBTl6gp6NRUQ1cpw=,STfi4DfyYWBU57e7IjoyxDDpB8w=
-83,27,Muqo1OkBwZ0qBTl6gp6NRUQ1cpw=,STfi4DfyYWBU57e7IjoyxDDpB8w=
-89,30,Muqo1OkBwZ0qBTl6gp6NRUQ1cpw=,QIVJOldlOqMIlCGNH/4Q76Jco0s=
-84,27,Muqo1OkBwZ0qBTl6gp6NRUQ1cpw=,STfi4DfyYWBU57e7IjoyxDDpB8w=
-94,23,Muqo1OkBwZ0qBTl6gp6NRUQ1cpw=,QIVJOldlOqMIlCGNH/4Q76Jco0s=
-91,30,Muqo1OkBwZ0qBTl6gp6NRUQ1cpw=,QIVJOldlOqMIlCGNH/4Q76Jco0s=
-90,30,Muqo1OkBwZ0qBTl6gp6NRUQ1cpw=,QIVJOldlOqMIlCGNH/4Q76Jco0s=
-92,30,Muqo1OkBwZ0qBTl6gp6NRUQ1cpw=,QIVJOldlOqMIlCGNH/4Q76Jco0s=
-93,30,Muqo1OkBwZ0qBTl6gp6NRUQ1cpw=,QIVJOldlOqMIlCGNH/4Q76Jco0s=
-95,23,Muqo1OkBwZ0qBTl6gp6NRUQ1cpw=,QIVJOldlOqMIlCGNH/4Q76Jco0s=
-86,27,Muqo1OkBwZ0qBTl6gp6NRUQ1cpw=,STfi4DfyYWBU57e7IjoyxDDpB8w=
-88,28,Muqo1OkBwZ0qBTl6gp6NRUQ1cpw=,STfi4DfyYWBU57e7IjoyxDDpB8w=
-94,30,Muqo1OkBwZ0qBTl6gp6NRUQ1cpw=,QIVJOldlOqMIlCGNH/4Q76Jco0s=
-86,25,Muqo1OkBwZ0qBTl6gp6NRUQ1cpw=,STfi4DfyYWBU57e7IjoyxDDpB8w=
-95,30,Muqo1OkBwZ0qBTl6gp6NRUQ1cpw=,QIVJOldlOqMIlCGNH/4Q76Jco0s=
-91,23,Muqo1OkBwZ0qBTl6gp6NRUQ1cpw=,QIVJOldlOqMIlCGNH/4Q76Jco0s=
-82,26,Muqo1OkBwZ0qBTl6gp6NRUQ1cpw=,STfi4DfyYWBU57e7IjoyxDDpB8w=
-83,26,Muqo1OkBwZ0qBTl6gp6NRUQ1cpw=,STfi4DfyYWBU57e7IjoyxDDpB8w=
-85,30,Muqo1OkBwZ0qBTl6gp6NRUQ1cpw=,STfi4DfyYWBU57e7IjoyxDDpB8w=
-85,27,Muqo1OkBwZ0qBTl6gp6NRUQ1cpw=,STfi4DfyYWBU57e7IjoyxDDpB8w=
-84,26,Muqo1OkBwZ0qBTl6gp6NRUQ1cpw=,STfi4DfyYWBU57e7IjoyxDDpB8w=
-90,23,Muqo1OkBwZ0qBTl6gp6NRUQ1cpw=,QIVJOldlOqMIlCGNH/4Q76Jco0s=
-84,30,Muqo1OkBwZ0qBTl6gp6NRUQ1cpw=,STfi4DfyYWBU57e7IjoyxDDpB8w=
-95,24,Muqo1OkBwZ0qBTl6gp6NRUQ1cpw=,QIVJOldlOqMIlCGNH/4Q76Jco0s=
-87,27,Muqo1OkBwZ0qBTl6gp6NRUQ1cpw=,STfi4DfyYWBU57e7IjoyxDDpB8w=
-94,24,Muqo1OkBwZ0qBTl6gp6NRUQ1cpw=,QIVJOldlOqMIlCGNH/4Q76Jco0s=
-89,29,Muqo1OkBwZ0qBTl6gp6NRUQ1cpw=,QIVJOldlOqMIlCGNH/4Q76Jco0s=
-92,29,Muqo1OkBwZ0qBTl6gp6NRUQ1cpw=,QIVJOldlOqMIlCGNH/4Q76Jco0s=
-90,29,Muqo1OkBwZ0qBTl6gp6NRUQ1cpw=,QIVJOldlOqMIlCGNH/4Q76Jco0s=
-91,29,Muqo1OkBwZ0qBTl6gp6NRUQ1cpw=,QIVJOldlOqMIlCGNH/4Q76Jco0s=
-85,26,Muqo1OkBwZ0qBTl6gp6NRUQ1cpw=,STfi4DfyYWBU57e7IjoyxDDpB8w=
-93,29,Muqo1OkBwZ0qBTl6gp6NRUQ1cpw=,QIVJOldlOqMIlCGNH/4Q76Jco0s=
-93,24,Muqo1OkBwZ0qBTl6gp6NRUQ1cpw=,QIVJOldlOqMIlCGNH/4Q76Jco0s=
-83,30,Muqo1OkBwZ0qBTl6gp6NRUQ1cpw=,STfi4DfyYWBU57e7IjoyxDDpB8w=
-94,29,Muqo1OkBwZ0qBTl6gp6NRUQ1cpw=,QIVJOldlOqMIlCGNH/4Q76Jco0s=
-89,28,Muqo1OkBwZ0qBTl6gp6NRUQ1cpw=,QIVJOldlOqMIlCGNH/4Q76Jco0s=
-95,29,Muqo1OkBwZ0qBTl6gp6NRUQ1cpw=,QIVJOldlOqMIlCGNH/4Q76Jco0s=
-85,25,Muqo1OkBwZ0qBTl6gp6NRUQ1cpw=,STfi4DfyYWBU57e7IjoyxDDpB8w=
-90,28,Muqo1OkBwZ0qBTl6gp6NRUQ1cpw=,QIVJOldlOqMIlCGNH/4Q76Jco0s=
-92,24,Muqo1OkBwZ0qBTl6gp6NRUQ1cpw=,QIVJOldlOqMIlCGNH/4Q76Jco0s=
-86,26,Muqo1OkBwZ0qBTl6gp6NRUQ1cpw=,STfi4DfyYWBU57e7IjoyxDDpB8w=
-91,28,Muqo1OkBwZ0qBTl6gp6NRUQ1cpw=,QIVJOldlOqMIlCGNH/4Q76Jco0s=
-87,26,Muqo1OkBwZ0qBTl6gp6NRUQ1cpw=,STfi4DfyYWBU57e7IjoyxDDpB8w=
-82,30,Muqo1OkBwZ0qBTl6gp6NRUQ1cpw=,STfi4DfyYWBU57e7IjoyxDDpB8w=
-95,28,Muqo1OkBwZ0qBTl6gp6NRUQ1cpw=,QIVJOldlOqMIlCGNH/4Q76Jco0s=
-93,28,Muqo1OkBwZ0qBTl6gp6NRUQ1cpw=,QIVJOldlOqMIlCGNH/4Q76Jco0s=
-82,25,Muqo1OkBwZ0qBTl6gp6NRUQ1cpw=,STfi4DfyYWBU57e7IjoyxDDpB8w=
-91,24,Muqo1OkBwZ0qBTl6gp6NRUQ1cpw=,QIVJOldlOqMIlCGNH/4Q76Jco0s=
-94,28,Muqo1OkBwZ0qBTl6gp6NRUQ1cpw=,QIVJOldlOqMIlCGNH/4Q76Jco0s=
-89,27,Muqo1OkBwZ0qBTl6gp6NRUQ1cpw=,QIVJOldlOqMIlCGNH/4Q76Jco0s=
-90,27,Muqo1OkBwZ0qBTl6gp6NRUQ1cpw=,QIVJOldlOqMIlCGNH/4Q76Jco0s=
-92,28,Muqo1OkBwZ0qBTl6gp6NRUQ1cpw=,QIVJOldlOqMIlCGNH/4Q76Jco0s=
-88,30,Muqo1OkBwZ0qBTl6gp6NRUQ1cpw=,STfi4DfyYWBU57e7IjoyxDDpB8w=
-84,25,Muqo1OkBwZ0qBTl6gp6NRUQ1cpw=,STfi4DfyYWBU57e7IjoyxDDpB8w=
-93,27,Muqo1OkBwZ0qBTl6gp6NRUQ1cpw=,QIVJOldlOqMIlCGNH/4Q76Jco0s=
-94,27,Muqo1OkBwZ0qBTl6gp6NRUQ1cpw=,QIVJOldlOqMIlCGNH/4Q76Jco0s=
-91,27,Muqo1OkBwZ0qBTl6gp6NRUQ1cpw=,QIVJOldlOqMIlCGNH/4Q76Jco0s=
-88,27,Muqo1OkBwZ0qBTl6gp6NRUQ1cpw=,STfi4DfyYWBU57e7IjoyxDDpB8w=
-89,26,Muqo1OkBwZ0qBTl6gp6NRUQ1cpw=,QIVJOldlOqMIlCGNH/4Q76Jco0s=
-83,25,Muqo1OkBwZ0qBTl6gp6NRUQ1cpw=,STfi4DfyYWBU57e7IjoyxDDpB8w=
-92,27,Muqo1OkBwZ0qBTl6gp6NRUQ1cpw=,QIVJOldlOqMIlCGNH/4Q76Jco0s=
-95,27,Muqo1OkBwZ0qBTl6gp6NRUQ1cpw=,QIVJOldlOqMIlCGNH/4Q76Jco0s=
-92,26,Muqo1OkBwZ0qBTl6gp6NRUQ1cpw=,QIVJOldlOqMIlCGNH/4Q76Jco0s=
-90,26,Muqo1OkBwZ0qBTl6gp6NRUQ1cpw=,QIVJOldlOqMIlCGNH/4Q76Jco0s=
-91,26,Muqo1OkBwZ0qBTl6gp6NRUQ1cpw=,QIVJOldlOqMIlCGNH/4Q76Jco0s=
-89,25,Muqo1OkBwZ0qBTl6gp6NRUQ1cpw=,QIVJOldlOqMIlCGNH/4Q76Jco0s=
-93,26,Muqo1OkBwZ0qBTl6gp6NRUQ1cpw=,QIVJOldlOqMIlCGNH/4Q76Jco0s=
-90,25,Muqo1OkBwZ0qBTl6gp6NRUQ1cpw=,QIVJOldlOqMIlCGNH/4Q76Jco0s=
-91,25,Muqo1OkBwZ0qBTl6gp6NRUQ1cpw=,QIVJOldlOqMIlCGNH/4Q76Jco0s=
-92,25,Muqo1OkBwZ0qBTl6gp6NRUQ1cpw=,QIVJOldlOqMIlCGNH/4Q76Jco0s=
-93,25,Muqo1OkBwZ0qBTl6gp6NRUQ1cpw=,QIVJOldlOqMIlCGNH/4Q76Jco0s=
-94,25,Muqo1OkBwZ0qBTl6gp6NRUQ1cpw=,QIVJOldlOqMIlCGNH/4Q76Jco0s=
-88,26,Muqo1OkBwZ0qBTl6gp6NRUQ1cpw=,STfi4DfyYWBU57e7IjoyxDDpB8w=
-95,26,Muqo1OkBwZ0qBTl6gp6NRUQ1cpw=,QIVJOldlOqMIlCGNH/4Q76Jco0s=
-94,26,Muqo1OkBwZ0qBTl6gp6NRUQ1cpw=,QIVJOldlOqMIlCGNH/4Q76Jco0s=
-88,25,Muqo1OkBwZ0qBTl6gp6NRUQ1cpw=,STfi4DfyYWBU57e7IjoyxDDpB8w=
-95,25,Muqo1OkBwZ0qBTl6gp6NRUQ1cpw=,QIVJOldlOqMIlCGNH/4Q76Jco0s=
-90,24,Muqo1OkBwZ0qBTl6gp6NRUQ1cpw=,QIVJOldlOqMIlCGNH/4Q76Jco0s=
-92,16,Muqo1OkBwZ0qBTl6gp6NRUQ1cpw=,QIVJOldlOqMIlCGNH/4Q76Jco0s=
-91,16,Muqo1OkBwZ0qBTl6gp6NRUQ1cpw=,QIVJOldlOqMIlCGNH/4Q76Jco0s=
-90,16,Muqo1OkBwZ0qBTl6gp6NRUQ1cpw=,QIVJOldlOqMIlCGNH/4Q76Jco0s=
-85,19,Muqo1OkBwZ0qBTl6gp6NRUQ1cpw=,STfi4DfyYWBU57e7IjoyxDDpB8w=
-86,19,Muqo1OkBwZ0qBTl6gp6NRUQ1cpw=,STfi4DfyYWBU57e7IjoyxDDpB8w=
-93,16,Muqo1OkBwZ0qBTl6gp6NRUQ1cpw=,QIVJOldlOqMIlCGNH/4Q76Jco0s=
-84,19,Muqo1OkBwZ0qBTl6gp6NRUQ1cpw=,STfi4DfyYWBU57e7IjoyxDDpB8w=
-96,20,Muqo1OkBwZ0qBTl6gp6NRUQ1cpw=,QIVJOldlOqMIlCGNH/4Q76Jco0s=
-95,16,Muqo1OkBwZ0qBTl6gp6NRUQ1cpw=,QIVJOldlOqMIlCGNH/4Q76Jco0s=
-87,19,Muqo1OkBwZ0qBTl6gp6NRUQ1cpw=,STfi4DfyYWBU57e7IjoyxDDpB8w=
-96,22,Muqo1OkBwZ0qBTl6gp6NRUQ1cpw=,QIVJOldlOqMIlCGNH/4Q76Jco0s=
-88,19,Muqo1OkBwZ0qBTl6gp6NRUQ1cpw=,STfi4DfyYWBU57e7IjoyxDDpB8w=
-96,17,Muqo1OkBwZ0qBTl6gp6NRUQ1cpw=,QIVJOldlOqMIlCGNH/4Q76Jco0s=
-82,19,Muqo1OkBwZ0qBTl6gp6NRUQ1cpw=,STfi4DfyYWBU57e7IjoyxDDpB8w=
-81,18,Muqo1OkBwZ0qBTl6gp6NRUQ1cpw=,STfi4DfyYWBU57e7IjoyxDDpB8w=
-89,23,Muqo1OkBwZ0qBTl6gp6NRUQ1cpw=,QIVJOldlOqMIlCGNH/4Q76Jco0s=
-83,23,Muqo1OkBwZ0qBTl6gp6NRUQ1cpw=,STfi4DfyYWBU57e7IjoyxDDpB8w=
-82,23,Muqo1OkBwZ0qBTl6gp6NRUQ1cpw=,STfi4DfyYWBU57e7IjoyxDDpB8w=
-96,21,Muqo1OkBwZ0qBTl6gp6NRUQ1cpw=,QIVJOldlOqMIlCGNH/4Q76Jco0s=
-82,18,Muqo1OkBwZ0qBTl6gp6NRUQ1cpw=,STfi4DfyYWBU57e7IjoyxDDpB8w=
-83,19,Muqo1OkBwZ0qBTl6gp6NRUQ1cpw=,STfi4DfyYWBU57e7IjoyxDDpB8w=
-89,19,Muqo1OkBwZ0qBTl6gp6NRUQ1cpw=,QIVJOldlOqMIlCGNH/4Q76Jco0s=
-85,23,Muqo1OkBwZ0qBTl6gp6NRUQ1cpw=,STfi4DfyYWBU57e7IjoyxDDpB8w=
-96,19,Muqo1OkBwZ0qBTl6gp6NRUQ1cpw=,QIVJOldlOqMIlCGNH/4Q76Jco0s=
-84,23,Muqo1OkBwZ0qBTl6gp6NRUQ1cpw=,STfi4DfyYWBU57e7IjoyxDDpB8w=
-83,18,Muqo1OkBwZ0qBTl6gp6NRUQ1cpw=,STfi4DfyYWBU57e7IjoyxDDpB8w=
-81,19,Muqo1OkBwZ0qBTl6gp6NRUQ1cpw=,STfi4DfyYWBU57e7IjoyxDDpB8w=
-89,17,Muqo1OkBwZ0qBTl6gp6NRUQ1cpw=,QIVJOldlOqMIlCGNH/4Q76Jco0s=
-84,18,Muqo1OkBwZ0qBTl6gp6NRUQ1cpw=,STfi4DfyYWBU57e7IjoyxDDpB8w=
-96,18,Muqo1OkBwZ0qBTl6gp6NRUQ1cpw=,QIVJOldlOqMIlCGNH/4Q76Jco0s=
-85,18,Muqo1OkBwZ0qBTl6gp6NRUQ1cpw=,STfi4DfyYWBU57e7IjoyxDDpB8w=
-86,18,Muqo1OkBwZ0qBTl6gp6NRUQ1cpw=,STfi4DfyYWBU57e7IjoyxDDpB8w=
-88,20,Muqo1OkBwZ0qBTl6gp6NRUQ1cpw=,STfi4DfyYWBU57e7IjoyxDDpB8w=
-88,24,Muqo1OkBwZ0qBTl6gp6NRUQ1cpw=,STfi4DfyYWBU57e7IjoyxDDpB8w=
-87,20,Muqo1OkBwZ0qBTl6gp6NRUQ1cpw=,STfi4DfyYWBU57e7IjoyxDDpB8w=
-87,18,Muqo1OkBwZ0qBTl6gp6NRUQ1cpw=,STfi4DfyYWBU57e7IjoyxDDpB8w=
-88,18,Muqo1OkBwZ0qBTl6gp6NRUQ1cpw=,STfi4DfyYWBU57e7IjoyxDDpB8w=
-96,30,Muqo1OkBwZ0qBTl6gp6NRUQ1cpw=,QIVJOldlOqMIlCGNH/4Q76Jco0s=
-96,24,Muqo1OkBwZ0qBTl6gp6NRUQ1cpw=,QIVJOldlOqMIlCGNH/4Q76Jco0s=
-86,23,Muqo1OkBwZ0qBTl6gp6NRUQ1cpw=,STfi4DfyYWBU57e7IjoyxDDpB8w=
-96,23,Muqo1OkBwZ0qBTl6gp6NRUQ1cpw=,QIVJOldlOqMIlCGNH/4Q76Jco0s=
-96,29,Muqo1OkBwZ0qBTl6gp6NRUQ1cpw=,QIVJOldlOqMIlCGNH/4Q76Jco0s=
-92,31,Muqo1OkBwZ0qBTl6gp6NRUQ1cpw=,QIVJOldlOqMIlCGNH/4Q76Jco0s=
-94,16,Muqo1OkBwZ0qBTl6gp6NRUQ1cpw=,QIVJOldlOqMIlCGNH/4Q76Jco0s=
-81,17,Muqo1OkBwZ0qBTl6gp6NRUQ1cpw=,STfi4DfyYWBU57e7IjoyxDDpB8w=
-93,31,Muqo1OkBwZ0qBTl6gp6NRUQ1cpw=,QIVJOldlOqMIlCGNH/4Q76Jco0s=
-96,25,Muqo1OkBwZ0qBTl6gp6NRUQ1cpw=,QIVJOldlOqMIlCGNH/4Q76Jco0s=
-96,28,Muqo1OkBwZ0qBTl6gp6NRUQ1cpw=,QIVJOldlOqMIlCGNH/4Q76Jco0s=
-91,31,Muqo1OkBwZ0qBTl6gp6NRUQ1cpw=,QIVJOldlOqMIlCGNH/4Q76Jco0s=
-94,31,Muqo1OkBwZ0qBTl6gp6NRUQ1cpw=,QIVJOldlOqMIlCGNH/4Q76Jco0s=
-96,26,Muqo1OkBwZ0qBTl6gp6NRUQ1cpw=,QIVJOldlOqMIlCGNH/4Q76Jco0s=
-81,29,Muqo1OkBwZ0qBTl6gp6NRUQ1cpw=,STfi4DfyYWBU57e7IjoyxDDpB8w=
-81,23,Muqo1OkBwZ0qBTl6gp6NRUQ1cpw=,STfi4DfyYWBU57e7IjoyxDDpB8w=
-90,31,Muqo1OkBwZ0qBTl6gp6NRUQ1cpw=,QIVJOldlOqMIlCGNH/4Q76Jco0s=
-96,27,Muqo1OkBwZ0qBTl6gp6NRUQ1cpw=,QIVJOldlOqMIlCGNH/4Q76Jco0s=
-81,24,Muqo1OkBwZ0qBTl6gp6NRUQ1cpw=,STfi4DfyYWBU57e7IjoyxDDpB8w=
-95,31,Muqo1OkBwZ0qBTl6gp6NRUQ1cpw=,QIVJOldlOqMIlCGNH/4Q76Jco0s=
-81,25,Muqo1OkBwZ0qBTl6gp6NRUQ1cpw=,STfi4DfyYWBU57e7IjoyxDDpB8w=
-81,27,Muqo1OkBwZ0qBTl6gp6NRUQ1cpw=,STfi4DfyYWBU57e7IjoyxDDpB8w=
-81,28,Muqo1OkBwZ0qBTl6gp6NRUQ1cpw=,STfi4DfyYWBU57e7IjoyxDDpB8w=
-81,26,Muqo1OkBwZ0qBTl6gp6NRUQ1cpw=,STfi4DfyYWBU57e7IjoyxDDpB8w=
-86,20,Muqo1OkBwZ0qBTl6gp6NRUQ1cpw=,STfi4DfyYWBU57e7IjoyxDDpB8w=
-82,17,Muqo1OkBwZ0qBTl6gp6NRUQ1cpw=,STfi4DfyYWBU57e7IjoyxDDpB8w=
-89,31,Muqo1OkBwZ0qBTl6gp6NRUQ1cpw=,QIVJOldlOqMIlCGNH/4Q76Jco0s=
-81,30,Muqo1OkBwZ0qBTl6gp6NRUQ1cpw=,STfi4DfyYWBU57e7IjoyxDDpB8w=
-85,20,Muqo1OkBwZ0qBTl6gp6NRUQ1cpw=,STfi4DfyYWBU57e7IjoyxDDpB8w=
-81,16,Muqo1OkBwZ0qBTl6gp6NRUQ1cpw=,STfi4DfyYWBU57e7IjoyxDDpB8w=
-96,16,Muqo1OkBwZ0qBTl6gp6NRUQ1cpw=,QIVJOldlOqMIlCGNH/4Q76Jco0s=
-82,31,Muqo1OkBwZ0qBTl6gp6NRUQ1cpw=,STfi4DfyYWBU57e7IjoyxDDpB8w=
-88,31,Muqo1OkBwZ0qBTl6gp6NRUQ1cpw=,STfi4DfyYWBU57e7IjoyxDDpB8w=
-96,31,Muqo1OkBwZ0qBTl6gp6NRUQ1cpw=,QIVJOldlOqMIlCGNH/4Q76Jco0s=
-87,24,Muqo1OkBwZ0qBTl6gp6NRUQ1cpw=,STfi4DfyYWBU57e7IjoyxDDpB8w=
-83,17,Muqo1OkBwZ0qBTl6gp6NRUQ1cpw=,STfi4DfyYWBU57e7IjoyxDDpB8w=
-87,23,Muqo1OkBwZ0qBTl6gp6NRUQ1cpw=,STfi4DfyYWBU57e7IjoyxDDpB8w=
-84,31,Muqo1OkBwZ0qBTl6gp6NRUQ1cpw=,STfi4DfyYWBU57e7IjoyxDDpB8w=
-87,31,Muqo1OkBwZ0qBTl6gp6NRUQ1cpw=,STfi4DfyYWBU57e7IjoyxDDpB8w=
-88,23,Muqo1OkBwZ0qBTl6gp6NRUQ1cpw=,STfi4DfyYWBU57e7IjoyxDDpB8w=
-86,24,Muqo1OkBwZ0qBTl6gp6NRUQ1cpw=,STfi4DfyYWBU57e7IjoyxDDpB8w=
-84,17,Muqo1OkBwZ0qBTl6gp6NRUQ1cpw=,STfi4DfyYWBU57e7IjoyxDDpB8w=
-85,17,Muqo1OkBwZ0qBTl6gp6NRUQ1cpw=,STfi4DfyYWBU57e7IjoyxDDpB8w=
-86,17,Muqo1OkBwZ0qBTl6gp6NRUQ1cpw=,STfi4DfyYWBU57e7IjoyxDDpB8w=
-87,17,Muqo1OkBwZ0qBTl6gp6NRUQ1cpw=,STfi4DfyYWBU57e7IjoyxDDpB8w=
-85,24,Muqo1OkBwZ0qBTl6gp6NRUQ1cpw=,STfi4DfyYWBU57e7IjoyxDDpB8w=
-83,31,Muqo1OkBwZ0qBTl6gp6NRUQ1cpw=,STfi4DfyYWBU57e7IjoyxDDpB8w=
-88,17,Muqo1OkBwZ0qBTl6gp6NRUQ1cpw=,STfi4DfyYWBU57e7IjoyxDDpB8w=
-86,31,Muqo1OkBwZ0qBTl6gp6NRUQ1cpw=,STfi4DfyYWBU57e7IjoyxDDpB8w=
-83,16,Muqo1OkBwZ0qBTl6gp6NRUQ1cpw=,STfi4DfyYWBU57e7IjoyxDDpB8w=
-84,16,Muqo1OkBwZ0qBTl6gp6NRUQ1cpw=,STfi4DfyYWBU57e7IjoyxDDpB8w=
-82,16,Muqo1OkBwZ0qBTl6gp6NRUQ1cpw=,STfi4DfyYWBU57e7IjoyxDDpB8w=
-84,24,Muqo1OkBwZ0qBTl6gp6NRUQ1cpw=,STfi4DfyYWBU57e7IjoyxDDpB8w=
-85,16,Muqo1OkBwZ0qBTl6gp6NRUQ1cpw=,STfi4DfyYWBU57e7IjoyxDDpB8w=
-86,16,Muqo1OkBwZ0qBTl6gp6NRUQ1cpw=,STfi4DfyYWBU57e7IjoyxDDpB8w=
-81,31,Muqo1OkBwZ0qBTl6gp6NRUQ1cpw=,STfi4DfyYWBU57e7IjoyxDDpB8w=
-88,16,Muqo1OkBwZ0qBTl6gp6NRUQ1cpw=,STfi4DfyYWBU57e7IjoyxDDpB8w=
-85,31,Muqo1OkBwZ0qBTl6gp6NRUQ1cpw=,STfi4DfyYWBU57e7IjoyxDDpB8w=
-83,24,Muqo1OkBwZ0qBTl6gp6NRUQ1cpw=,STfi4DfyYWBU57e7IjoyxDDpB8w=
-87,16,Muqo1OkBwZ0qBTl6gp6NRUQ1cpw=,STfi4DfyYWBU57e7IjoyxDDpB8w=
-89,20,Muqo1OkBwZ0qBTl6gp6NRUQ1cpw=,QIVJOldlOqMIlCGNH/4Q76Jco0s=
-81,22,Muqo1OkBwZ0qBTl6gp6NRUQ1cpw=,STfi4DfyYWBU57e7IjoyxDDpB8w=
-89,18,Muqo1OkBwZ0qBTl6gp6NRUQ1cpw=,QIVJOldlOqMIlCGNH/4Q76Jco0s=
-82,22,Muqo1OkBwZ0qBTl6gp6NRUQ1cpw=,STfi4DfyYWBU57e7IjoyxDDpB8w=
-83,22,Muqo1OkBwZ0qBTl6gp6NRUQ1cpw=,STfi4DfyYWBU57e7IjoyxDDpB8w=
-84,20,Muqo1OkBwZ0qBTl6gp6NRUQ1cpw=,STfi4DfyYWBU57e7IjoyxDDpB8w=
-85,22,Muqo1OkBwZ0qBTl6gp6NRUQ1cpw=,STfi4DfyYWBU57e7IjoyxDDpB8w=
-84,22,Muqo1OkBwZ0qBTl6gp6NRUQ1cpw=,STfi4DfyYWBU57e7IjoyxDDpB8w=
-86,22,Muqo1OkBwZ0qBTl6gp6NRUQ1cpw=,STfi4DfyYWBU57e7IjoyxDDpB8w=
-88,22,Muqo1OkBwZ0qBTl6gp6NRUQ1cpw=,STfi4DfyYWBU57e7IjoyxDDpB8w=
-81,21,Muqo1OkBwZ0qBTl6gp6NRUQ1cpw=,STfi4DfyYWBU57e7IjoyxDDpB8w=
-87,22,Muqo1OkBwZ0qBTl6gp6NRUQ1cpw=,STfi4DfyYWBU57e7IjoyxDDpB8w=
-82,21,Muqo1OkBwZ0qBTl6gp6NRUQ1cpw=,STfi4DfyYWBU57e7IjoyxDDpB8w=
-82,24,Muqo1OkBwZ0qBTl6gp6NRUQ1cpw=,STfi4DfyYWBU57e7IjoyxDDpB8w=
-83,21,Muqo1OkBwZ0qBTl6gp6NRUQ1cpw=,STfi4DfyYWBU57e7IjoyxDDpB8w=
-84,21,Muqo1OkBwZ0qBTl6gp6NRUQ1cpw=,STfi4DfyYWBU57e7IjoyxDDpB8w=
-85,21,Muqo1OkBwZ0qBTl6gp6NRUQ1cpw=,STfi4DfyYWBU57e7IjoyxDDpB8w=
-86,21,Muqo1OkBwZ0qBTl6gp6NRUQ1cpw=,STfi4DfyYWBU57e7IjoyxDDpB8w=
-87,21,Muqo1OkBwZ0qBTl6gp6NRUQ1cpw=,STfi4DfyYWBU57e7IjoyxDDpB8w=
-83,20,Muqo1OkBwZ0qBTl6gp6NRUQ1cpw=,STfi4DfyYWBU57e7IjoyxDDpB8w=
-89,16,Muqo1OkBwZ0qBTl6gp6NRUQ1cpw=,QIVJOldlOqMIlCGNH/4Q76Jco0s=
-89,22,Muqo1OkBwZ0qBTl6gp6NRUQ1cpw=,QIVJOldlOqMIlCGNH/4Q76Jco0s=
-82,20,Muqo1OkBwZ0qBTl6gp6NRUQ1cpw=,STfi4DfyYWBU57e7IjoyxDDpB8w=
-88,21,Muqo1OkBwZ0qBTl6gp6NRUQ1cpw=,STfi4DfyYWBU57e7IjoyxDDpB8w=
-89,21,Muqo1OkBwZ0qBTl6gp6NRUQ1cpw=,QIVJOldlOqMIlCGNH/4Q76Jco0s=
-81,20,Muqo1OkBwZ0qBTl6gp6NRUQ1cpw=,STfi4DfyYWBU57e7IjoyxDDpB8w=
-89,24,Muqo1OkBwZ0qBTl6gp6NRUQ1cpw=,QIVJOldlOqMIlCGNH/4Q76Jco0s=
-68,29,Ocl141IGOqkITwEZjeALQtiWLts=,/ArzaROT5fzAP5YMOOlJ/Zrr4YI=
-67,29,Ocl141IGOqkITwEZjeALQtiWLts=,/ArzaROT5fzAP5YMOOlJ/Zrr4YI=
-66,29,Ocl141IGOqkITwEZjeALQtiWLts=,/ArzaROT5fzAP5YMOOlJ/Zrr4YI=
-69,29,Ocl141IGOqkITwEZjeALQtiWLts=,/ArzaROT5fzAP5YMOOlJ/Zrr4YI=
-70,29,Ocl141IGOqkITwEZjeALQtiWLts=,/ArzaROT5fzAP5YMOOlJ/Zrr4YI=
-71,29,Ocl141IGOqkITwEZjeALQtiWLts=,/ArzaROT5fzAP5YMOOlJ/Zrr4YI=
-66,28,Ocl141IGOqkITwEZjeALQtiWLts=,/ArzaROT5fzAP5YMOOlJ/Zrr4YI=
-72,29,Ocl141IGOqkITwEZjeALQtiWLts=,/ArzaROT5fzAP5YMOOlJ/Zrr4YI=
-72,30,Ocl141IGOqkITwEZjeALQtiWLts=,/ArzaROT5fzAP5YMOOlJ/Zrr4YI=
-72,28,gBi3anVfSof0uWMPphMtsDG1ios=,/ArzaROT5fzAP5YMOOlJ/Zrr4YI=
-72,25,gBi3anVfSof0uWMPphMtsDG1ios=,/ArzaROT5fzAP5YMOOlJ/Zrr4YI=
-67,28,gBi3anVfSof0uWMPphMtsDG1ios=,/ArzaROT5fzAP5YMOOlJ/Zrr4YI=
-72,26,gBi3anVfSof0uWMPphMtsDG1ios=,/ArzaROT5fzAP5YMOOlJ/Zrr4YI=
-68,28,gBi3anVfSof0uWMPphMtsDG1ios=,/ArzaROT5fzAP5YMOOlJ/Zrr4YI=
-73,30,gBi3anVfSof0uWMPphMtsDG1ios=,uDhev5lOLw4xEck5Jv9RI3Bsutw=
-76,18,gBi3anVfSof0uWMPphMtsDG1ios=,qtndYiLiKTsW5Azn7PAc8UXfvYA=
-79,25,gBi3anVfSof0uWMPphMtsDG1ios=,uDhev5lOLw4xEck5Jv9RI3Bsutw=
-76,23,gBi3anVfSof0uWMPphMtsDG1ios=,qtndYiLiKTsW5Azn7PAc8UXfvYA=
-78,25,gBi3anVfSof0uWMPphMtsDG1ios=,uDhev5lOLw4xEck5Jv9RI3Bsutw=
-74,30,gBi3anVfSof0uWMPphMtsDG1ios=,uDhev5lOLw4xEck5Jv9RI3Bsutw=
-76,30,gBi3anVfSof0uWMPphMtsDG1ios=,uDhev5lOLw4xEck5Jv9RI3Bsutw=
-75,30,gBi3anVfSof0uWMPphMtsDG1ios=,uDhev5lOLw4xEck5Jv9RI3Bsutw=
-75,23,gBi3anVfSof0uWMPphMtsDG1ios=,qtndYiLiKTsW5Azn7PAc8UXfvYA=
-77,30,gBi3anVfSof0uWMPphMtsDG1ios=,uDhev5lOLw4xEck5Jv9RI3Bsutw=
-78,30,gBi3anVfSof0uWMPphMtsDG1ios=,uDhev5lOLw4xEck5Jv9RI3Bsutw=
-77,25,gBi3anVfSof0uWMPphMtsDG1ios=,uDhev5lOLw4xEck5Jv9RI3Bsutw=
-75,18,gBi3anVfSof0uWMPphMtsDG1ios=,qtndYiLiKTsW5Azn7PAc8UXfvYA=
-70,28,JHZStIBZjchmuw4SlNa4dF5g3e8=,/ArzaROT5fzAP5YMOOlJ/Zrr4YI=
-73,29,JHZStIBZjchmuw4SlNa4dF5g3e8=,uDhev5lOLw4xEck5Jv9RI3Bsutw=
-74,18,JHZStIBZjchmuw4SlNa4dF5g3e8=,qtndYiLiKTsW5Azn7PAc8UXfvYA=
-76,25,JHZStIBZjchmuw4SlNa4dF5g3e8=,uDhev5lOLw4xEck5Jv9RI3Bsutw=
-77,17,JHZStIBZjchmuw4SlNa4dF5g3e8=,qtndYiLiKTsW5Azn7PAc8UXfvYA=
-75,29,JHZStIBZjchmuw4SlNa4dF5g3e8=,uDhev5lOLw4xEck5Jv9RI3Bsutw=
-76,17,JHZStIBZjchmuw4SlNa4dF5g3e8=,qtndYiLiKTsW5Azn7PAc8UXfvYA=
-75,25,JHZStIBZjchmuw4SlNa4dF5g3e8=,uDhev5lOLw4xEck5Jv9RI3Bsutw=
-76,29,JHZStIBZjchmuw4SlNa4dF5g3e8=,uDhev5lOLw4xEck5Jv9RI3Bsutw=
-69,28,JHZStIBZjchmuw4SlNa4dF5g3e8=,/ArzaROT5fzAP5YMOOlJ/Zrr4YI=
-74,29,JHZStIBZjchmuw4SlNa4dF5g3e8=,uDhev5lOLw4xEck5Jv9RI3Bsutw=
-77,29,JHZStIBZjchmuw4SlNa4dF5g3e8=,uDhev5lOLw4xEck5Jv9RI3Bsutw=
-74,25,JHZStIBZjchmuw4SlNa4dF5g3e8=,uDhev5lOLw4xEck5Jv9RI3Bsutw=
-74,23,JHZStIBZjchmuw4SlNa4dF5g3e8=,qtndYiLiKTsW5Azn7PAc8UXfvYA=
-79,30,JHZStIBZjchmuw4SlNa4dF5g3e8=,uDhev5lOLw4xEck5Jv9RI3Bsutw=
-77,23,JHZStIBZjchmuw4SlNa4dF5g3e8=,qtndYiLiKTsW5Azn7PAc8UXfvYA=
-78,29,JHZStIBZjchmuw4SlNa4dF5g3e8=,uDhev5lOLw4xEck5Jv9RI3Bsutw=
-68,19,JHZStIBZjchmuw4SlNa4dF5g3e8=,0TWlR4kpSsnnRhghjnljh+f7YZQ=
-79,29,JHZStIBZjchmuw4SlNa4dF5g3e8=,uDhev5lOLw4xEck5Jv9RI3Bsutw=
-73,25,JHZStIBZjchmuw4SlNa4dF5g3e8=,uDhev5lOLw4xEck5Jv9RI3Bsutw=
-69,19,JHZStIBZjchmuw4SlNa4dF5g3e8=,0TWlR4kpSsnnRhghjnljh+f7YZQ=
-78,21,JHZStIBZjchmuw4SlNa4dF5g3e8=,qtndYiLiKTsW5Azn7PAc8UXfvYA=
-71,28,JHZStIBZjchmuw4SlNa4dF5g3e8=,/ArzaROT5fzAP5YMOOlJ/Zrr4YI=
-67,19,JHZStIBZjchmuw4SlNa4dF5g3e8=,0TWlR4kpSsnnRhghjnljh+f7YZQ=
-78,19,JHZStIBZjchmuw4SlNa4dF5g3e8=,qtndYiLiKTsW5Azn7PAc8UXfvYA=
-79,26,JHZStIBZjchmuw4SlNa4dF5g3e8=,uDhev5lOLw4xEck5Jv9RI3Bsutw=
-72,19,JHZStIBZjchmuw4SlNa4dF5g3e8=,0TWlR4kpSsnnRhghjnljh+f7YZQ=
-71,19,JHZStIBZjchmuw4SlNa4dF5g3e8=,0TWlR4kpSsnnRhghjnljh+f7YZQ=
-70,19,JHZStIBZjchmuw4SlNa4dF5g3e8=,0TWlR4kpSsnnRhghjnljh+f7YZQ=
-73,23,JHZStIBZjchmuw4SlNa4dF5g3e8=,qtndYiLiKTsW5Azn7PAc8UXfvYA=
-74,22,JHZStIBZjchmuw4SlNa4dF5g3e8=,qtndYiLiKTsW5Azn7PAc8UXfvYA=
-78,26,JHZStIBZjchmuw4SlNa4dF5g3e8=,uDhev5lOLw4xEck5Jv9RI3Bsutw=
-66,18,JHZStIBZjchmuw4SlNa4dF5g3e8=,0TWlR4kpSsnnRhghjnljh+f7YZQ=
-67,18,JHZStIBZjchmuw4SlNa4dF5g3e8=,0TWlR4kpSsnnRhghjnljh+f7YZQ=
-66,23,JHZStIBZjchmuw4SlNa4dF5g3e8=,0TWlR4kpSsnnRhghjnljh+f7YZQ=
-66,19,JHZStIBZjchmuw4SlNa4dF5g3e8=,0TWlR4kpSsnnRhghjnljh+f7YZQ=
-79,24,JHZStIBZjchmuw4SlNa4dF5g3e8=,uDhev5lOLw4xEck5Jv9RI3Bsutw=
-67,23,JHZStIBZjchmuw4SlNa4dF5g3e8=,0TWlR4kpSsnnRhghjnljh+f7YZQ=
-68,18,JHZStIBZjchmuw4SlNa4dF5g3e8=,0TWlR4kpSsnnRhghjnljh+f7YZQ=
-72,24,JHZStIBZjchmuw4SlNa4dF5g3e8=,/ArzaROT5fzAP5YMOOlJ/Zrr4YI=
-68,23,JHZStIBZjchmuw4SlNa4dF5g3e8=,0TWlR4kpSsnnRhghjnljh+f7YZQ=
-77,26,JHZStIBZjchmuw4SlNa4dF5g3e8=,uDhev5lOLw4xEck5Jv9RI3Bsutw=
-71,24,JHZStIBZjchmuw4SlNa4dF5g3e8=,/ArzaROT5fzAP5YMOOlJ/Zrr4YI=
-78,17,JHZStIBZjchmuw4SlNa4dF5g3e8=,qtndYiLiKTsW5Azn7PAc8UXfvYA=
-73,21,JHZStIBZjchmuw4SlNa4dF5g3e8=,qtndYiLiKTsW5Azn7PAc8UXfvYA=
-76,26,JHZStIBZjchmuw4SlNa4dF5g3e8=,uDhev5lOLw4xEck5Jv9RI3Bsutw=
-73,28,JHZStIBZjchmuw4SlNa4dF5g3e8=,uDhev5lOLw4xEck5Jv9RI3Bsutw=
-75,22,JHZStIBZjchmuw4SlNa4dF5g3e8=,qtndYiLiKTsW5Azn7PAc8UXfvYA=
-66,27,JHZStIBZjchmuw4SlNa4dF5g3e8=,/ArzaROT5fzAP5YMOOlJ/Zrr4YI=
-69,18,JHZStIBZjchmuw4SlNa4dF5g3e8=,0TWlR4kpSsnnRhghjnljh+f7YZQ=
-73,18,JHZStIBZjchmuw4SlNa4dF5g3e8=,qtndYiLiKTsW5Azn7PAc8UXfvYA=
-75,26,JHZStIBZjchmuw4SlNa4dF5g3e8=,uDhev5lOLw4xEck5Jv9RI3Bsutw=
-69,23,JHZStIBZjchmuw4SlNa4dF5g3e8=,0TWlR4kpSsnnRhghjnljh+f7YZQ=
-79,21,JHZStIBZjchmuw4SlNa4dF5g3e8=,qtndYiLiKTsW5Azn7PAc8UXfvYA=
-70,18,JHZStIBZjchmuw4SlNa4dF5g3e8=,0TWlR4kpSsnnRhghjnljh+f7YZQ=
-74,26,JHZStIBZjchmuw4SlNa4dF5g3e8=,uDhev5lOLw4xEck5Jv9RI3Bsutw=
-71,18,JHZStIBZjchmuw4SlNa4dF5g3e8=,0TWlR4kpSsnnRhghjnljh+f7YZQ=
-74,28,JHZStIBZjchmuw4SlNa4dF5g3e8=,uDhev5lOLw4xEck5Jv9RI3Bsutw=
-72,18,JHZStIBZjchmuw4SlNa4dF5g3e8=,0TWlR4kpSsnnRhghjnljh+f7YZQ=
-74,21,JHZStIBZjchmuw4SlNa4dF5g3e8=,qtndYiLiKTsW5Azn7PAc8UXfvYA=
-75,21,JHZStIBZjchmuw4SlNa4dF5g3e8=,qtndYiLiKTsW5Azn7PAc8UXfvYA=
-73,26,JHZStIBZjchmuw4SlNa4dF5g3e8=,uDhev5lOLw4xEck5Jv9RI3Bsutw=
-78,24,JHZStIBZjchmuw4SlNa4dF5g3e8=,uDhev5lOLw4xEck5Jv9RI3Bsutw=
-67,17,JHZStIBZjchmuw4SlNa4dF5g3e8=,0TWlR4kpSsnnRhghjnljh+f7YZQ=
-77,24,JHZStIBZjchmuw4SlNa4dF5g3e8=,uDhev5lOLw4xEck5Jv9RI3Bsutw=
-66,17,JHZStIBZjchmuw4SlNa4dF5g3e8=,0TWlR4kpSsnnRhghjnljh+f7YZQ=
-76,24,JHZStIBZjchmuw4SlNa4dF5g3e8=,uDhev5lOLw4xEck5Jv9RI3Bsutw=
-70,24,JHZStIBZjchmuw4SlNa4dF5g3e8=,/ArzaROT5fzAP5YMOOlJ/Zrr4YI=
-70,23,JHZStIBZjchmuw4SlNa4dF5g3e8=,0TWlR4kpSsnnRhghjnljh+f7YZQ=
-79,19,JHZStIBZjchmuw4SlNa4dF5g3e8=,qtndYiLiKTsW5Azn7PAc8UXfvYA=
-75,24,JHZStIBZjchmuw4SlNa4dF5g3e8=,uDhev5lOLw4xEck5Jv9RI3Bsutw=
-69,17,JHZStIBZjchmuw4SlNa4dF5g3e8=,0TWlR4kpSsnnRhghjnljh+f7YZQ=
-71,23,JHZStIBZjchmuw4SlNa4dF5g3e8=,0TWlR4kpSsnnRhghjnljh+f7YZQ=
-79,27,JHZStIBZjchmuw4SlNa4dF5g3e8=,uDhev5lOLw4xEck5Jv9RI3Bsutw=
-69,24,JHZStIBZjchmuw4SlNa4dF5g3e8=,/ArzaROT5fzAP5YMOOlJ/Zrr4YI=
-74,24,JHZStIBZjchmuw4SlNa4dF5g3e8=,uDhev5lOLw4xEck5Jv9RI3Bsutw=
-72,23,JHZStIBZjchmuw4SlNa4dF5g3e8=,0TWlR4kpSsnnRhghjnljh+f7YZQ=
-70,17,JHZStIBZjchmuw4SlNa4dF5g3e8=,0TWlR4kpSsnnRhghjnljh+f7YZQ=
-72,20,JHZStIBZjchmuw4SlNa4dF5g3e8=,0TWlR4kpSsnnRhghjnljh+f7YZQ=
-75,17,JHZStIBZjchmuw4SlNa4dF5g3e8=,qtndYiLiKTsW5Azn7PAc8UXfvYA=
-78,27,JHZStIBZjchmuw4SlNa4dF5g3e8=,uDhev5lOLw4xEck5Jv9RI3Bsutw=
-71,17,JHZStIBZjchmuw4SlNa4dF5g3e8=,0TWlR4kpSsnnRhghjnljh+f7YZQ=
-78,23,JHZStIBZjchmuw4SlNa4dF5g3e8=,qtndYiLiKTsW5Azn7PAc8UXfvYA=
-68,24,JHZStIBZjchmuw4SlNa4dF5g3e8=,/ArzaROT5fzAP5YMOOlJ/Zrr4YI=
-74,17,JHZStIBZjchmuw4SlNa4dF5g3e8=,qtndYiLiKTsW5Azn7PAc8UXfvYA=
-75,28,JHZStIBZjchmuw4SlNa4dF5g3e8=,uDhev5lOLw4xEck5Jv9RI3Bsutw=
-77,19,JHZStIBZjchmuw4SlNa4dF5g3e8=,qtndYiLiKTsW5Azn7PAc8UXfvYA=
-66,22,JHZStIBZjchmuw4SlNa4dF5g3e8=,0TWlR4kpSsnnRhghjnljh+f7YZQ=
-71,20,JHZStIBZjchmuw4SlNa4dF5g3e8=,0TWlR4kpSsnnRhghjnljh+f7YZQ=
-72,27,JHZStIBZjchmuw4SlNa4dF5g3e8=,/ArzaROT5fzAP5YMOOlJ/Zrr4YI=
-77,21,JHZStIBZjchmuw4SlNa4dF5g3e8=,qtndYiLiKTsW5Azn7PAc8UXfvYA=
-70,20,JHZStIBZjchmuw4SlNa4dF5g3e8=,0TWlR4kpSsnnRhghjnljh+f7YZQ=
-79,17,JHZStIBZjchmuw4SlNa4dF5g3e8=,qtndYiLiKTsW5Azn7PAc8UXfvYA=
-67,22,JHZStIBZjchmuw4SlNa4dF5g3e8=,0TWlR4kpSsnnRhghjnljh+f7YZQ=
-68,17,JHZStIBZjchmuw4SlNa4dF5g3e8=,0TWlR4kpSsnnRhghjnljh+f7YZQ=
-67,24,JHZStIBZjchmuw4SlNa4dF5g3e8=,/ArzaROT5fzAP5YMOOlJ/Zrr4YI=
-79,22,JHZStIBZjchmuw4SlNa4dF5g3e8=,qtndYiLiKTsW5Azn7PAc8UXfvYA=
-77,27,JHZStIBZjchmuw4SlNa4dF5g3e8=,uDhev5lOLw4xEck5Jv9RI3Bsutw=
-68,22,JHZStIBZjchmuw4SlNa4dF5g3e8=,0TWlR4kpSsnnRhghjnljh+f7YZQ=
-79,23,JHZStIBZjchmuw4SlNa4dF5g3e8=,qtndYiLiKTsW5Azn7PAc8UXfvYA=
-73,19,JHZStIBZjchmuw4SlNa4dF5g3e8=,qtndYiLiKTsW5Azn7PAc8UXfvYA=
-66,24,JHZStIBZjchmuw4SlNa4dF5g3e8=,/ArzaROT5fzAP5YMOOlJ/Zrr4YI=
-69,22,JHZStIBZjchmuw4SlNa4dF5g3e8=,0TWlR4kpSsnnRhghjnljh+f7YZQ=
-78,22,JHZStIBZjchmuw4SlNa4dF5g3e8=,qtndYiLiKTsW5Azn7PAc8UXfvYA=
-69,20,JHZStIBZjchmuw4SlNa4dF5g3e8=,0TWlR4kpSsnnRhghjnljh+f7YZQ=
-79,20,JHZStIBZjchmuw4SlNa4dF5g3e8=,qtndYiLiKTsW5Azn7PAc8UXfvYA=
-71,22,JHZStIBZjchmuw4SlNa4dF5g3e8=,0TWlR4kpSsnnRhghjnljh+f7YZQ=
-72,17,JHZStIBZjchmuw4SlNa4dF5g3e8=,0TWlR4kpSsnnRhghjnljh+f7YZQ=
-70,22,JHZStIBZjchmuw4SlNa4dF5g3e8=,0TWlR4kpSsnnRhghjnljh+f7YZQ=
-66,21,JHZStIBZjchmuw4SlNa4dF5g3e8=,0TWlR4kpSsnnRhghjnljh+f7YZQ=
-76,27,JHZStIBZjchmuw4SlNa4dF5g3e8=,uDhev5lOLw4xEck5Jv9RI3Bsutw=
-73,24,JHZStIBZjchmuw4SlNa4dF5g3e8=,uDhev5lOLw4xEck5Jv9RI3Bsutw=
-67,21,JHZStIBZjchmuw4SlNa4dF5g3e8=,0TWlR4kpSsnnRhghjnljh+f7YZQ=
-72,22,JHZStIBZjchmuw4SlNa4dF5g3e8=,0TWlR4kpSsnnRhghjnljh+f7YZQ=
-68,21,JHZStIBZjchmuw4SlNa4dF5g3e8=,0TWlR4kpSsnnRhghjnljh+f7YZQ=
-67,27,JHZStIBZjchmuw4SlNa4dF5g3e8=,/ArzaROT5fzAP5YMOOlJ/Zrr4YI=
-75,27,JHZStIBZjchmuw4SlNa4dF5g3e8=,uDhev5lOLw4xEck5Jv9RI3Bsutw=
-73,17,JHZStIBZjchmuw4SlNa4dF5g3e8=,qtndYiLiKTsW5Azn7PAc8UXfvYA=
-73,20,JHZStIBZjchmuw4SlNa4dF5g3e8=,qtndYiLiKTsW5Azn7PAc8UXfvYA=
-76,28,JHZStIBZjchmuw4SlNa4dF5g3e8=,uDhev5lOLw4xEck5Jv9RI3Bsutw=
-74,27,JHZStIBZjchmuw4SlNa4dF5g3e8=,uDhev5lOLw4xEck5Jv9RI3Bsutw=
-70,21,JHZStIBZjchmuw4SlNa4dF5g3e8=,0TWlR4kpSsnnRhghjnljh+f7YZQ=
-79,18,JHZStIBZjchmuw4SlNa4dF5g3e8=,qtndYiLiKTsW5Azn7PAc8UXfvYA=
-69,21,JHZStIBZjchmuw4SlNa4dF5g3e8=,0TWlR4kpSsnnRhghjnljh+f7YZQ=
-73,27,JHZStIBZjchmuw4SlNa4dF5g3e8=,uDhev5lOLw4xEck5Jv9RI3Bsutw=
-76,22,JHZStIBZjchmuw4SlNa4dF5g3e8=,qtndYiLiKTsW5Azn7PAc8UXfvYA=
-71,21,JHZStIBZjchmuw4SlNa4dF5g3e8=,0TWlR4kpSsnnRhghjnljh+f7YZQ=
-76,21,JHZStIBZjchmuw4SlNa4dF5g3e8=,qtndYiLiKTsW5Azn7PAc8UXfvYA=
-72,21,JHZStIBZjchmuw4SlNa4dF5g3e8=,0TWlR4kpSsnnRhghjnljh+f7YZQ=
-78,18,JHZStIBZjchmuw4SlNa4dF5g3e8=,qtndYiLiKTsW5Azn7PAc8UXfvYA=
-66,20,JHZStIBZjchmuw4SlNa4dF5g3e8=,0TWlR4kpSsnnRhghjnljh+f7YZQ=
-73,22,JHZStIBZjchmuw4SlNa4dF5g3e8=,qtndYiLiKTsW5Azn7PAc8UXfvYA=
-67,20,JHZStIBZjchmuw4SlNa4dF5g3e8=,0TWlR4kpSsnnRhghjnljh+f7YZQ=
-77,18,JHZStIBZjchmuw4SlNa4dF5g3e8=,qtndYiLiKTsW5Azn7PAc8UXfvYA=
-79,28,JHZStIBZjchmuw4SlNa4dF5g3e8=,uDhev5lOLw4xEck5Jv9RI3Bsutw=
-68,27,JHZStIBZjchmuw4SlNa4dF5g3e8=,/ArzaROT5fzAP5YMOOlJ/Zrr4YI=
-78,28,JHZStIBZjchmuw4SlNa4dF5g3e8=,uDhev5lOLw4xEck5Jv9RI3Bsutw=
-77,28,JHZStIBZjchmuw4SlNa4dF5g3e8=,uDhev5lOLw4xEck5Jv9RI3Bsutw=
-78,20,JHZStIBZjchmuw4SlNa4dF5g3e8=,qtndYiLiKTsW5Azn7PAc8UXfvYA=
-69,27,JHZStIBZjchmuw4SlNa4dF5g3e8=,/ArzaROT5fzAP5YMOOlJ/Zrr4YI=
-77,20,JHZStIBZjchmuw4SlNa4dF5g3e8=,qtndYiLiKTsW5Azn7PAc8UXfvYA=
-76,20,JHZStIBZjchmuw4SlNa4dF5g3e8=,qtndYiLiKTsW5Azn7PAc8UXfvYA=
-77,22,JHZStIBZjchmuw4SlNa4dF5g3e8=,qtndYiLiKTsW5Azn7PAc8UXfvYA=
-75,20,JHZStIBZjchmuw4SlNa4dF5g3e8=,qtndYiLiKTsW5Azn7PAc8UXfvYA=
-74,19,JHZStIBZjchmuw4SlNa4dF5g3e8=,qtndYiLiKTsW5Azn7PAc8UXfvYA=
-75,19,JHZStIBZjchmuw4SlNa4dF5g3e8=,qtndYiLiKTsW5Azn7PAc8UXfvYA=
-65,29,JHZStIBZjchmuw4SlNa4dF5g3e8=,/ArzaROT5fzAP5YMOOlJ/Zrr4YI=
-76,19,JHZStIBZjchmuw4SlNa4dF5g3e8=,qtndYiLiKTsW5Azn7PAc8UXfvYA=
-68,20,JHZStIBZjchmuw4SlNa4dF5g3e8=,0TWlR4kpSsnnRhghjnljh+f7YZQ=
-65,25,JHZStIBZjchmuw4SlNa4dF5g3e8=,/ArzaROT5fzAP5YMOOlJ/Zrr4YI=
-70,27,JHZStIBZjchmuw4SlNa4dF5g3e8=,/ArzaROT5fzAP5YMOOlJ/Zrr4YI=
-71,27,JHZStIBZjchmuw4SlNa4dF5g3e8=,/ArzaROT5fzAP5YMOOlJ/Zrr4YI=
-66,26,JHZStIBZjchmuw4SlNa4dF5g3e8=,/ArzaROT5fzAP5YMOOlJ/Zrr4YI=
-67,26,JHZStIBZjchmuw4SlNa4dF5g3e8=,/ArzaROT5fzAP5YMOOlJ/Zrr4YI=
-65,30,JHZStIBZjchmuw4SlNa4dF5g3e8=,/ArzaROT5fzAP5YMOOlJ/Zrr4YI=
-70,26,JHZStIBZjchmuw4SlNa4dF5g3e8=,/ArzaROT5fzAP5YMOOlJ/Zrr4YI=
-65,28,JHZStIBZjchmuw4SlNa4dF5g3e8=,/ArzaROT5fzAP5YMOOlJ/Zrr4YI=
-69,26,JHZStIBZjchmuw4SlNa4dF5g3e8=,/ArzaROT5fzAP5YMOOlJ/Zrr4YI=
-74,20,JHZStIBZjchmuw4SlNa4dF5g3e8=,qtndYiLiKTsW5Azn7PAc8UXfvYA=
-65,26,JHZStIBZjchmuw4SlNa4dF5g3e8=,/ArzaROT5fzAP5YMOOlJ/Zrr4YI=
-65,27,JHZStIBZjchmuw4SlNa4dF5g3e8=,/ArzaROT5fzAP5YMOOlJ/Zrr4YI=
-71,26,JHZStIBZjchmuw4SlNa4dF5g3e8=,/ArzaROT5fzAP5YMOOlJ/Zrr4YI=
-68,26,JHZStIBZjchmuw4SlNa4dF5g3e8=,/ArzaROT5fzAP5YMOOlJ/Zrr4YI=
-66,30,JHZStIBZjchmuw4SlNa4dF5g3e8=,/ArzaROT5fzAP5YMOOlJ/Zrr4YI=
-67,30,JHZStIBZjchmuw4SlNa4dF5g3e8=,/ArzaROT5fzAP5YMOOlJ/Zrr4YI=
-67,25,JHZStIBZjchmuw4SlNa4dF5g3e8=,/ArzaROT5fzAP5YMOOlJ/Zrr4YI=
-66,25,JHZStIBZjchmuw4SlNa4dF5g3e8=,/ArzaROT5fzAP5YMOOlJ/Zrr4YI=
-68,30,JHZStIBZjchmuw4SlNa4dF5g3e8=,/ArzaROT5fzAP5YMOOlJ/Zrr4YI=
-68,25,JHZStIBZjchmuw4SlNa4dF5g3e8=,/ArzaROT5fzAP5YMOOlJ/Zrr4YI=
-70,25,JHZStIBZjchmuw4SlNa4dF5g3e8=,/ArzaROT5fzAP5YMOOlJ/Zrr4YI=
-71,25,JHZStIBZjchmuw4SlNa4dF5g3e8=,/ArzaROT5fzAP5YMOOlJ/Zrr4YI=
-69,25,JHZStIBZjchmuw4SlNa4dF5g3e8=,/ArzaROT5fzAP5YMOOlJ/Zrr4YI=
-69,30,JHZStIBZjchmuw4SlNa4dF5g3e8=,/ArzaROT5fzAP5YMOOlJ/Zrr4YI=
-71,30,JHZStIBZjchmuw4SlNa4dF5g3e8=,/ArzaROT5fzAP5YMOOlJ/Zrr4YI=
-71,16,JHZStIBZjchmuw4SlNa4dF5g3e8=,0TWlR4kpSsnnRhghjnljh+f7YZQ=
-70,30,JHZStIBZjchmuw4SlNa4dF5g3e8=,/ArzaROT5fzAP5YMOOlJ/Zrr4YI=
-70,16,JHZStIBZjchmuw4SlNa4dF5g3e8=,0TWlR4kpSsnnRhghjnljh+f7YZQ=
-66,16,JHZStIBZjchmuw4SlNa4dF5g3e8=,0TWlR4kpSsnnRhghjnljh+f7YZQ=
-67,16,JHZStIBZjchmuw4SlNa4dF5g3e8=,0TWlR4kpSsnnRhghjnljh+f7YZQ=
-68,16,JHZStIBZjchmuw4SlNa4dF5g3e8=,0TWlR4kpSsnnRhghjnljh+f7YZQ=
-69,16,JHZStIBZjchmuw4SlNa4dF5g3e8=,0TWlR4kpSsnnRhghjnljh+f7YZQ=
-80,20,JHZStIBZjchmuw4SlNa4dF5g3e8=,qtndYiLiKTsW5Azn7PAc8UXfvYA=
-80,21,JHZStIBZjchmuw4SlNa4dF5g3e8=,qtndYiLiKTsW5Azn7PAc8UXfvYA=
-80,22,JHZStIBZjchmuw4SlNa4dF5g3e8=,qtndYiLiKTsW5Azn7PAc8UXfvYA=
-80,17,JHZStIBZjchmuw4SlNa4dF5g3e8=,qtndYiLiKTsW5Azn7PAc8UXfvYA=
-80,19,JHZStIBZjchmuw4SlNa4dF5g3e8=,qtndYiLiKTsW5Azn7PAc8UXfvYA=
-80,24,JHZStIBZjchmuw4SlNa4dF5g3e8=,uDhev5lOLw4xEck5Jv9RI3Bsutw=
-80,18,JHZStIBZjchmuw4SlNa4dF5g3e8=,qtndYiLiKTsW5Azn7PAc8UXfvYA=
-80,23,JHZStIBZjchmuw4SlNa4dF5g3e8=,qtndYiLiKTsW5Azn7PAc8UXfvYA=
-80,25,JHZStIBZjchmuw4SlNa4dF5g3e8=,uDhev5lOLw4xEck5Jv9RI3Bsutw=
-80,26,JHZStIBZjchmuw4SlNa4dF5g3e8=,uDhev5lOLw4xEck5Jv9RI3Bsutw=
-76,16,JHZStIBZjchmuw4SlNa4dF5g3e8=,qtndYiLiKTsW5Azn7PAc8UXfvYA=
-65,19,JHZStIBZjchmuw4SlNa4dF5g3e8=,0TWlR4kpSsnnRhghjnljh+f7YZQ=
-80,30,JHZStIBZjchmuw4SlNa4dF5g3e8=,uDhev5lOLw4xEck5Jv9RI3Bsutw=
-80,29,JHZStIBZjchmuw4SlNa4dF5g3e8=,uDhev5lOLw4xEck5Jv9RI3Bsutw=
-78,16,JHZStIBZjchmuw4SlNa4dF5g3e8=,qtndYiLiKTsW5Azn7PAc8UXfvYA=
-80,27,JHZStIBZjchmuw4SlNa4dF5g3e8=,uDhev5lOLw4xEck5Jv9RI3Bsutw=
-75,16,JHZStIBZjchmuw4SlNa4dF5g3e8=,qtndYiLiKTsW5Azn7PAc8UXfvYA=
-65,24,JHZStIBZjchmuw4SlNa4dF5g3e8=,/ArzaROT5fzAP5YMOOlJ/Zrr4YI=
-79,16,JHZStIBZjchmuw4SlNa4dF5g3e8=,qtndYiLiKTsW5Azn7PAc8UXfvYA=
-80,28,JHZStIBZjchmuw4SlNa4dF5g3e8=,uDhev5lOLw4xEck5Jv9RI3Bsutw=
-76,31,JHZStIBZjchmuw4SlNa4dF5g3e8=,uDhev5lOLw4xEck5Jv9RI3Bsutw=
-65,20,JHZStIBZjchmuw4SlNa4dF5g3e8=,0TWlR4kpSsnnRhghjnljh+f7YZQ=
-74,16,JHZStIBZjchmuw4SlNa4dF5g3e8=,qtndYiLiKTsW5Azn7PAc8UXfvYA=
-75,31,JHZStIBZjchmuw4SlNa4dF5g3e8=,uDhev5lOLw4xEck5Jv9RI3Bsutw=
-72,16,JHZStIBZjchmuw4SlNa4dF5g3e8=,0TWlR4kpSsnnRhghjnljh+f7YZQ=
-65,23,JHZStIBZjchmuw4SlNa4dF5g3e8=,0TWlR4kpSsnnRhghjnljh+f7YZQ=
-73,16,JHZStIBZjchmuw4SlNa4dF5g3e8=,qtndYiLiKTsW5Azn7PAc8UXfvYA=
-65,21,JHZStIBZjchmuw4SlNa4dF5g3e8=,0TWlR4kpSsnnRhghjnljh+f7YZQ=
-74,31,JHZStIBZjchmuw4SlNa4dF5g3e8=,uDhev5lOLw4xEck5Jv9RI3Bsutw=
-77,16,JHZStIBZjchmuw4SlNa4dF5g3e8=,qtndYiLiKTsW5Azn7PAc8UXfvYA=
-65,22,JHZStIBZjchmuw4SlNa4dF5g3e8=,0TWlR4kpSsnnRhghjnljh+f7YZQ=
-77,31,JHZStIBZjchmuw4SlNa4dF5g3e8=,uDhev5lOLw4xEck5Jv9RI3Bsutw=
-73,31,JHZStIBZjchmuw4SlNa4dF5g3e8=,uDhev5lOLw4xEck5Jv9RI3Bsutw=
-79,31,JHZStIBZjchmuw4SlNa4dF5g3e8=,uDhev5lOLw4xEck5Jv9RI3Bsutw=
-65,31,JHZStIBZjchmuw4SlNa4dF5g3e8=,/ArzaROT5fzAP5YMOOlJ/Zrr4YI=
-65,17,JHZStIBZjchmuw4SlNa4dF5g3e8=,0TWlR4kpSsnnRhghjnljh+f7YZQ=
-78,31,JHZStIBZjchmuw4SlNa4dF5g3e8=,uDhev5lOLw4xEck5Jv9RI3Bsutw=
-72,31,JHZStIBZjchmuw4SlNa4dF5g3e8=,/ArzaROT5fzAP5YMOOlJ/Zrr4YI=
-80,31,JHZStIBZjchmuw4SlNa4dF5g3e8=,uDhev5lOLw4xEck5Jv9RI3Bsutw=
-66,31,JHZStIBZjchmuw4SlNa4dF5g3e8=,/ArzaROT5fzAP5YMOOlJ/Zrr4YI=
-71,31,JHZStIBZjchmuw4SlNa4dF5g3e8=,/ArzaROT5fzAP5YMOOlJ/Zrr4YI=
-67,31,JHZStIBZjchmuw4SlNa4dF5g3e8=,/ArzaROT5fzAP5YMOOlJ/Zrr4YI=
-69,31,JHZStIBZjchmuw4SlNa4dF5g3e8=,/ArzaROT5fzAP5YMOOlJ/Zrr4YI=
-65,18,JHZStIBZjchmuw4SlNa4dF5g3e8=,0TWlR4kpSsnnRhghjnljh+f7YZQ=
-68,31,JHZStIBZjchmuw4SlNa4dF5g3e8=,/ArzaROT5fzAP5YMOOlJ/Zrr4YI=
-80,16,JHZStIBZjchmuw4SlNa4dF5g3e8=,qtndYiLiKTsW5Azn7PAc8UXfvYA=
-70,31,JHZStIBZjchmuw4SlNa4dF5g3e8=,/ArzaROT5fzAP5YMOOlJ/Zrr4YI=
-65,16,JHZStIBZjchmuw4SlNa4dF5g3e8=,0TWlR4kpSsnnRhghjnljh+f7YZQ=
-79,9,V6x86VfSRgdVml6bQ1NzqI0k2/0=,qtndYiLiKTsW5Azn7PAc8UXfvYA=
-78,9,V6x86VfSRgdVml6bQ1NzqI0k2/0=,qtndYiLiKTsW5Azn7PAc8UXfvYA=
-77,9,V6x86VfSRgdVml6bQ1NzqI0k2/0=,qtndYiLiKTsW5Azn7PAc8UXfvYA=
-68,13,V6x86VfSRgdVml6bQ1NzqI0k2/0=,0TWlR4kpSsnnRhghjnljh+f7YZQ=
-76,9,V6x86VfSRgdVml6bQ1NzqI0k2/0=,qtndYiLiKTsW5Azn7PAc8UXfvYA=
-75,9,V6x86VfSRgdVml6bQ1NzqI0k2/0=,qtndYiLiKTsW5Azn7PAc8UXfvYA=
-74,9,V6x86VfSRgdVml6bQ1NzqI0k2/0=,qtndYiLiKTsW5Azn7PAc8UXfvYA=
-76,7,V6x86VfSRgdVml6bQ1NzqI0k2/0=,3ihmcx/xEKnMtTnYLFfBxd7now4=
-69,13,V6x86VfSRgdVml6bQ1NzqI0k2/0=,0TWlR4kpSsnnRhghjnljh+f7YZQ=
-70,13,V6x86VfSRgdVml6bQ1NzqI0k2/0=,0TWlR4kpSsnnRhghjnljh+f7YZQ=
-79,10,V6x86VfSRgdVml6bQ1NzqI0k2/0=,qtndYiLiKTsW5Azn7PAc8UXfvYA=
-75,6,V6x86VfSRgdVml6bQ1NzqI0k2/0=,3ihmcx/xEKnMtTnYLFfBxd7now4=
-75,7,V6x86VfSRgdVml6bQ1NzqI0k2/0=,3ihmcx/xEKnMtTnYLFfBxd7now4=
-79,2,V6x86VfSRgdVml6bQ1NzqI0k2/0=,3ihmcx/xEKnMtTnYLFfBxd7now4=
-77,7,V6x86VfSRgdVml6bQ1NzqI0k2/0=,3ihmcx/xEKnMtTnYLFfBxd7now4=
-76,6,V6x86VfSRgdVml6bQ1NzqI0k2/0=,3ihmcx/xEKnMtTnYLFfBxd7now4=
-78,10,amQfHFtyDilGL6bcf9r64N8b4hY=,qtndYiLiKTsW5Azn7PAc8UXfvYA=
-77,6,amQfHFtyDilGL6bcf9r64N8b4hY=,3ihmcx/xEKnMtTnYLFfBxd7now4=
-74,7,amQfHFtyDilGL6bcf9r64N8b4hY=,3ihmcx/xEKnMtTnYLFfBxd7now4=
-78,7,amQfHFtyDilGL6bcf9r64N8b4hY=,3ihmcx/xEKnMtTnYLFfBxd7now4=
-77,10,amQfHFtyDilGL6bcf9r64N8b4hY=,qtndYiLiKTsW5Azn7PAc8UXfvYA=
-71,13,amQfHFtyDilGL6bcf9r64N8b4hY=,0TWlR4kpSsnnRhghjnljh+f7YZQ=
-79,7,amQfHFtyDilGL6bcf9r64N8b4hY=,3ihmcx/xEKnMtTnYLFfBxd7now4=
-76,1,amQfHFtyDilGL6bcf9r64N8b4hY=,3ihmcx/xEKnMtTnYLFfBxd7now4=
-76,10,amQfHFtyDilGL6bcf9r64N8b4hY=,qtndYiLiKTsW5Azn7PAc8UXfvYA=
-75,1,amQfHFtyDilGL6bcf9r64N8b4hY=,3ihmcx/xEKnMtTnYLFfBxd7now4=
-79,3,amQfHFtyDilGL6bcf9r64N8b4hY=,3ihmcx/xEKnMtTnYLFfBxd7now4=
-75,10,amQfHFtyDilGL6bcf9r64N8b4hY=,qtndYiLiKTsW5Azn7PAc8UXfvYA=
-74,6,amQfHFtyDilGL6bcf9r64N8b4hY=,3ihmcx/xEKnMtTnYLFfBxd7now4=
-74,14,amQfHFtyDilGL6bcf9r64N8b4hY=,qtndYiLiKTsW5Azn7PAc8UXfvYA=
-66,12,amQfHFtyDilGL6bcf9r64N8b4hY=,0TWlR4kpSsnnRhghjnljh+f7YZQ=
-72,13,amQfHFtyDilGL6bcf9r64N8b4hY=,0TWlR4kpSsnnRhghjnljh+f7YZQ=
-74,10,amQfHFtyDilGL6bcf9r64N8b4hY=,qtndYiLiKTsW5Azn7PAc8UXfvYA=
-74,3,amQfHFtyDilGL6bcf9r64N8b4hY=,3ihmcx/xEKnMtTnYLFfBxd7now4=
-74,1,amQfHFtyDilGL6bcf9r64N8b4hY=,3ihmcx/xEKnMtTnYLFfBxd7now4=
-79,11,amQfHFtyDilGL6bcf9r64N8b4hY=,qtndYiLiKTsW5Azn7PAc8UXfvYA=
-74,5,amQfHFtyDilGL6bcf9r64N8b4hY=,3ihmcx/xEKnMtTnYLFfBxd7now4=
-78,11,amQfHFtyDilGL6bcf9r64N8b4hY=,qtndYiLiKTsW5Azn7PAc8UXfvYA=
-75,5,amQfHFtyDilGL6bcf9r64N8b4hY=,3ihmcx/xEKnMtTnYLFfBxd7now4=
-78,2,amQfHFtyDilGL6bcf9r64N8b4hY=,3ihmcx/xEKnMtTnYLFfBxd7now4=
-67,12,amQfHFtyDilGL6bcf9r64N8b4hY=,0TWlR4kpSsnnRhghjnljh+f7YZQ=
-76,5,amQfHFtyDilGL6bcf9r64N8b4hY=,3ihmcx/xEKnMtTnYLFfBxd7now4=
-76,11,amQfHFtyDilGL6bcf9r64N8b4hY=,qtndYiLiKTsW5Azn7PAc8UXfvYA=
-77,11,amQfHFtyDilGL6bcf9r64N8b4hY=,qtndYiLiKTsW5Azn7PAc8UXfvYA=
-79,8,amQfHFtyDilGL6bcf9r64N8b4hY=,qtndYiLiKTsW5Azn7PAc8UXfvYA=
-74,4,amQfHFtyDilGL6bcf9r64N8b4hY=,3ihmcx/xEKnMtTnYLFfBxd7now4=
-77,5,amQfHFtyDilGL6bcf9r64N8b4hY=,3ihmcx/xEKnMtTnYLFfBxd7now4=
-78,5,amQfHFtyDilGL6bcf9r64N8b4hY=,3ihmcx/xEKnMtTnYLFfBxd7now4=
-75,11,amQfHFtyDilGL6bcf9r64N8b4hY=,qtndYiLiKTsW5Azn7PAc8UXfvYA=
-68,12,amQfHFtyDilGL6bcf9r64N8b4hY=,0TWlR4kpSsnnRhghjnljh+f7YZQ=
-78,8,amQfHFtyDilGL6bcf9r64N8b4hY=,qtndYiLiKTsW5Azn7PAc8UXfvYA=
-68,3,amQfHFtyDilGL6bcf9r64N8b4hY=,/968F03/GKRyDqWdEUR6GHriSyo=
-75,4,amQfHFtyDilGL6bcf9r64N8b4hY=,3ihmcx/xEKnMtTnYLFfBxd7now4=
-79,5,amQfHFtyDilGL6bcf9r64N8b4hY=,3ihmcx/xEKnMtTnYLFfBxd7now4=
-74,11,amQfHFtyDilGL6bcf9r64N8b4hY=,qtndYiLiKTsW5Azn7PAc8UXfvYA=
-69,12,amQfHFtyDilGL6bcf9r64N8b4hY=,0TWlR4kpSsnnRhghjnljh+f7YZQ=
-77,1,amQfHFtyDilGL6bcf9r64N8b4hY=,3ihmcx/xEKnMtTnYLFfBxd7now4=
-77,8,amQfHFtyDilGL6bcf9r64N8b4hY=,qtndYiLiKTsW5Azn7PAc8UXfvYA=
-67,3,amQfHFtyDilGL6bcf9r64N8b4hY=,/968F03/GKRyDqWdEUR6GHriSyo=
-78,1,amQfHFtyDilGL6bcf9r64N8b4hY=,3ihmcx/xEKnMtTnYLFfBxd7now4=
-75,14,amQfHFtyDilGL6bcf9r64N8b4hY=,qtndYiLiKTsW5Azn7PAc8UXfvYA=
-79,1,amQfHFtyDilGL6bcf9r64N8b4hY=,3ihmcx/xEKnMtTnYLFfBxd7now4=
-79,12,amQfHFtyDilGL6bcf9r64N8b4hY=,qtndYiLiKTsW5Azn7PAc8UXfvYA=
-72,8,amQfHFtyDilGL6bcf9r64N8b4hY=,0TWlR4kpSsnnRhghjnljh+f7YZQ=
-69,3,amQfHFtyDilGL6bcf9r64N8b4hY=,/968F03/GKRyDqWdEUR6GHriSyo=
-78,12,amQfHFtyDilGL6bcf9r64N8b4hY=,qtndYiLiKTsW5Azn7PAc8UXfvYA=
-75,3,amQfHFtyDilGL6bcf9r64N8b4hY=,3ihmcx/xEKnMtTnYLFfBxd7now4=
-75,2,amQfHFtyDilGL6bcf9r64N8b4hY=,3ihmcx/xEKnMtTnYLFfBxd7now4=
-73,7,amQfHFtyDilGL6bcf9r64N8b4hY=,3ihmcx/xEKnMtTnYLFfBxd7now4=
-77,12,amQfHFtyDilGL6bcf9r64N8b4hY=,qtndYiLiKTsW5Azn7PAc8UXfvYA=
-76,12,amQfHFtyDilGL6bcf9r64N8b4hY=,qtndYiLiKTsW5Azn7PAc8UXfvYA=
-76,14,amQfHFtyDilGL6bcf9r64N8b4hY=,qtndYiLiKTsW5Azn7PAc8UXfvYA=
-78,6,amQfHFtyDilGL6bcf9r64N8b4hY=,3ihmcx/xEKnMtTnYLFfBxd7now4=
-66,3,amQfHFtyDilGL6bcf9r64N8b4hY=,/968F03/GKRyDqWdEUR6GHriSyo=
-66,7,amQfHFtyDilGL6bcf9r64N8b4hY=,/968F03/GKRyDqWdEUR6GHriSyo=
-67,7,amQfHFtyDilGL6bcf9r64N8b4hY=,/968F03/GKRyDqWdEUR6GHriSyo=
-75,12,amQfHFtyDilGL6bcf9r64N8b4hY=,qtndYiLiKTsW5Azn7PAc8UXfvYA=
-70,12,amQfHFtyDilGL6bcf9r64N8b4hY=,0TWlR4kpSsnnRhghjnljh+f7YZQ=
-74,2,amQfHFtyDilGL6bcf9r64N8b4hY=,3ihmcx/xEKnMtTnYLFfBxd7now4=
-71,8,amQfHFtyDilGL6bcf9r64N8b4hY=,0TWlR4kpSsnnRhghjnljh+f7YZQ=
-76,3,amQfHFtyDilGL6bcf9r64N8b4hY=,3ihmcx/xEKnMtTnYLFfBxd7now4=
-76,2,amQfHFtyDilGL6bcf9r64N8b4hY=,3ihmcx/xEKnMtTnYLFfBxd7now4=
-74,12,amQfHFtyDilGL6bcf9r64N8b4hY=,qtndYiLiKTsW5Azn7PAc8UXfvYA=
-79,4,amQfHFtyDilGL6bcf9r64N8b4hY=,3ihmcx/xEKnMtTnYLFfBxd7now4=
-70,8,amQfHFtyDilGL6bcf9r64N8b4hY=,0TWlR4kpSsnnRhghjnljh+f7YZQ=
-77,3,amQfHFtyDilGL6bcf9r64N8b4hY=,3ihmcx/xEKnMtTnYLFfBxd7now4=
-79,6,amQfHFtyDilGL6bcf9r64N8b4hY=,3ihmcx/xEKnMtTnYLFfBxd7now4=
-79,13,amQfHFtyDilGL6bcf9r64N8b4hY=,qtndYiLiKTsW5Azn7PAc8UXfvYA=
-72,4,amQfHFtyDilGL6bcf9r64N8b4hY=,/968F03/GKRyDqWdEUR6GHriSyo=
-76,8,amQfHFtyDilGL6bcf9r64N8b4hY=,qtndYiLiKTsW5Azn7PAc8UXfvYA=
-77,4,amQfHFtyDilGL6bcf9r64N8b4hY=,3ihmcx/xEKnMtTnYLFfBxd7now4=
-70,3,amQfHFtyDilGL6bcf9r64N8b4hY=,/968F03/GKRyDqWdEUR6GHriSyo=
-78,13,amQfHFtyDilGL6bcf9r64N8b4hY=,qtndYiLiKTsW5Azn7PAc8UXfvYA=
-69,8,amQfHFtyDilGL6bcf9r64N8b4hY=,0TWlR4kpSsnnRhghjnljh+f7YZQ=
-77,2,amQfHFtyDilGL6bcf9r64N8b4hY=,3ihmcx/xEKnMtTnYLFfBxd7now4=
-75,8,amQfHFtyDilGL6bcf9r64N8b4hY=,qtndYiLiKTsW5Azn7PAc8UXfvYA=
-77,13,amQfHFtyDilGL6bcf9r64N8b4hY=,qtndYiLiKTsW5Azn7PAc8UXfvYA=
-73,5,amQfHFtyDilGL6bcf9r64N8b4hY=,3ihmcx/xEKnMtTnYLFfBxd7now4=
-78,3,amQfHFtyDilGL6bcf9r64N8b4hY=,3ihmcx/xEKnMtTnYLFfBxd7now4=
-74,8,amQfHFtyDilGL6bcf9r64N8b4hY=,qtndYiLiKTsW5Azn7PAc8UXfvYA=
-78,4,amQfHFtyDilGL6bcf9r64N8b4hY=,3ihmcx/xEKnMtTnYLFfBxd7now4=
-76,13,amQfHFtyDilGL6bcf9r64N8b4hY=,qtndYiLiKTsW5Azn7PAc8UXfvYA=
-73,8,amQfHFtyDilGL6bcf9r64N8b4hY=,qtndYiLiKTsW5Azn7PAc8UXfvYA=
-77,14,amQfHFtyDilGL6bcf9r64N8b4hY=,qtndYiLiKTsW5Azn7PAc8UXfvYA=
-68,7,amQfHFtyDilGL6bcf9r64N8b4hY=,/968F03/GKRyDqWdEUR6GHriSyo=
-72,3,amQfHFtyDilGL6bcf9r64N8b4hY=,/968F03/GKRyDqWdEUR6GHriSyo=
-75,13,amQfHFtyDilGL6bcf9r64N8b4hY=,qtndYiLiKTsW5Azn7PAc8UXfvYA=
-71,4,amQfHFtyDilGL6bcf9r64N8b4hY=,/968F03/GKRyDqWdEUR6GHriSyo=
-71,3,amQfHFtyDilGL6bcf9r64N8b4hY=,/968F03/GKRyDqWdEUR6GHriSyo=
-76,4,amQfHFtyDilGL6bcf9r64N8b4hY=,3ihmcx/xEKnMtTnYLFfBxd7now4=
-73,14,amQfHFtyDilGL6bcf9r64N8b4hY=,qtndYiLiKTsW5Azn7PAc8UXfvYA=
-68,8,amQfHFtyDilGL6bcf9r64N8b4hY=,0TWlR4kpSsnnRhghjnljh+f7YZQ=
-66,2,amQfHFtyDilGL6bcf9r64N8b4hY=,/968F03/GKRyDqWdEUR6GHriSyo=
-69,7,amQfHFtyDilGL6bcf9r64N8b4hY=,/968F03/GKRyDqWdEUR6GHriSyo=
-68,2,amQfHFtyDilGL6bcf9r64N8b4hY=,/968F03/GKRyDqWdEUR6GHriSyo=
-69,2,amQfHFtyDilGL6bcf9r64N8b4hY=,/968F03/GKRyDqWdEUR6GHriSyo=
-67,8,amQfHFtyDilGL6bcf9r64N8b4hY=,0TWlR4kpSsnnRhghjnljh+f7YZQ=
-74,13,amQfHFtyDilGL6bcf9r64N8b4hY=,qtndYiLiKTsW5Azn7PAc8UXfvYA=
-70,2,amQfHFtyDilGL6bcf9r64N8b4hY=,/968F03/GKRyDqWdEUR6GHriSyo=
-66,8,amQfHFtyDilGL6bcf9r64N8b4hY=,0TWlR4kpSsnnRhghjnljh+f7YZQ=
-71,2,amQfHFtyDilGL6bcf9r64N8b4hY=,/968F03/GKRyDqWdEUR6GHriSyo=
-70,7,amQfHFtyDilGL6bcf9r64N8b4hY=,/968F03/GKRyDqWdEUR6GHriSyo=
-72,2,amQfHFtyDilGL6bcf9r64N8b4hY=,/968F03/GKRyDqWdEUR6GHriSyo=
-70,4,amQfHFtyDilGL6bcf9r64N8b4hY=,/968F03/GKRyDqWdEUR6GHriSyo=
-78,14,amQfHFtyDilGL6bcf9r64N8b4hY=,qtndYiLiKTsW5Azn7PAc8UXfvYA=
-71,12,amQfHFtyDilGL6bcf9r64N8b4hY=,0TWlR4kpSsnnRhghjnljh+f7YZQ=
-67,2,amQfHFtyDilGL6bcf9r64N8b4hY=,/968F03/GKRyDqWdEUR6GHriSyo=
-79,14,amQfHFtyDilGL6bcf9r64N8b4hY=,qtndYiLiKTsW5Azn7PAc8UXfvYA=
-71,7,amQfHFtyDilGL6bcf9r64N8b4hY=,/968F03/GKRyDqWdEUR6GHriSyo=
-69,4,amQfHFtyDilGL6bcf9r64N8b4hY=,/968F03/GKRyDqWdEUR6GHriSyo=
-73,1,amQfHFtyDilGL6bcf9r64N8b4hY=,3ihmcx/xEKnMtTnYLFfBxd7now4=
-73,3,amQfHFtyDilGL6bcf9r64N8b4hY=,3ihmcx/xEKnMtTnYLFfBxd7now4=
-72,7,amQfHFtyDilGL6bcf9r64N8b4hY=,/968F03/GKRyDqWdEUR6GHriSyo=
-73,4,amQfHFtyDilGL6bcf9r64N8b4hY=,3ihmcx/xEKnMtTnYLFfBxd7now4=
-66,1,amQfHFtyDilGL6bcf9r64N8b4hY=,/968F03/GKRyDqWdEUR6GHriSyo=
-68,4,amQfHFtyDilGL6bcf9r64N8b4hY=,/968F03/GKRyDqWdEUR6GHriSyo=
-67,1,amQfHFtyDilGL6bcf9r64N8b4hY=,/968F03/GKRyDqWdEUR6GHriSyo=
-69,1,amQfHFtyDilGL6bcf9r64N8b4hY=,/968F03/GKRyDqWdEUR6GHriSyo=
-68,1,amQfHFtyDilGL6bcf9r64N8b4hY=,/968F03/GKRyDqWdEUR6GHriSyo=
-72,12,amQfHFtyDilGL6bcf9r64N8b4hY=,0TWlR4kpSsnnRhghjnljh+f7YZQ=
-73,13,amQfHFtyDilGL6bcf9r64N8b4hY=,qtndYiLiKTsW5Azn7PAc8UXfvYA=
-66,6,amQfHFtyDilGL6bcf9r64N8b4hY=,/968F03/GKRyDqWdEUR6GHriSyo=
-67,6,amQfHFtyDilGL6bcf9r64N8b4hY=,/968F03/GKRyDqWdEUR6GHriSyo=
-68,6,amQfHFtyDilGL6bcf9r64N8b4hY=,/968F03/GKRyDqWdEUR6GHriSyo=
-73,6,amQfHFtyDilGL6bcf9r64N8b4hY=,3ihmcx/xEKnMtTnYLFfBxd7now4=
-73,12,amQfHFtyDilGL6bcf9r64N8b4hY=,qtndYiLiKTsW5Azn7PAc8UXfvYA=
-67,11,amQfHFtyDilGL6bcf9r64N8b4hY=,0TWlR4kpSsnnRhghjnljh+f7YZQ=
-67,4,amQfHFtyDilGL6bcf9r64N8b4hY=,/968F03/GKRyDqWdEUR6GHriSyo=
-71,1,amQfHFtyDilGL6bcf9r64N8b4hY=,/968F03/GKRyDqWdEUR6GHriSyo=
-68,11,amQfHFtyDilGL6bcf9r64N8b4hY=,0TWlR4kpSsnnRhghjnljh+f7YZQ=
-66,4,amQfHFtyDilGL6bcf9r64N8b4hY=,/968F03/GKRyDqWdEUR6GHriSyo=
-69,11,amQfHFtyDilGL6bcf9r64N8b4hY=,0TWlR4kpSsnnRhghjnljh+f7YZQ=
-72,1,amQfHFtyDilGL6bcf9r64N8b4hY=,/968F03/GKRyDqWdEUR6GHriSyo=
-70,6,amQfHFtyDilGL6bcf9r64N8b4hY=,/968F03/GKRyDqWdEUR6GHriSyo=
-72,5,amQfHFtyDilGL6bcf9r64N8b4hY=,/968F03/GKRyDqWdEUR6GHriSyo=
-70,1,amQfHFtyDilGL6bcf9r64N8b4hY=,/968F03/GKRyDqWdEUR6GHriSyo=
-73,2,amQfHFtyDilGL6bcf9r64N8b4hY=,3ihmcx/xEKnMtTnYLFfBxd7now4=
-72,6,amQfHFtyDilGL6bcf9r64N8b4hY=,/968F03/GKRyDqWdEUR6GHriSyo=
-71,6,amQfHFtyDilGL6bcf9r64N8b4hY=,/968F03/GKRyDqWdEUR6GHriSyo=
-71,5,amQfHFtyDilGL6bcf9r64N8b4hY=,/968F03/GKRyDqWdEUR6GHriSyo=
-66,5,amQfHFtyDilGL6bcf9r64N8b4hY=,/968F03/GKRyDqWdEUR6GHriSyo=
-67,5,amQfHFtyDilGL6bcf9r64N8b4hY=,/968F03/GKRyDqWdEUR6GHriSyo=
-68,5,amQfHFtyDilGL6bcf9r64N8b4hY=,/968F03/GKRyDqWdEUR6GHriSyo=
-73,11,amQfHFtyDilGL6bcf9r64N8b4hY=,qtndYiLiKTsW5Azn7PAc8UXfvYA=
-70,5,amQfHFtyDilGL6bcf9r64N8b4hY=,/968F03/GKRyDqWdEUR6GHriSyo=
-69,5,amQfHFtyDilGL6bcf9r64N8b4hY=,/968F03/GKRyDqWdEUR6GHriSyo=
-69,6,amQfHFtyDilGL6bcf9r64N8b4hY=,/968F03/GKRyDqWdEUR6GHriSyo=
-70,11,amQfHFtyDilGL6bcf9r64N8b4hY=,0TWlR4kpSsnnRhghjnljh+f7YZQ=
-72,11,amQfHFtyDilGL6bcf9r64N8b4hY=,0TWlR4kpSsnnRhghjnljh+f7YZQ=
-73,10,amQfHFtyDilGL6bcf9r64N8b4hY=,qtndYiLiKTsW5Azn7PAc8UXfvYA=
-66,10,amQfHFtyDilGL6bcf9r64N8b4hY=,0TWlR4kpSsnnRhghjnljh+f7YZQ=
-67,10,amQfHFtyDilGL6bcf9r64N8b4hY=,0TWlR4kpSsnnRhghjnljh+f7YZQ=
-69,10,amQfHFtyDilGL6bcf9r64N8b4hY=,0TWlR4kpSsnnRhghjnljh+f7YZQ=
-68,10,amQfHFtyDilGL6bcf9r64N8b4hY=,0TWlR4kpSsnnRhghjnljh+f7YZQ=
-70,10,amQfHFtyDilGL6bcf9r64N8b4hY=,0TWlR4kpSsnnRhghjnljh+f7YZQ=
-71,10,amQfHFtyDilGL6bcf9r64N8b4hY=,0TWlR4kpSsnnRhghjnljh+f7YZQ=
-71,11,amQfHFtyDilGL6bcf9r64N8b4hY=,0TWlR4kpSsnnRhghjnljh+f7YZQ=
-66,9,amQfHFtyDilGL6bcf9r64N8b4hY=,0TWlR4kpSsnnRhghjnljh+f7YZQ=
-68,9,amQfHFtyDilGL6bcf9r64N8b4hY=,0TWlR4kpSsnnRhghjnljh+f7YZQ=
-67,9,amQfHFtyDilGL6bcf9r64N8b4hY=,0TWlR4kpSsnnRhghjnljh+f7YZQ=
-69,9,amQfHFtyDilGL6bcf9r64N8b4hY=,0TWlR4kpSsnnRhghjnljh+f7YZQ=
-72,10,amQfHFtyDilGL6bcf9r64N8b4hY=,0TWlR4kpSsnnRhghjnljh+f7YZQ=
-70,9,amQfHFtyDilGL6bcf9r64N8b4hY=,0TWlR4kpSsnnRhghjnljh+f7YZQ=
-71,9,amQfHFtyDilGL6bcf9r64N8b4hY=,0TWlR4kpSsnnRhghjnljh+f7YZQ=
-67,14,amQfHFtyDilGL6bcf9r64N8b4hY=,0TWlR4kpSsnnRhghjnljh+f7YZQ=
-73,9,amQfHFtyDilGL6bcf9r64N8b4hY=,qtndYiLiKTsW5Azn7PAc8UXfvYA=
-69,14,amQfHFtyDilGL6bcf9r64N8b4hY=,0TWlR4kpSsnnRhghjnljh+f7YZQ=
-70,14,amQfHFtyDilGL6bcf9r64N8b4hY=,0TWlR4kpSsnnRhghjnljh+f7YZQ=
-68,14,amQfHFtyDilGL6bcf9r64N8b4hY=,0TWlR4kpSsnnRhghjnljh+f7YZQ=
-71,14,amQfHFtyDilGL6bcf9r64N8b4hY=,0TWlR4kpSsnnRhghjnljh+f7YZQ=
-66,11,amQfHFtyDilGL6bcf9r64N8b4hY=,0TWlR4kpSsnnRhghjnljh+f7YZQ=
-66,13,amQfHFtyDilGL6bcf9r64N8b4hY=,0TWlR4kpSsnnRhghjnljh+f7YZQ=
-72,14,amQfHFtyDilGL6bcf9r64N8b4hY=,0TWlR4kpSsnnRhghjnljh+f7YZQ=
-72,9,amQfHFtyDilGL6bcf9r64N8b4hY=,0TWlR4kpSsnnRhghjnljh+f7YZQ=
-65,2,amQfHFtyDilGL6bcf9r64N8b4hY=,/968F03/GKRyDqWdEUR6GHriSyo=
-66,14,amQfHFtyDilGL6bcf9r64N8b4hY=,0TWlR4kpSsnnRhghjnljh+f7YZQ=
-65,3,amQfHFtyDilGL6bcf9r64N8b4hY=,/968F03/GKRyDqWdEUR6GHriSyo=
-65,5,amQfHFtyDilGL6bcf9r64N8b4hY=,/968F03/GKRyDqWdEUR6GHriSyo=
-67,13,amQfHFtyDilGL6bcf9r64N8b4hY=,0TWlR4kpSsnnRhghjnljh+f7YZQ=
-65,1,amQfHFtyDilGL6bcf9r64N8b4hY=,/968F03/GKRyDqWdEUR6GHriSyo=
-65,6,amQfHFtyDilGL6bcf9r64N8b4hY=,/968F03/GKRyDqWdEUR6GHriSyo=
-65,4,amQfHFtyDilGL6bcf9r64N8b4hY=,/968F03/GKRyDqWdEUR6GHriSyo=
-65,7,amQfHFtyDilGL6bcf9r64N8b4hY=,/968F03/GKRyDqWdEUR6GHriSyo=
-65,13,amQfHFtyDilGL6bcf9r64N8b4hY=,0TWlR4kpSsnnRhghjnljh+f7YZQ=
-65,12,amQfHFtyDilGL6bcf9r64N8b4hY=,0TWlR4kpSsnnRhghjnljh+f7YZQ=
-65,10,amQfHFtyDilGL6bcf9r64N8b4hY=,0TWlR4kpSsnnRhghjnljh+f7YZQ=
-65,14,amQfHFtyDilGL6bcf9r64N8b4hY=,0TWlR4kpSsnnRhghjnljh+f7YZQ=
-65,8,amQfHFtyDilGL6bcf9r64N8b4hY=,0TWlR4kpSsnnRhghjnljh+f7YZQ=
-65,11,amQfHFtyDilGL6bcf9r64N8b4hY=,0TWlR4kpSsnnRhghjnljh+f7YZQ=
-65,9,amQfHFtyDilGL6bcf9r64N8b4hY=,0TWlR4kpSsnnRhghjnljh+f7YZQ=
-80,4,amQfHFtyDilGL6bcf9r64N8b4hY=,3ihmcx/xEKnMtTnYLFfBxd7now4=
-80,3,amQfHFtyDilGL6bcf9r64N8b4hY=,3ihmcx/xEKnMtTnYLFfBxd7now4=
-80,2,amQfHFtyDilGL6bcf9r64N8b4hY=,3ihmcx/xEKnMtTnYLFfBxd7now4=
-80,6,amQfHFtyDilGL6bcf9r64N8b4hY=,3ihmcx/xEKnMtTnYLFfBxd7now4=
-76,0,amQfHFtyDilGL6bcf9r64N8b4hY=,3ihmcx/xEKnMtTnYLFfBxd7now4=
-80,1,amQfHFtyDilGL6bcf9r64N8b4hY=,3ihmcx/xEKnMtTnYLFfBxd7now4=
-80,5,amQfHFtyDilGL6bcf9r64N8b4hY=,3ihmcx/xEKnMtTnYLFfBxd7now4=
-75,0,amQfHFtyDilGL6bcf9r64N8b4hY=,3ihmcx/xEKnMtTnYLFfBxd7now4=
-71,0,amQfHFtyDilGL6bcf9r64N8b4hY=,/968F03/GKRyDqWdEUR6GHriSyo=
-72,0,amQfHFtyDilGL6bcf9r64N8b4hY=,/968F03/GKRyDqWdEUR6GHriSyo=
-74,0,amQfHFtyDilGL6bcf9r64N8b4hY=,3ihmcx/xEKnMtTnYLFfBxd7now4=
-73,0,amQfHFtyDilGL6bcf9r64N8b4hY=,3ihmcx/xEKnMtTnYLFfBxd7now4=
-77,0,amQfHFtyDilGL6bcf9r64N8b4hY=,3ihmcx/xEKnMtTnYLFfBxd7now4=
-70,0,amQfHFtyDilGL6bcf9r64N8b4hY=,/968F03/GKRyDqWdEUR6GHriSyo=
-67,0,amQfHFtyDilGL6bcf9r64N8b4hY=,/968F03/GKRyDqWdEUR6GHriSyo=
-66,0,amQfHFtyDilGL6bcf9r64N8b4hY=,/968F03/GKRyDqWdEUR6GHriSyo=
-79,0,amQfHFtyDilGL6bcf9r64N8b4hY=,3ihmcx/xEKnMtTnYLFfBxd7now4=
-68,0,amQfHFtyDilGL6bcf9r64N8b4hY=,/968F03/GKRyDqWdEUR6GHriSyo=
-78,0,amQfHFtyDilGL6bcf9r64N8b4hY=,3ihmcx/xEKnMtTnYLFfBxd7now4=
-69,0,amQfHFtyDilGL6bcf9r64N8b4hY=,/968F03/GKRyDqWdEUR6GHriSyo=
-80,8,amQfHFtyDilGL6bcf9r64N8b4hY=,qtndYiLiKTsW5Azn7PAc8UXfvYA=
-80,9,amQfHFtyDilGL6bcf9r64N8b4hY=,qtndYiLiKTsW5Azn7PAc8UXfvYA=
-80,15,amQfHFtyDilGL6bcf9r64N8b4hY=,qtndYiLiKTsW5Azn7PAc8UXfvYA=
-76,15,amQfHFtyDilGL6bcf9r64N8b4hY=,qtndYiLiKTsW5Azn7PAc8UXfvYA=
-80,12,amQfHFtyDilGL6bcf9r64N8b4hY=,qtndYiLiKTsW5Azn7PAc8UXfvYA=
-80,14,amQfHFtyDilGL6bcf9r64N8b4hY=,qtndYiLiKTsW5Azn7PAc8UXfvYA=
-80,10,amQfHFtyDilGL6bcf9r64N8b4hY=,qtndYiLiKTsW5Azn7PAc8UXfvYA=
-65,0,amQfHFtyDilGL6bcf9r64N8b4hY=,/968F03/GKRyDqWdEUR6GHriSyo=
-80,11,amQfHFtyDilGL6bcf9r64N8b4hY=,qtndYiLiKTsW5Azn7PAc8UXfvYA=
-80,7,amQfHFtyDilGL6bcf9r64N8b4hY=,3ihmcx/xEKnMtTnYLFfBxd7now4=
-73,15,amQfHFtyDilGL6bcf9r64N8b4hY=,qtndYiLiKTsW5Azn7PAc8UXfvYA=
-77,15,amQfHFtyDilGL6bcf9r64N8b4hY=,qtndYiLiKTsW5Azn7PAc8UXfvYA=
-80,0,amQfHFtyDilGL6bcf9r64N8b4hY=,3ihmcx/xEKnMtTnYLFfBxd7now4=
-72,15,amQfHFtyDilGL6bcf9r64N8b4hY=,0TWlR4kpSsnnRhghjnljh+f7YZQ=
-75,15,amQfHFtyDilGL6bcf9r64N8b4hY=,qtndYiLiKTsW5Azn7PAc8UXfvYA=
-65,15,amQfHFtyDilGL6bcf9r64N8b4hY=,0TWlR4kpSsnnRhghjnljh+f7YZQ=
-74,15,amQfHFtyDilGL6bcf9r64N8b4hY=,qtndYiLiKTsW5Azn7PAc8UXfvYA=
-66,15,amQfHFtyDilGL6bcf9r64N8b4hY=,0TWlR4kpSsnnRhghjnljh+f7YZQ=
-80,13,amQfHFtyDilGL6bcf9r64N8b4hY=,qtndYiLiKTsW5Azn7PAc8UXfvYA=
-79,15,amQfHFtyDilGL6bcf9r64N8b4hY=,qtndYiLiKTsW5Azn7PAc8UXfvYA=
-67,15,amQfHFtyDilGL6bcf9r64N8b4hY=,0TWlR4kpSsnnRhghjnljh+f7YZQ=
-71,15,amQfHFtyDilGL6bcf9r64N8b4hY=,0TWlR4kpSsnnRhghjnljh+f7YZQ=
-68,15,amQfHFtyDilGL6bcf9r64N8b4hY=,0TWlR4kpSsnnRhghjnljh+f7YZQ=
-69,15,amQfHFtyDilGL6bcf9r64N8b4hY=,0TWlR4kpSsnnRhghjnljh+f7YZQ=
-70,15,amQfHFtyDilGL6bcf9r64N8b4hY=,0TWlR4kpSsnnRhghjnljh+f7YZQ=
-78,15,amQfHFtyDilGL6bcf9r64N8b4hY=,qtndYiLiKTsW5Azn7PAc8UXfvYA=
