25,-4,mCicOxzie7bN3VzQhaiOiaZvV5U=,9Hq3buVRf8rqKKnbtwsgj/7SXPo=
29,-2,mCicOxzie7bN3VzQhaiOiaZvV5U=,9Hq3buVRf8rqKKnbtwsgj/7SXPo=
25,-5,mCicOxzie7bN3VzQhaiOiaZvV5U=,9Hq3buVRf8rqKKnbtwsgj/7SXPo=
28,-2,mCicOxzie7bN3VzQhaiOiaZvV5U=,9Hq3buVRf8rqKKnbtwsgj/7SXPo=
30,-4,mCicOxzie7bN3VzQhaiOiaZvV5U=,9Hq3buVRf8rqKKnbtwsgj/7SXPo=
29,-4,mCicOxzie7bN3VzQhaiOiaZvV5U=,9Hq3buVRf8rqKKnbtwsgj/7SXPo=
25,-6,mCicOxzie7bN3VzQhaiOiaZvV5U=,9Hq3buVRf8rqKKnbtwsgj/7SXPo=
30,-5,mCicOxzie7bN3VzQhaiOiaZvV5U=,9Hq3buVRf8rqKKnbtwsgj/7SXPo=
27,-2,mCicOxzie7bN3VzQhaiOiaZvV5U=,9Hq3buVRf8rqKKnbtwsgj/7SXPo=
30,-6,mCicOxzie7bN3VzQhaiOiaZvV5U=,9Hq3buVRf8rqKKnbtwsgj/7SXPo=
29,-5,mCicOxzie7bN3VzQhaiOiaZvV5U=,9Hq3buVRf8rqKKnbtwsgj/7SXPo=
26,-2,mCicOxzie7bN3VzQhaiOiaZvV5U=,9Hq3buVRf8rqKKnbtwsgj/7SXPo=
28,-5,mCicOxzie7bN3VzQhaiOiaZvV5U=,9Hq3buVRf8rqKKnbtwsgj/7SXPo=
27,-7,mCicOxzie7bN3VzQhaiOiaZvV5U=,9Hq3buVRf8rqKKnbtwsgj/7SXPo=
29,-6,mCicOxzie7bN3VzQhaiOiaZvV5U=,9Hq3buVRf8rqKKnbtwsgj/7SXPo=
26,-7,mCicOxzie7bN3VzQhaiOiaZvV5U=,9Hq3buVRf8rqKKnbtwsgj/7SXPo=
28,-6,mCicOxzie7bN3VzQhaiOiaZvV5U=,9Hq3buVRf8rqKKnbtwsgj/7SXPo=
25,-7,mCicOxzie7bN3VzQhaiOiaZvV5U=,9Hq3buVRf8rqKKnbtwsgj/7SXPo=
25,-2,mCicOxzie7bN3VzQhaiOiaZvV5U=,9Hq3buVRf8rqKKnbtwsgj/7SXPo=
30,-7,mCicOxzie7bN3VzQhaiOiaZvV5U=,9Hq3buVRf8rqKKnbtwsgj/7SXPo=
27,-5,mCicOxzie7bN3VzQhaiOiaZvV5U=,9Hq3buVRf8rqKKnbtwsgj/7SXPo=
29,-7,mCicOxzie7bN3VzQhaiOiaZvV5U=,9Hq3buVRf8rqKKnbtwsgj/7SXPo=
27,-6,mCicOxzie7bN3VzQhaiOiaZvV5U=,9Hq3buVRf8rqKKnbtwsgj/7SXPo=
29,-3,mCicOxzie7bN3VzQhaiOiaZvV5U=,9Hq3buVRf8rqKKnbtwsgj/7SXPo=
28,-3,mCicOxzie7bN3VzQhaiOiaZvV5U=,9Hq3buVRf8rqKKnbtwsgj/7SXPo=
27,-3,mCicOxzie7bN3VzQhaiOiaZvV5U=,9Hq3buVRf8rqKKnbtwsgj/7SXPo=
26,-3,mCicOxzie7bN3VzQhaiOiaZvV5U=,9Hq3buVRf8rqKKnbtwsgj/7SXPo=
25,-3,mCicOxzie7bN3VzQhaiOiaZvV5U=,9Hq3buVRf8rqKKnbtwsgj/7SXPo=
26,-5,mCicOxzie7bN3VzQhaiOiaZvV5U=,9Hq3buVRf8rqKKnbtwsgj/7SXPo=
28,-4,mCicOxzie7bN3VzQhaiOiaZvV5U=,9Hq3buVRf8rqKKnbtwsgj/7SXPo=
30,-3,mCicOxzie7bN3VzQhaiOiaZvV5U=,9Hq3buVRf8rqKKnbtwsgj/7SXPo=
28,-7,mCicOxzie7bN3VzQhaiOiaZvV5U=,9Hq3buVRf8rqKKnbtwsgj/7SXPo=
26,-6,mCicOxzie7bN3VzQhaiOiaZvV5U=,9Hq3buVRf8rqKKnbtwsgj/7SXPo=
30,-2,mCicOxzie7bN3VzQhaiOiaZvV5U=,9Hq3buVRf8rqKKnbtwsgj/7SXPo=
27,-4,mCicOxzie7bN3VzQhaiOiaZvV5U=,9Hq3buVRf8rqKKnbtwsgj/7SXPo=
26,-4,mCicOxzie7bN3VzQhaiOiaZvV5U=,9Hq3buVRf8rqKKnbtwsgj/7SXPo=
28,-1,mCicOxzie7bN3VzQhaiOiaZvV5U=,9Hq3buVRf8rqKKnbtwsgj/7SXPo=
29,-1,mCicOxzie7bN3VzQhaiOiaZvV5U=,9Hq3buVRf8rqKKnbtwsgj/7SXPo=
30,-1,mCicOxzie7bN3VzQhaiOiaZvV5U=,9Hq3buVRf8rqKKnbtwsgj/7SXPo=
25,-1,mCicOxzie7bN3VzQhaiOiaZvV5U=,9Hq3buVRf8rqKKnbtwsgj/7SXPo=
26,-1,mCicOxzie7bN3VzQhaiOiaZvV5U=,9Hq3buVRf8rqKKnbtwsgj/7SXPo=
27,-1,mCicOxzie7bN3VzQhaiOiaZvV5U=,9Hq3buVRf8rqKKnbtwsgj/7SXPo=
31,-3,mCicOxzie7bN3VzQhaiOiaZvV5U=,9Hq3buVRf8rqKKnbtwsgj/7SXPo=
31,-2,mCicOxzie7bN3VzQhaiOiaZvV5U=,9Hq3buVRf8rqKKnbtwsgj/7SXPo=
31,-7,mCicOxzie7bN3VzQhaiOiaZvV5U=,9Hq3buVRf8rqKKnbtwsgj/7SXPo=
31,-6,mCicOxzie7bN3VzQhaiOiaZvV5U=,9Hq3buVRf8rqKKnbtwsgj/7SXPo=
31,-5,mCicOxzie7bN3VzQhaiOiaZvV5U=,9Hq3buVRf8rqKKnbtwsgj/7SXPo=
31,-4,mCicOxzie7bN3VzQhaiOiaZvV5U=,9Hq3buVRf8rqKKnbtwsgj/7SXPo=
31,-1,mCicOxzie7bN3VzQhaiOiaZvV5U=,9Hq3buVRf8rqKKnbtwsgj/7SXPo=
28,-9,mCicOxzie7bN3VzQhaiOiaZvV5U=,9uFTIMk6DukufWNA8TJoYgQe8ho=
29,-9,mCicOxzie7bN3VzQhaiOiaZvV5U=,9uFTIMk6DukufWNA8TJoYgQe8ho=
30,-9,uhOPEqDu9KHLFShqCeKFaED+5xA=,9uFTIMk6DukufWNA8TJoYgQe8ho=
27,-9,uhOPEqDu9KHLFShqCeKFaED+5xA=,9uFTIMk6DukufWNA8TJoYgQe8ho=
26,-9,uhOPEqDu9KHLFShqCeKFaED+5xA=,9uFTIMk6DukufWNA8TJoYgQe8ho=
25,-9,uhOPEqDu9KHLFShqCeKFaED+5xA=,9uFTIMk6DukufWNA8TJoYgQe8ho=
25,-8,uhOPEqDu9KHLFShqCeKFaED+5xA=,9Hq3buVRf8rqKKnbtwsgj/7SXPo=
31,-10,uhOPEqDu9KHLFShqCeKFaED+5xA=,9uFTIMk6DukufWNA8TJoYgQe8ho=
29,-10,uhOPEqDu9KHLFShqCeKFaED+5xA=,9uFTIMk6DukufWNA8TJoYgQe8ho=
28,-10,uhOPEqDu9KHLFShqCeKFaED+5xA=,9uFTIMk6DukufWNA8TJoYgQe8ho=
27,-10,uhOPEqDu9KHLFShqCeKFaED+5xA=,9uFTIMk6DukufWNA8TJoYgQe8ho=
30,-10,uhOPEqDu9KHLFShqCeKFaED+5xA=,9uFTIMk6DukufWNA8TJoYgQe8ho=
26,-10,uhOPEqDu9KHLFShqCeKFaED+5xA=,9uFTIMk6DukufWNA8TJoYgQe8ho=
25,-10,uhOPEqDu9KHLFShqCeKFaED+5xA=,9uFTIMk6DukufWNA8TJoYgQe8ho=
29,-11,uhOPEqDu9KHLFShqCeKFaED+5xA=,9uFTIMk6DukufWNA8TJoYgQe8ho=
31,-11,uhOPEqDu9KHLFShqCeKFaED+5xA=,9uFTIMk6DukufWNA8TJoYgQe8ho=
30,-11,uhOPEqDu9KHLFShqCeKFaED+5xA=,9uFTIMk6DukufWNA8TJoYgQe8ho=
27,-11,uhOPEqDu9KHLFShqCeKFaED+5xA=,9uFTIMk6DukufWNA8TJoYgQe8ho=
26,-11,uhOPEqDu9KHLFShqCeKFaED+5xA=,9uFTIMk6DukufWNA8TJoYgQe8ho=
25,-11,uhOPEqDu9KHLFShqCeKFaED+5xA=,9uFTIMk6DukufWNA8TJoYgQe8ho=
31,-12,uhOPEqDu9KHLFShqCeKFaED+5xA=,9uFTIMk6DukufWNA8TJoYgQe8ho=
28,-11,uhOPEqDu9KHLFShqCeKFaED+5xA=,9uFTIMk6DukufWNA8TJoYgQe8ho=
30,-12,uhOPEqDu9KHLFShqCeKFaED+5xA=,9uFTIMk6DukufWNA8TJoYgQe8ho=
29,-12,uhOPEqDu9KHLFShqCeKFaED+5xA=,9uFTIMk6DukufWNA8TJoYgQe8ho=
27,-12,uhOPEqDu9KHLFShqCeKFaED+5xA=,9uFTIMk6DukufWNA8TJoYgQe8ho=
26,-12,uhOPEqDu9KHLFShqCeKFaED+5xA=,9uFTIMk6DukufWNA8TJoYgQe8ho=
28,-12,uhOPEqDu9KHLFShqCeKFaED+5xA=,9uFTIMk6DukufWNA8TJoYgQe8ho=
25,-12,uhOPEqDu9KHLFShqCeKFaED+5xA=,9uFTIMk6DukufWNA8TJoYgQe8ho=
31,-13,uhOPEqDu9KHLFShqCeKFaED+5xA=,9uFTIMk6DukufWNA8TJoYgQe8ho=
30,-13,uhOPEqDu9KHLFShqCeKFaED+5xA=,9uFTIMk6DukufWNA8TJoYgQe8ho=
27,-8,uhOPEqDu9KHLFShqCeKFaED+5xA=,9Hq3buVRf8rqKKnbtwsgj/7SXPo=
29,-13,uhOPEqDu9KHLFShqCeKFaED+5xA=,9uFTIMk6DukufWNA8TJoYgQe8ho=
27,-13,uhOPEqDu9KHLFShqCeKFaED+5xA=,9uFTIMk6DukufWNA8TJoYgQe8ho=
26,-13,uhOPEqDu9KHLFShqCeKFaED+5xA=,9uFTIMk6DukufWNA8TJoYgQe8ho=
28,-13,uhOPEqDu9KHLFShqCeKFaED+5xA=,9uFTIMk6DukufWNA8TJoYgQe8ho=
31,-14,uhOPEqDu9KHLFShqCeKFaED+5xA=,9uFTIMk6DukufWNA8TJoYgQe8ho=
30,-14,uhOPEqDu9KHLFShqCeKFaED+5xA=,9uFTIMk6DukufWNA8TJoYgQe8ho=
29,-14,uhOPEqDu9KHLFShqCeKFaED+5xA=,9uFTIMk6DukufWNA8TJoYgQe8ho=
25,-13,uhOPEqDu9KHLFShqCeKFaED+5xA=,9uFTIMk6DukufWNA8TJoYgQe8ho=
27,-14,uhOPEqDu9KHLFShqCeKFaED+5xA=,9uFTIMk6DukufWNA8TJoYgQe8ho=
28,-14,uhOPEqDu9KHLFShqCeKFaED+5xA=,9uFTIMk6DukufWNA8TJoYgQe8ho=
31,-8,uhOPEqDu9KHLFShqCeKFaED+5xA=,9Hq3buVRf8rqKKnbtwsgj/7SXPo=
30,-8,uhOPEqDu9KHLFShqCeKFaED+5xA=,9Hq3buVRf8rqKKnbtwsgj/7SXPo=
29,-8,uhOPEqDu9KHLFShqCeKFaED+5xA=,9Hq3buVRf8rqKKnbtwsgj/7SXPo=
26,-8,uhOPEqDu9KHLFShqCeKFaED+5xA=,9Hq3buVRf8rqKKnbtwsgj/7SXPo=
26,-14,uhOPEqDu9KHLFShqCeKFaED+5xA=,9uFTIMk6DukufWNA8TJoYgQe8ho=
31,-15,uhOPEqDu9KHLFShqCeKFaED+5xA=,9uFTIMk6DukufWNA8TJoYgQe8ho=
25,-14,uhOPEqDu9KHLFShqCeKFaED+5xA=,9uFTIMk6DukufWNA8TJoYgQe8ho=
30,-15,uhOPEqDu9KHLFShqCeKFaED+5xA=,9uFTIMk6DukufWNA8TJoYgQe8ho=
28,-8,uhOPEqDu9KHLFShqCeKFaED+5xA=,9Hq3buVRf8rqKKnbtwsgj/7SXPo=
29,-15,uhOPEqDu9KHLFShqCeKFaED+5xA=,9uFTIMk6DukufWNA8TJoYgQe8ho=
27,-15,uhOPEqDu9KHLFShqCeKFaED+5xA=,9uFTIMk6DukufWNA8TJoYgQe8ho=
28,-15,uhOPEqDu9KHLFShqCeKFaED+5xA=,9uFTIMk6DukufWNA8TJoYgQe8ho=
31,-16,uhOPEqDu9KHLFShqCeKFaED+5xA=,9uFTIMk6DukufWNA8TJoYgQe8ho=
29,-16,uhOPEqDu9KHLFShqCeKFaED+5xA=,9uFTIMk6DukufWNA8TJoYgQe8ho=
30,-16,uhOPEqDu9KHLFShqCeKFaED+5xA=,9uFTIMk6DukufWNA8TJoYgQe8ho=
28,-16,uhOPEqDu9KHLFShqCeKFaED+5xA=,9uFTIMk6DukufWNA8TJoYgQe8ho=
27,-16,uhOPEqDu9KHLFShqCeKFaED+5xA=,9uFTIMk6DukufWNA8TJoYgQe8ho=
31,-9,uhOPEqDu9KHLFShqCeKFaED+5xA=,9uFTIMk6DukufWNA8TJoYgQe8ho=
26,-15,uhOPEqDu9KHLFShqCeKFaED+5xA=,9uFTIMk6DukufWNA8TJoYgQe8ho=
25,-15,uhOPEqDu9KHLFShqCeKFaED+5xA=,9uFTIMk6DukufWNA8TJoYgQe8ho=
25,-16,uhOPEqDu9KHLFShqCeKFaED+5xA=,9uFTIMk6DukufWNA8TJoYgQe8ho=
26,-16,uhOPEqDu9KHLFShqCeKFaED+5xA=,9uFTIMk6DukufWNA8TJoYgQe8ho=
24,-4,uhOPEqDu9KHLFShqCeKFaED+5xA=,9Hq3buVRf8rqKKnbtwsgj/7SXPo=
23,-1,uhOPEqDu9KHLFShqCeKFaED+5xA=,T3YrP1YmrlWNXyNyOXIS+oYxFmg=
20,-5,uhOPEqDu9KHLFShqCeKFaED+5xA=,T3YrP1YmrlWNXyNyOXIS+oYxFmg=
18,-5,uhOPEqDu9KHLFShqCeKFaED+5xA=,T3YrP1YmrlWNXyNyOXIS+oYxFmg=
19,-5,uhOPEqDu9KHLFShqCeKFaED+5xA=,T3YrP1YmrlWNXyNyOXIS+oYxFmg=
22,-1,uhOPEqDu9KHLFShqCeKFaED+5xA=,T3YrP1YmrlWNXyNyOXIS+oYxFmg=
23,-6,uhOPEqDu9KHLFShqCeKFaED+5xA=,T3YrP1YmrlWNXyNyOXIS+oYxFmg=
21,-1,uhOPEqDu9KHLFShqCeKFaED+5xA=,T3YrP1YmrlWNXyNyOXIS+oYxFmg=
22,-6,uhOPEqDu9KHLFShqCeKFaED+5xA=,T3YrP1YmrlWNXyNyOXIS+oYxFmg=
21,-6,uhOPEqDu9KHLFShqCeKFaED+5xA=,T3YrP1YmrlWNXyNyOXIS+oYxFmg=
20,-6,uhOPEqDu9KHLFShqCeKFaED+5xA=,T3YrP1YmrlWNXyNyOXIS+oYxFmg=
17,-5,uhOPEqDu9KHLFShqCeKFaED+5xA=,T3YrP1YmrlWNXyNyOXIS+oYxFmg=
16,-5,uhOPEqDu9KHLFShqCeKFaED+5xA=,T3YrP1YmrlWNXyNyOXIS+oYxFmg=
19,-6,uhOPEqDu9KHLFShqCeKFaED+5xA=,T3YrP1YmrlWNXyNyOXIS+oYxFmg=
18,-6,uhOPEqDu9KHLFShqCeKFaED+5xA=,T3YrP1YmrlWNXyNyOXIS+oYxFmg=
23,-7,uhOPEqDu9KHLFShqCeKFaED+5xA=,T3YrP1YmrlWNXyNyOXIS+oYxFmg=
22,-7,uhOPEqDu9KHLFShqCeKFaED+5xA=,T3YrP1YmrlWNXyNyOXIS+oYxFmg=
21,-7,uhOPEqDu9KHLFShqCeKFaED+5xA=,T3YrP1YmrlWNXyNyOXIS+oYxFmg=
20,-1,uhOPEqDu9KHLFShqCeKFaED+5xA=,T3YrP1YmrlWNXyNyOXIS+oYxFmg=
20,-7,uhOPEqDu9KHLFShqCeKFaED+5xA=,T3YrP1YmrlWNXyNyOXIS+oYxFmg=
16,-6,uhOPEqDu9KHLFShqCeKFaED+5xA=,T3YrP1YmrlWNXyNyOXIS+oYxFmg=
19,-7,uhOPEqDu9KHLFShqCeKFaED+5xA=,T3YrP1YmrlWNXyNyOXIS+oYxFmg=
18,-7,uhOPEqDu9KHLFShqCeKFaED+5xA=,T3YrP1YmrlWNXyNyOXIS+oYxFmg=
17,-6,uhOPEqDu9KHLFShqCeKFaED+5xA=,T3YrP1YmrlWNXyNyOXIS+oYxFmg=
19,-1,uhOPEqDu9KHLFShqCeKFaED+5xA=,T3YrP1YmrlWNXyNyOXIS+oYxFmg=
17,-7,uhOPEqDu9KHLFShqCeKFaED+5xA=,T3YrP1YmrlWNXyNyOXIS+oYxFmg=
16,-7,uhOPEqDu9KHLFShqCeKFaED+5xA=,T3YrP1YmrlWNXyNyOXIS+oYxFmg=
24,-1,uhOPEqDu9KHLFShqCeKFaED+5xA=,9Hq3buVRf8rqKKnbtwsgj/7SXPo=
24,-5,uhOPEqDu9KHLFShqCeKFaED+5xA=,9Hq3buVRf8rqKKnbtwsgj/7SXPo=
24,-6,uhOPEqDu9KHLFShqCeKFaED+5xA=,9Hq3buVRf8rqKKnbtwsgj/7SXPo=
18,-1,uhOPEqDu9KHLFShqCeKFaED+5xA=,T3YrP1YmrlWNXyNyOXIS+oYxFmg=
23,-2,uhOPEqDu9KHLFShqCeKFaED+5xA=,T3YrP1YmrlWNXyNyOXIS+oYxFmg=
22,-2,uhOPEqDu9KHLFShqCeKFaED+5xA=,T3YrP1YmrlWNXyNyOXIS+oYxFmg=
17,-1,uhOPEqDu9KHLFShqCeKFaED+5xA=,T3YrP1YmrlWNXyNyOXIS+oYxFmg=
21,-2,uhOPEqDu9KHLFShqCeKFaED+5xA=,T3YrP1YmrlWNXyNyOXIS+oYxFmg=
20,-2,uhOPEqDu9KHLFShqCeKFaED+5xA=,T3YrP1YmrlWNXyNyOXIS+oYxFmg=
19,-2,uhOPEqDu9KHLFShqCeKFaED+5xA=,T3YrP1YmrlWNXyNyOXIS+oYxFmg=
18,-2,uhOPEqDu9KHLFShqCeKFaED+5xA=,T3YrP1YmrlWNXyNyOXIS+oYxFmg=
16,-1,uhOPEqDu9KHLFShqCeKFaED+5xA=,T3YrP1YmrlWNXyNyOXIS+oYxFmg=
23,-3,uhOPEqDu9KHLFShqCeKFaED+5xA=,T3YrP1YmrlWNXyNyOXIS+oYxFmg=
22,-3,uhOPEqDu9KHLFShqCeKFaED+5xA=,T3YrP1YmrlWNXyNyOXIS+oYxFmg=
21,-3,uhOPEqDu9KHLFShqCeKFaED+5xA=,T3YrP1YmrlWNXyNyOXIS+oYxFmg=
20,-3,uhOPEqDu9KHLFShqCeKFaED+5xA=,T3YrP1YmrlWNXyNyOXIS+oYxFmg=
16,-2,uhOPEqDu9KHLFShqCeKFaED+5xA=,T3YrP1YmrlWNXyNyOXIS+oYxFmg=
19,-3,uhOPEqDu9KHLFShqCeKFaED+5xA=,T3YrP1YmrlWNXyNyOXIS+oYxFmg=
17,-2,uhOPEqDu9KHLFShqCeKFaED+5xA=,T3YrP1YmrlWNXyNyOXIS+oYxFmg=
18,-3,uhOPEqDu9KHLFShqCeKFaED+5xA=,T3YrP1YmrlWNXyNyOXIS+oYxFmg=
17,-3,uhOPEqDu9KHLFShqCeKFaED+5xA=,T3YrP1YmrlWNXyNyOXIS+oYxFmg=
24,-7,uhOPEqDu9KHLFShqCeKFaED+5xA=,9Hq3buVRf8rqKKnbtwsgj/7SXPo=
23,-4,uhOPEqDu9KHLFShqCeKFaED+5xA=,T3YrP1YmrlWNXyNyOXIS+oYxFmg=
22,-4,uhOPEqDu9KHLFShqCeKFaED+5xA=,T3YrP1YmrlWNXyNyOXIS+oYxFmg=
21,-4,uhOPEqDu9KHLFShqCeKFaED+5xA=,T3YrP1YmrlWNXyNyOXIS+oYxFmg=
20,-4,uhOPEqDu9KHLFShqCeKFaED+5xA=,T3YrP1YmrlWNXyNyOXIS+oYxFmg=
24,-3,uhOPEqDu9KHLFShqCeKFaED+5xA=,9Hq3buVRf8rqKKnbtwsgj/7SXPo=
24,-2,uhOPEqDu9KHLFShqCeKFaED+5xA=,9Hq3buVRf8rqKKnbtwsgj/7SXPo=
18,-4,uhOPEqDu9KHLFShqCeKFaED+5xA=,T3YrP1YmrlWNXyNyOXIS+oYxFmg=
19,-4,uhOPEqDu9KHLFShqCeKFaED+5xA=,T3YrP1YmrlWNXyNyOXIS+oYxFmg=
16,-3,uhOPEqDu9KHLFShqCeKFaED+5xA=,T3YrP1YmrlWNXyNyOXIS+oYxFmg=
23,-5,uhOPEqDu9KHLFShqCeKFaED+5xA=,T3YrP1YmrlWNXyNyOXIS+oYxFmg=
17,-4,uhOPEqDu9KHLFShqCeKFaED+5xA=,T3YrP1YmrlWNXyNyOXIS+oYxFmg=
21,-5,uhOPEqDu9KHLFShqCeKFaED+5xA=,T3YrP1YmrlWNXyNyOXIS+oYxFmg=
22,-5,uhOPEqDu9KHLFShqCeKFaED+5xA=,T3YrP1YmrlWNXyNyOXIS+oYxFmg=
16,-4,uhOPEqDu9KHLFShqCeKFaED+5xA=,T3YrP1YmrlWNXyNyOXIS+oYxFmg=
19,-11,uhOPEqDu9KHLFShqCeKFaED+5xA=,9uFTIMk6DukufWNA8TJoYgQe8ho=
18,-11,uhOPEqDu9KHLFShqCeKFaED+5xA=,9uFTIMk6DukufWNA8TJoYgQe8ho=
23,-12,uhOPEqDu9KHLFShqCeKFaED+5xA=,9uFTIMk6DukufWNA8TJoYgQe8ho=
22,-12,uhOPEqDu9KHLFShqCeKFaED+5xA=,9uFTIMk6DukufWNA8TJoYgQe8ho=
21,-12,uhOPEqDu9KHLFShqCeKFaED+5xA=,9uFTIMk6DukufWNA8TJoYgQe8ho=
17,-11,uhOPEqDu9KHLFShqCeKFaED+5xA=,9uFTIMk6DukufWNA8TJoYgQe8ho=
16,-11,uhOPEqDu9KHLFShqCeKFaED+5xA=,9uFTIMk6DukufWNA8TJoYgQe8ho=
20,-12,uhOPEqDu9KHLFShqCeKFaED+5xA=,9uFTIMk6DukufWNA8TJoYgQe8ho=
18,-12,uhOPEqDu9KHLFShqCeKFaED+5xA=,9uFTIMk6DukufWNA8TJoYgQe8ho=
24,-9,uhOPEqDu9KHLFShqCeKFaED+5xA=,9uFTIMk6DukufWNA8TJoYgQe8ho=
24,-10,uhOPEqDu9KHLFShqCeKFaED+5xA=,9uFTIMk6DukufWNA8TJoYgQe8ho=
22,-8,uhOPEqDu9KHLFShqCeKFaED+5xA=,T3YrP1YmrlWNXyNyOXIS+oYxFmg=
23,-8,uhOPEqDu9KHLFShqCeKFaED+5xA=,T3YrP1YmrlWNXyNyOXIS+oYxFmg=
21,-8,uhOPEqDu9KHLFShqCeKFaED+5xA=,T3YrP1YmrlWNXyNyOXIS+oYxFmg=
19,-12,uhOPEqDu9KHLFShqCeKFaED+5xA=,9uFTIMk6DukufWNA8TJoYgQe8ho=
20,-8,uhOPEqDu9KHLFShqCeKFaED+5xA=,T3YrP1YmrlWNXyNyOXIS+oYxFmg=
17,-12,uhOPEqDu9KHLFShqCeKFaED+5xA=,9uFTIMk6DukufWNA8TJoYgQe8ho=
19,-8,uhOPEqDu9KHLFShqCeKFaED+5xA=,T3YrP1YmrlWNXyNyOXIS+oYxFmg=
23,-13,uhOPEqDu9KHLFShqCeKFaED+5xA=,9uFTIMk6DukufWNA8TJoYgQe8ho=
16,-12,uhOPEqDu9KHLFShqCeKFaED+5xA=,9uFTIMk6DukufWNA8TJoYgQe8ho=
21,-11,uhOPEqDu9KHLFShqCeKFaED+5xA=,9uFTIMk6DukufWNA8TJoYgQe8ho=
20,-11,uhOPEqDu9KHLFShqCeKFaED+5xA=,9uFTIMk6DukufWNA8TJoYgQe8ho=
22,-11,uhOPEqDu9KHLFShqCeKFaED+5xA=,9uFTIMk6DukufWNA8TJoYgQe8ho=
22,-13,uhOPEqDu9KHLFShqCeKFaED+5xA=,9uFTIMk6DukufWNA8TJoYgQe8ho=
21,-13,uhOPEqDu9KHLFShqCeKFaED+5xA=,9uFTIMk6DukufWNA8TJoYgQe8ho=
18,-8,uhOPEqDu9KHLFShqCeKFaED+5xA=,T3YrP1YmrlWNXyNyOXIS+oYxFmg=
23,-9,uhOPEqDu9KHLFShqCeKFaED+5xA=,9uFTIMk6DukufWNA8TJoYgQe8ho=
24,-11,uhOPEqDu9KHLFShqCeKFaED+5xA=,9uFTIMk6DukufWNA8TJoYgQe8ho=
22,-9,uhOPEqDu9KHLFShqCeKFaED+5xA=,9uFTIMk6DukufWNA8TJoYgQe8ho=
17,-8,uhOPEqDu9KHLFShqCeKFaED+5xA=,T3YrP1YmrlWNXyNyOXIS+oYxFmg=
21,-9,uhOPEqDu9KHLFShqCeKFaED+5xA=,9uFTIMk6DukufWNA8TJoYgQe8ho=
20,-13,uhOPEqDu9KHLFShqCeKFaED+5xA=,9uFTIMk6DukufWNA8TJoYgQe8ho=
16,-8,uhOPEqDu9KHLFShqCeKFaED+5xA=,T3YrP1YmrlWNXyNyOXIS+oYxFmg=
19,-13,uhOPEqDu9KHLFShqCeKFaED+5xA=,9uFTIMk6DukufWNA8TJoYgQe8ho=
19,-9,uhOPEqDu9KHLFShqCeKFaED+5xA=,9uFTIMk6DukufWNA8TJoYgQe8ho=
18,-13,uhOPEqDu9KHLFShqCeKFaED+5xA=,9uFTIMk6DukufWNA8TJoYgQe8ho=
20,-9,uhOPEqDu9KHLFShqCeKFaED+5xA=,9uFTIMk6DukufWNA8TJoYgQe8ho=
23,-14,uhOPEqDu9KHLFShqCeKFaED+5xA=,9uFTIMk6DukufWNA8TJoYgQe8ho=
24,-12,uhOPEqDu9KHLFShqCeKFaED+5xA=,9uFTIMk6DukufWNA8TJoYgQe8ho=
18,-9,uhOPEqDu9KHLFShqCeKFaED+5xA=,9uFTIMk6DukufWNA8TJoYgQe8ho=
17,-9,uhOPEqDu9KHLFShqCeKFaED+5xA=,9uFTIMk6DukufWNA8TJoYgQe8ho=
16,-13,uhOPEqDu9KHLFShqCeKFaED+5xA=,9uFTIMk6DukufWNA8TJoYgQe8ho=
22,-14,uhOPEqDu9KHLFShqCeKFaED+5xA=,9uFTIMk6DukufWNA8TJoYgQe8ho=
21,-14,uhOPEqDu9KHLFShqCeKFaED+5xA=,9uFTIMk6DukufWNA8TJoYgQe8ho=
17,-13,uhOPEqDu9KHLFShqCeKFaED+5xA=,9uFTIMk6DukufWNA8TJoYgQe8ho=
24,-13,uhOPEqDu9KHLFShqCeKFaED+5xA=,9uFTIMk6DukufWNA8TJoYgQe8ho=
20,-14,uhOPEqDu9KHLFShqCeKFaED+5xA=,9uFTIMk6DukufWNA8TJoYgQe8ho=
18,-14,uhOPEqDu9KHLFShqCeKFaED+5xA=,9uFTIMk6DukufWNA8TJoYgQe8ho=
16,-9,uhOPEqDu9KHLFShqCeKFaED+5xA=,9uFTIMk6DukufWNA8TJoYgQe8ho=
19,-14,uhOPEqDu9KHLFShqCeKFaED+5xA=,9uFTIMk6DukufWNA8TJoYgQe8ho=
17,-14,uhOPEqDu9KHLFShqCeKFaED+5xA=,9uFTIMk6DukufWNA8TJoYgQe8ho=
23,-15,uhOPEqDu9KHLFShqCeKFaED+5xA=,9uFTIMk6DukufWNA8TJoYgQe8ho=
16,-14,uhOPEqDu9KHLFShqCeKFaED+5xA=,9uFTIMk6DukufWNA8TJoYgQe8ho=
22,-15,uhOPEqDu9KHLFShqCeKFaED+5xA=,9uFTIMk6DukufWNA8TJoYgQe8ho=
21,-15,uhOPEqDu9KHLFShqCeKFaED+5xA=,9uFTIMk6DukufWNA8TJoYgQe8ho=
23,-10,uhOPEqDu9KHLFShqCeKFaED+5xA=,9uFTIMk6DukufWNA8TJoYgQe8ho=
24,-8,uhOPEqDu9KHLFShqCeKFaED+5xA=,9Hq3buVRf8rqKKnbtwsgj/7SXPo=
22,-10,uhOPEqDu9KHLFShqCeKFaED+5xA=,9uFTIMk6DukufWNA8TJoYgQe8ho=
21,-10,uhOPEqDu9KHLFShqCeKFaED+5xA=,9uFTIMk6DukufWNA8TJoYgQe8ho=
24,-14,uhOPEqDu9KHLFShqCeKFaED+5xA=,9uFTIMk6DukufWNA8TJoYgQe8ho=
20,-10,uhOPEqDu9KHLFShqCeKFaED+5xA=,9uFTIMk6DukufWNA8TJoYgQe8ho=
18,-15,uhOPEqDu9KHLFShqCeKFaED+5xA=,9uFTIMk6DukufWNA8TJoYgQe8ho=
24,-15,uhOPEqDu9KHLFShqCeKFaED+5xA=,9uFTIMk6DukufWNA8TJoYgQe8ho=
24,-16,uhOPEqDu9KHLFShqCeKFaED+5xA=,9uFTIMk6DukufWNA8TJoYgQe8ho=
23,-11,uhOPEqDu9KHLFShqCeKFaED+5xA=,9uFTIMk6DukufWNA8TJoYgQe8ho=
16,-10,uhOPEqDu9KHLFShqCeKFaED+5xA=,9uFTIMk6DukufWNA8TJoYgQe8ho=
17,-15,uhOPEqDu9KHLFShqCeKFaED+5xA=,9uFTIMk6DukufWNA8TJoYgQe8ho=
16,-15,uhOPEqDu9KHLFShqCeKFaED+5xA=,9uFTIMk6DukufWNA8TJoYgQe8ho=
22,-16,uhOPEqDu9KHLFShqCeKFaED+5xA=,9uFTIMk6DukufWNA8TJoYgQe8ho=
23,-16,uhOPEqDu9KHLFShqCeKFaED+5xA=,9uFTIMk6DukufWNA8TJoYgQe8ho=
16,-16,uhOPEqDu9KHLFShqCeKFaED+5xA=,9uFTIMk6DukufWNA8TJoYgQe8ho=
21,-16,uhOPEqDu9KHLFShqCeKFaED+5xA=,9uFTIMk6DukufWNA8TJoYgQe8ho=
20,-16,uhOPEqDu9KHLFShqCeKFaED+5xA=,9uFTIMk6DukufWNA8TJoYgQe8ho=
18,-16,uhOPEqDu9KHLFShqCeKFaED+5xA=,9uFTIMk6DukufWNA8TJoYgQe8ho=
17,-10,uhOPEqDu9KHLFShqCeKFaED+5xA=,9uFTIMk6DukufWNA8TJoYgQe8ho=
19,-16,uhOPEqDu9KHLFShqCeKFaED+5xA=,9uFTIMk6DukufWNA8TJoYgQe8ho=
19,-15,uhOPEqDu9KHLFShqCeKFaED+5xA=,9uFTIMk6DukufWNA8TJoYgQe8ho=
20,-15,uhOPEqDu9KHLFShqCeKFaED+5xA=,9uFTIMk6DukufWNA8TJoYgQe8ho=
17,-16,uhOPEqDu9KHLFShqCeKFaED+5xA=,9uFTIMk6DukufWNA8TJoYgQe8ho=
18,-10,uhOPEqDu9KHLFShqCeKFaED+5xA=,9uFTIMk6DukufWNA8TJoYgQe8ho=
19,-10,uhOPEqDu9KHLFShqCeKFaED+5xA=,9uFTIMk6DukufWNA8TJoYgQe8ho=
25,-31,j3RSzT+s6W7XvYtR+YFwWeePg5w=,9uFTIMk6DukufWNA8TJoYgQe8ho=
30,-26,j3RSzT+s6W7XvYtR+YFwWeePg5w=,9uFTIMk6DukufWNA8TJoYgQe8ho=
28,-26,j3RSzT+s6W7XvYtR+YFwWeePg5w=,9uFTIMk6DukufWNA8TJoYgQe8ho=
29,-26,j3RSzT+s6W7XvYtR+YFwWeePg5w=,9uFTIMk6DukufWNA8TJoYgQe8ho=
26,-26,j3RSzT+s6W7XvYtR+YFwWeePg5w=,9uFTIMk6DukufWNA8TJoYgQe8ho=
27,-26,j3RSzT+s6W7XvYtR+YFwWeePg5w=,9uFTIMk6DukufWNA8TJoYgQe8ho=
25,-26,j3RSzT+s6W7XvYtR+YFwWeePg5w=,9uFTIMk6DukufWNA8TJoYgQe8ho=
30,-27,j3RSzT+s6W7XvYtR+YFwWeePg5w=,9uFTIMk6DukufWNA8TJoYgQe8ho=
29,-27,j3RSzT+s6W7XvYtR+YFwWeePg5w=,9uFTIMk6DukufWNA8TJoYgQe8ho=
28,-27,j3RSzT+s6W7XvYtR+YFwWeePg5w=,9uFTIMk6DukufWNA8TJoYgQe8ho=
27,-27,j3RSzT+s6W7XvYtR+YFwWeePg5w=,9uFTIMk6DukufWNA8TJoYgQe8ho=
25,-27,j3RSzT+s6W7XvYtR+YFwWeePg5w=,9uFTIMk6DukufWNA8TJoYgQe8ho=
30,-28,j3RSzT+s6W7XvYtR+YFwWeePg5w=,9uFTIMk6DukufWNA8TJoYgQe8ho=
26,-27,j3RSzT+s6W7XvYtR+YFwWeePg5w=,9uFTIMk6DukufWNA8TJoYgQe8ho=
29,-28,j3RSzT+s6W7XvYtR+YFwWeePg5w=,9uFTIMk6DukufWNA8TJoYgQe8ho=
28,-28,j3RSzT+s6W7XvYtR+YFwWeePg5w=,9uFTIMk6DukufWNA8TJoYgQe8ho=
27,-28,j3RSzT+s6W7XvYtR+YFwWeePg5w=,9uFTIMk6DukufWNA8TJoYgQe8ho=
26,-28,j3RSzT+s6W7XvYtR+YFwWeePg5w=,9uFTIMk6DukufWNA8TJoYgQe8ho=
25,-28,j3RSzT+s6W7XvYtR+YFwWeePg5w=,9uFTIMk6DukufWNA8TJoYgQe8ho=
29,-29,j3RSzT+s6W7XvYtR+YFwWeePg5w=,9uFTIMk6DukufWNA8TJoYgQe8ho=
30,-29,j3RSzT+s6W7XvYtR+YFwWeePg5w=,9uFTIMk6DukufWNA8TJoYgQe8ho=
28,-29,j3RSzT+s6W7XvYtR+YFwWeePg5w=,9uFTIMk6DukufWNA8TJoYgQe8ho=
26,-29,j3RSzT+s6W7XvYtR+YFwWeePg5w=,9uFTIMk6DukufWNA8TJoYgQe8ho=
27,-29,j3RSzT+s6W7XvYtR+YFwWeePg5w=,9uFTIMk6DukufWNA8TJoYgQe8ho=
25,-29,j3RSzT+s6W7XvYtR+YFwWeePg5w=,9uFTIMk6DukufWNA8TJoYgQe8ho=
30,-30,j3RSzT+s6W7XvYtR+YFwWeePg5w=,9uFTIMk6DukufWNA8TJoYgQe8ho=
29,-30,j3RSzT+s6W7XvYtR+YFwWeePg5w=,9uFTIMk6DukufWNA8TJoYgQe8ho=
28,-30,j3RSzT+s6W7XvYtR+YFwWeePg5w=,9uFTIMk6DukufWNA8TJoYgQe8ho=
26,-30,j3RSzT+s6W7XvYtR+YFwWeePg5w=,9uFTIMk6DukufWNA8TJoYgQe8ho=
30,-31,j3RSzT+s6W7XvYtR+YFwWeePg5w=,9uFTIMk6DukufWNA8TJoYgQe8ho=
25,-30,j3RSzT+s6W7XvYtR+YFwWeePg5w=,9uFTIMk6DukufWNA8TJoYgQe8ho=
27,-30,j3RSzT+s6W7XvYtR+YFwWeePg5w=,9uFTIMk6DukufWNA8TJoYgQe8ho=
28,-31,j3RSzT+s6W7XvYtR+YFwWeePg5w=,9uFTIMk6DukufWNA8TJoYgQe8ho=
27,-31,j3RSzT+s6W7XvYtR+YFwWeePg5w=,9uFTIMk6DukufWNA8TJoYgQe8ho=
29,-31,j3RSzT+s6W7XvYtR+YFwWeePg5w=,9uFTIMk6DukufWNA8TJoYgQe8ho=
26,-31,j3RSzT+s6W7XvYtR+YFwWeePg5w=,9uFTIMk6DukufWNA8TJoYgQe8ho=
31,-31,j3RSzT+s6W7XvYtR+YFwWeePg5w=,9uFTIMk6DukufWNA8TJoYgQe8ho=
31,-30,j3RSzT+s6W7XvYtR+YFwWeePg5w=,9uFTIMk6DukufWNA8TJoYgQe8ho=
31,-29,j3RSzT+s6W7XvYtR+YFwWeePg5w=,9uFTIMk6DukufWNA8TJoYgQe8ho=
31,-28,j3RSzT+s6W7XvYtR+YFwWeePg5w=,9uFTIMk6DukufWNA8TJoYgQe8ho=
31,-27,j3RSzT+s6W7XvYtR+YFwWeePg5w=,9uFTIMk6DukufWNA8TJoYgQe8ho=
31,-26,j3RSzT+s6W7XvYtR+YFwWeePg5w=,9uFTIMk6DukufWNA8TJoYgQe8ho=
25,-32,j3RSzT+s6W7XvYtR+YFwWeePg5w=,9uFTIMk6DukufWNA8TJoYgQe8ho=
26,-32,j3RSzT+s6W7XvYtR+YFwWeePg5w=,9uFTIMk6DukufWNA8TJoYgQe8ho=
27,-32,j3RSzT+s6W7XvYtR+YFwWeePg5w=,9uFTIMk6DukufWNA8TJoYgQe8ho=
28,-32,j3RSzT+s6W7XvYtR+YFwWeePg5w=,9uFTIMk6DukufWNA8TJoYgQe8ho=
29,-32,j3RSzT+s6W7XvYtR+YFwWeePg5w=,9uFTIMk6DukufWNA8TJoYgQe8ho=
30,-32,j3RSzT+s6W7XvYtR+YFwWeePg5w=,9uFTIMk6DukufWNA8TJoYgQe8ho=
20,-27,j3RSzT+s6W7XvYtR+YFwWeePg5w=,f/Uj4mBndmJm8VNUddzLNsv28Z4=
21,-27,j3RSzT+s6W7XvYtR+YFwWeePg5w=,f/Uj4mBndmJm8VNUddzLNsv28Z4=
22,-27,j3RSzT+s6W7XvYtR+YFwWeePg5w=,f/Uj4mBndmJm8VNUddzLNsv28Z4=
23,-27,j3RSzT+s6W7XvYtR+YFwWeePg5w=,f/Uj4mBndmJm8VNUddzLNsv28Z4=
19,-27,j3RSzT+s6W7XvYtR+YFwWeePg5w=,f/Uj4mBndmJm8VNUddzLNsv28Z4=
16,-26,j3RSzT+s6W7XvYtR+YFwWeePg5w=,f/Uj4mBndmJm8VNUddzLNsv28Z4=
17,-26,j3RSzT+s6W7XvYtR+YFwWeePg5w=,f/Uj4mBndmJm8VNUddzLNsv28Z4=
18,-26,j3RSzT+s6W7XvYtR+YFwWeePg5w=,f/Uj4mBndmJm8VNUddzLNsv28Z4=
18,-27,j3RSzT+s6W7XvYtR+YFwWeePg5w=,f/Uj4mBndmJm8VNUddzLNsv28Z4=
19,-26,j3RSzT+s6W7XvYtR+YFwWeePg5w=,f/Uj4mBndmJm8VNUddzLNsv28Z4=
17,-27,j3RSzT+s6W7XvYtR+YFwWeePg5w=,f/Uj4mBndmJm8VNUddzLNsv28Z4=
20,-26,j3RSzT+s6W7XvYtR+YFwWeePg5w=,f/Uj4mBndmJm8VNUddzLNsv28Z4=
16,-27,j3RSzT+s6W7XvYtR+YFwWeePg5w=,f/Uj4mBndmJm8VNUddzLNsv28Z4=
17,-32,j3RSzT+s6W7XvYtR+YFwWeePg5w=,f/Uj4mBndmJm8VNUddzLNsv28Z4=
23,-28,j3RSzT+s6W7XvYtR+YFwWeePg5w=,f/Uj4mBndmJm8VNUddzLNsv28Z4=
21,-26,j3RSzT+s6W7XvYtR+YFwWeePg5w=,f/Uj4mBndmJm8VNUddzLNsv28Z4=
18,-32,j3RSzT+s6W7XvYtR+YFwWeePg5w=,f/Uj4mBndmJm8VNUddzLNsv28Z4=
22,-28,j3RSzT+s6W7XvYtR+YFwWeePg5w=,f/Uj4mBndmJm8VNUddzLNsv28Z4=
24,-32,j3RSzT+s6W7XvYtR+YFwWeePg5w=,9uFTIMk6DukufWNA8TJoYgQe8ho=
21,-28,j3RSzT+s6W7XvYtR+YFwWeePg5w=,f/Uj4mBndmJm8VNUddzLNsv28Z4=
22,-26,j3RSzT+s6W7XvYtR+YFwWeePg5w=,f/Uj4mBndmJm8VNUddzLNsv28Z4=
20,-28,j3RSzT+s6W7XvYtR+YFwWeePg5w=,f/Uj4mBndmJm8VNUddzLNsv28Z4=
19,-32,j3RSzT+s6W7XvYtR+YFwWeePg5w=,f/Uj4mBndmJm8VNUddzLNsv28Z4=
19,-28,j3RSzT+s6W7XvYtR+YFwWeePg5w=,f/Uj4mBndmJm8VNUddzLNsv28Z4=
20,-32,j3RSzT+s6W7XvYtR+YFwWeePg5w=,f/Uj4mBndmJm8VNUddzLNsv28Z4=
24,-26,j3RSzT+s6W7XvYtR+YFwWeePg5w=,9uFTIMk6DukufWNA8TJoYgQe8ho=
23,-26,j3RSzT+s6W7XvYtR+YFwWeePg5w=,f/Uj4mBndmJm8VNUddzLNsv28Z4=
21,-32,j3RSzT+s6W7XvYtR+YFwWeePg5w=,f/Uj4mBndmJm8VNUddzLNsv28Z4=
18,-28,j3RSzT+s6W7XvYtR+YFwWeePg5w=,f/Uj4mBndmJm8VNUddzLNsv28Z4=
17,-28,j3RSzT+s6W7XvYtR+YFwWeePg5w=,f/Uj4mBndmJm8VNUddzLNsv28Z4=
16,-28,j3RSzT+s6W7XvYtR+YFwWeePg5w=,f/Uj4mBndmJm8VNUddzLNsv28Z4=
22,-32,j3RSzT+s6W7XvYtR+YFwWeePg5w=,f/Uj4mBndmJm8VNUddzLNsv28Z4=
23,-29,j3RSzT+s6W7XvYtR+YFwWeePg5w=,f/Uj4mBndmJm8VNUddzLNsv28Z4=
24,-31,j3RSzT+s6W7XvYtR+YFwWeePg5w=,9uFTIMk6DukufWNA8TJoYgQe8ho=
24,-27,j3RSzT+s6W7XvYtR+YFwWeePg5w=,9uFTIMk6DukufWNA8TJoYgQe8ho=
23,-32,j3RSzT+s6W7XvYtR+YFwWeePg5w=,f/Uj4mBndmJm8VNUddzLNsv28Z4=
16,-31,j3RSzT+s6W7XvYtR+YFwWeePg5w=,f/Uj4mBndmJm8VNUddzLNsv28Z4=
22,-29,j3RSzT+s6W7XvYtR+YFwWeePg5w=,f/Uj4mBndmJm8VNUddzLNsv28Z4=
21,-29,j3RSzT+s6W7XvYtR+YFwWeePg5w=,f/Uj4mBndmJm8VNUddzLNsv28Z4=
17,-31,j3RSzT+s6W7XvYtR+YFwWeePg5w=,f/Uj4mBndmJm8VNUddzLNsv28Z4=
20,-29,j3RSzT+s6W7XvYtR+YFwWeePg5w=,f/Uj4mBndmJm8VNUddzLNsv28Z4=
18,-31,j3RSzT+s6W7XvYtR+YFwWeePg5w=,f/Uj4mBndmJm8VNUddzLNsv28Z4=
19,-29,j3RSzT+s6W7XvYtR+YFwWeePg5w=,f/Uj4mBndmJm8VNUddzLNsv28Z4=
24,-30,j3RSzT+s6W7XvYtR+YFwWeePg5w=,9uFTIMk6DukufWNA8TJoYgQe8ho=
18,-29,j3RSzT+s6W7XvYtR+YFwWeePg5w=,f/Uj4mBndmJm8VNUddzLNsv28Z4=
19,-31,j3RSzT+s6W7XvYtR+YFwWeePg5w=,f/Uj4mBndmJm8VNUddzLNsv28Z4=
17,-29,j3RSzT+s6W7XvYtR+YFwWeePg5w=,f/Uj4mBndmJm8VNUddzLNsv28Z4=
20,-31,j3RSzT+s6W7XvYtR+YFwWeePg5w=,f/Uj4mBndmJm8VNUddzLNsv28Z4=
16,-29,j3RSzT+s6W7XvYtR+YFwWeePg5w=,f/Uj4mBndmJm8VNUddzLNsv28Z4=
21,-31,j3RSzT+s6W7XvYtR+YFwWeePg5w=,f/Uj4mBndmJm8VNUddzLNsv28Z4=
22,-31,j3RSzT+s6W7XvYtR+YFwWeePg5w=,f/Uj4mBndmJm8VNUddzLNsv28Z4=
24,-28,j3RSzT+s6W7XvYtR+YFwWeePg5w=,9uFTIMk6DukufWNA8TJoYgQe8ho=
23,-31,j3RSzT+s6W7XvYtR+YFwWeePg5w=,f/Uj4mBndmJm8VNUddzLNsv28Z4=
23,-30,j3RSzT+s6W7XvYtR+YFwWeePg5w=,f/Uj4mBndmJm8VNUddzLNsv28Z4=
16,-30,j3RSzT+s6W7XvYtR+YFwWeePg5w=,f/Uj4mBndmJm8VNUddzLNsv28Z4=
22,-30,j3RSzT+s6W7XvYtR+YFwWeePg5w=,f/Uj4mBndmJm8VNUddzLNsv28Z4=
24,-29,j3RSzT+s6W7XvYtR+YFwWeePg5w=,9uFTIMk6DukufWNA8TJoYgQe8ho=
17,-30,j3RSzT+s6W7XvYtR+YFwWeePg5w=,f/Uj4mBndmJm8VNUddzLNsv28Z4=
21,-30,j3RSzT+s6W7XvYtR+YFwWeePg5w=,f/Uj4mBndmJm8VNUddzLNsv28Z4=
18,-30,j3RSzT+s6W7XvYtR+YFwWeePg5w=,f/Uj4mBndmJm8VNUddzLNsv28Z4=
20,-30,j3RSzT+s6W7XvYtR+YFwWeePg5w=,f/Uj4mBndmJm8VNUddzLNsv28Z4=
19,-30,j3RSzT+s6W7XvYtR+YFwWeePg5w=,f/Uj4mBndmJm8VNUddzLNsv28Z4=
31,-32,j3RSzT+s6W7XvYtR+YFwWeePg5w=,9uFTIMk6DukufWNA8TJoYgQe8ho=
16,-32,j3RSzT+s6W7XvYtR+YFwWeePg5w=,f/Uj4mBndmJm8VNUddzLNsv28Z4=
28,-23,AafMWKtdviCVp3M9hzfq+K8uuec=,f/Uj4mBndmJm8VNUddzLNsv28Z4=
29,-23,AafMWKtdviCVp3M9hzfq+K8uuec=,f/Uj4mBndmJm8VNUddzLNsv28Z4=
30,-23,AafMWKtdviCVp3M9hzfq+K8uuec=,f/Uj4mBndmJm8VNUddzLNsv28Z4=
28,-25,AafMWKtdviCVp3M9hzfq+K8uuec=,9uFTIMk6DukufWNA8TJoYgQe8ho=
28,-17,AafMWKtdviCVp3M9hzfq+K8uuec=,f/Uj4mBndmJm8VNUddzLNsv28Z4=
29,-17,AafMWKtdviCVp3M9hzfq+K8uuec=,f/Uj4mBndmJm8VNUddzLNsv28Z4=
29,-25,AafMWKtdviCVp3M9hzfq+K8uuec=,9uFTIMk6DukufWNA8TJoYgQe8ho=
30,-17,AafMWKtdviCVp3M9hzfq+K8uuec=,f/Uj4mBndmJm8VNUddzLNsv28Z4=
30,-25,AafMWKtdviCVp3M9hzfq+K8uuec=,9uFTIMk6DukufWNA8TJoYgQe8ho=
28,-22,AafMWKtdviCVp3M9hzfq+K8uuec=,f/Uj4mBndmJm8VNUddzLNsv28Z4=
28,-24,AafMWKtdviCVp3M9hzfq+K8uuec=,f/Uj4mBndmJm8VNUddzLNsv28Z4=
31,-17,AafMWKtdviCVp3M9hzfq+K8uuec=,f/Uj4mBndmJm8VNUddzLNsv28Z4=
25,-24,AafMWKtdviCVp3M9hzfq+K8uuec=,f/Uj4mBndmJm8VNUddzLNsv28Z4=
29,-22,AafMWKtdviCVp3M9hzfq+K8uuec=,f/Uj4mBndmJm8VNUddzLNsv28Z4=
30,-22,AafMWKtdviCVp3M9hzfq+K8uuec=,f/Uj4mBndmJm8VNUddzLNsv28Z4=
31,-22,AafMWKtdviCVp3M9hzfq+K8uuec=,f/Uj4mBndmJm8VNUddzLNsv28Z4=
31,-25,AafMWKtdviCVp3M9hzfq+K8uuec=,9uFTIMk6DukufWNA8TJoYgQe8ho=
28,-21,AafMWKtdviCVp3M9hzfq+K8uuec=,f/Uj4mBndmJm8VNUddzLNsv28Z4=
29,-21,AafMWKtdviCVp3M9hzfq+K8uuec=,f/Uj4mBndmJm8VNUddzLNsv28Z4=
30,-21,AafMWKtdviCVp3M9hzfq+K8uuec=,f/Uj4mBndmJm8VNUddzLNsv28Z4=
31,-21,AafMWKtdviCVp3M9hzfq+K8uuec=,f/Uj4mBndmJm8VNUddzLNsv28Z4=
25,-21,AafMWKtdviCVp3M9hzfq+K8uuec=,f/Uj4mBndmJm8VNUddzLNsv28Z4=
26,-21,AafMWKtdviCVp3M9hzfq+K8uuec=,f/Uj4mBndmJm8VNUddzLNsv28Z4=
26,-24,AafMWKtdviCVp3M9hzfq+K8uuec=,f/Uj4mBndmJm8VNUddzLNsv28Z4=
27,-22,AafMWKtdviCVp3M9hzfq+K8uuec=,f/Uj4mBndmJm8VNUddzLNsv28Z4=
29,-18,AafMWKtdviCVp3M9hzfq+K8uuec=,f/Uj4mBndmJm8VNUddzLNsv28Z4=
31,-19,AafMWKtdviCVp3M9hzfq+K8uuec=,f/Uj4mBndmJm8VNUddzLNsv28Z4=
27,-23,AafMWKtdviCVp3M9hzfq+K8uuec=,f/Uj4mBndmJm8VNUddzLNsv28Z4=
27,-17,AafMWKtdviCVp3M9hzfq+K8uuec=,f/Uj4mBndmJm8VNUddzLNsv28Z4=
25,-20,AafMWKtdviCVp3M9hzfq+K8uuec=,f/Uj4mBndmJm8VNUddzLNsv28Z4=
27,-21,AafMWKtdviCVp3M9hzfq+K8uuec=,f/Uj4mBndmJm8VNUddzLNsv28Z4=
26,-17,AafMWKtdviCVp3M9hzfq+K8uuec=,f/Uj4mBndmJm8VNUddzLNsv28Z4=
26,-22,AafMWKtdviCVp3M9hzfq+K8uuec=,f/Uj4mBndmJm8VNUddzLNsv28Z4=
27,-25,AafMWKtdviCVp3M9hzfq+K8uuec=,9uFTIMk6DukufWNA8TJoYgQe8ho=
25,-18,AafMWKtdviCVp3M9hzfq+K8uuec=,f/Uj4mBndmJm8VNUddzLNsv28Z4=
29,-24,AafMWKtdviCVp3M9hzfq+K8uuec=,f/Uj4mBndmJm8VNUddzLNsv28Z4=
26,-25,AafMWKtdviCVp3M9hzfq+K8uuec=,9uFTIMk6DukufWNA8TJoYgQe8ho=
25,-25,AafMWKtdviCVp3M9hzfq+K8uuec=,9uFTIMk6DukufWNA8TJoYgQe8ho=
26,-20,AafMWKtdviCVp3M9hzfq+K8uuec=,f/Uj4mBndmJm8VNUddzLNsv28Z4=
30,-19,AafMWKtdviCVp3M9hzfq+K8uuec=,f/Uj4mBndmJm8VNUddzLNsv28Z4=
26,-18,AafMWKtdviCVp3M9hzfq+K8uuec=,f/Uj4mBndmJm8VNUddzLNsv28Z4=
30,-24,AafMWKtdviCVp3M9hzfq+K8uuec=,f/Uj4mBndmJm8VNUddzLNsv28Z4=
31,-24,AafMWKtdviCVp3M9hzfq+K8uuec=,f/Uj4mBndmJm8VNUddzLNsv28Z4=
25,-22,AafMWKtdviCVp3M9hzfq+K8uuec=,f/Uj4mBndmJm8VNUddzLNsv28Z4=
25,-17,AafMWKtdviCVp3M9hzfq+K8uuec=,f/Uj4mBndmJm8VNUddzLNsv28Z4=
31,-20,AafMWKtdviCVp3M9hzfq+K8uuec=,f/Uj4mBndmJm8VNUddzLNsv28Z4=
29,-19,AafMWKtdviCVp3M9hzfq+K8uuec=,f/Uj4mBndmJm8VNUddzLNsv28Z4=
30,-20,AafMWKtdviCVp3M9hzfq+K8uuec=,f/Uj4mBndmJm8VNUddzLNsv28Z4=
28,-18,AafMWKtdviCVp3M9hzfq+K8uuec=,f/Uj4mBndmJm8VNUddzLNsv28Z4=
31,-23,AafMWKtdviCVp3M9hzfq+K8uuec=,f/Uj4mBndmJm8VNUddzLNsv28Z4=
25,-19,AafMWKtdviCVp3M9hzfq+K8uuec=,f/Uj4mBndmJm8VNUddzLNsv28Z4=
27,-20,AafMWKtdviCVp3M9hzfq+K8uuec=,f/Uj4mBndmJm8VNUddzLNsv28Z4=
26,-23,AafMWKtdviCVp3M9hzfq+K8uuec=,f/Uj4mBndmJm8VNUddzLNsv28Z4=
31,-18,AafMWKtdviCVp3M9hzfq+K8uuec=,f/Uj4mBndmJm8VNUddzLNsv28Z4=
28,-19,AafMWKtdviCVp3M9hzfq+K8uuec=,f/Uj4mBndmJm8VNUddzLNsv28Z4=
30,-18,AafMWKtdviCVp3M9hzfq+K8uuec=,f/Uj4mBndmJm8VNUddzLNsv28Z4=
27,-24,AafMWKtdviCVp3M9hzfq+K8uuec=,f/Uj4mBndmJm8VNUddzLNsv28Z4=
29,-20,AafMWKtdviCVp3M9hzfq+K8uuec=,f/Uj4mBndmJm8VNUddzLNsv28Z4=
27,-18,AafMWKtdviCVp3M9hzfq+K8uuec=,f/Uj4mBndmJm8VNUddzLNsv28Z4=
27,-19,AafMWKtdviCVp3M9hzfq+K8uuec=,f/Uj4mBndmJm8VNUddzLNsv28Z4=
28,-20,AafMWKtdviCVp3M9hzfq+K8uuec=,f/Uj4mBndmJm8VNUddzLNsv28Z4=
26,-19,AafMWKtdviCVp3M9hzfq+K8uuec=,f/Uj4mBndmJm8VNUddzLNsv28Z4=
25,-23,AafMWKtdviCVp3M9hzfq+K8uuec=,f/Uj4mBndmJm8VNUddzLNsv28Z4=
19,-21,AafMWKtdviCVp3M9hzfq+K8uuec=,9uFTIMk6DukufWNA8TJoYgQe8ho=
22,-17,AafMWKtdviCVp3M9hzfq+K8uuec=,9uFTIMk6DukufWNA8TJoYgQe8ho=
21,-17,AafMWKtdviCVp3M9hzfq+K8uuec=,9uFTIMk6DukufWNA8TJoYgQe8ho=
23,-17,AafMWKtdviCVp3M9hzfq+K8uuec=,9uFTIMk6DukufWNA8TJoYgQe8ho=
20,-21,AafMWKtdviCVp3M9hzfq+K8uuec=,9uFTIMk6DukufWNA8TJoYgQe8ho=
20,-17,AafMWKtdviCVp3M9hzfq+K8uuec=,9uFTIMk6DukufWNA8TJoYgQe8ho=
18,-21,AafMWKtdviCVp3M9hzfq+K8uuec=,9uFTIMk6DukufWNA8TJoYgQe8ho=
17,-21,AafMWKtdviCVp3M9hzfq+K8uuec=,9uFTIMk6DukufWNA8TJoYgQe8ho=
19,-17,AafMWKtdviCVp3M9hzfq+K8uuec=,9uFTIMk6DukufWNA8TJoYgQe8ho=
16,-21,AafMWKtdviCVp3M9hzfq+K8uuec=,9uFTIMk6DukufWNA8TJoYgQe8ho=
21,-21,AafMWKtdviCVp3M9hzfq+K8uuec=,9uFTIMk6DukufWNA8TJoYgQe8ho=
18,-17,AafMWKtdviCVp3M9hzfq+K8uuec=,9uFTIMk6DukufWNA8TJoYgQe8ho=
22,-21,AafMWKtdviCVp3M9hzfq+K8uuec=,9uFTIMk6DukufWNA8TJoYgQe8ho=
17,-17,AafMWKtdviCVp3M9hzfq+K8uuec=,9uFTIMk6DukufWNA8TJoYgQe8ho=
16,-17,AafMWKtdviCVp3M9hzfq+K8uuec=,9uFTIMk6DukufWNA8TJoYgQe8ho=
23,-18,AafMWKtdviCVp3M9hzfq+K8uuec=,9uFTIMk6DukufWNA8TJoYgQe8ho=
22,-18,AafMWKtdviCVp3M9hzfq+K8uuec=,9uFTIMk6DukufWNA8TJoYgQe8ho=
22,-22,AafMWKtdviCVp3M9hzfq+K8uuec=,9uFTIMk6DukufWNA8TJoYgQe8ho=
24,-25,AafMWKtdviCVp3M9hzfq+K8uuec=,9uFTIMk6DukufWNA8TJoYgQe8ho=
24,-19,AafMWKtdviCVp3M9hzfq+K8uuec=,f/Uj4mBndmJm8VNUddzLNsv28Z4=
21,-22,AafMWKtdviCVp3M9hzfq+K8uuec=,9uFTIMk6DukufWNA8TJoYgQe8ho=
24,-22,AafMWKtdviCVp3M9hzfq+K8uuec=,f/Uj4mBndmJm8VNUddzLNsv28Z4=
21,-18,AafMWKtdviCVp3M9hzfq+K8uuec=,9uFTIMk6DukufWNA8TJoYgQe8ho=
23,-22,AafMWKtdviCVp3M9hzfq+K8uuec=,9uFTIMk6DukufWNA8TJoYgQe8ho=
20,-22,AafMWKtdviCVp3M9hzfq+K8uuec=,9uFTIMk6DukufWNA8TJoYgQe8ho=
19,-18,AafMWKtdviCVp3M9hzfq+K8uuec=,9uFTIMk6DukufWNA8TJoYgQe8ho=
18,-18,AafMWKtdviCVp3M9hzfq+K8uuec=,9uFTIMk6DukufWNA8TJoYgQe8ho=
24,-24,AafMWKtdviCVp3M9hzfq+K8uuec=,f/Uj4mBndmJm8VNUddzLNsv28Z4=
20,-18,AafMWKtdviCVp3M9hzfq+K8uuec=,9uFTIMk6DukufWNA8TJoYgQe8ho=
17,-18,AafMWKtdviCVp3M9hzfq+K8uuec=,9uFTIMk6DukufWNA8TJoYgQe8ho=
24,-17,AafMWKtdviCVp3M9hzfq+K8uuec=,f/Uj4mBndmJm8VNUddzLNsv28Z4=
19,-22,AafMWKtdviCVp3M9hzfq+K8uuec=,9uFTIMk6DukufWNA8TJoYgQe8ho=
16,-22,AafMWKtdviCVp3M9hzfq+K8uuec=,9uFTIMk6DukufWNA8TJoYgQe8ho=
18,-22,AafMWKtdviCVp3M9hzfq+K8uuec=,9uFTIMk6DukufWNA8TJoYgQe8ho=
17,-22,AafMWKtdviCVp3M9hzfq+K8uuec=,9uFTIMk6DukufWNA8TJoYgQe8ho=
23,-21,AafMWKtdviCVp3M9hzfq+K8uuec=,9uFTIMk6DukufWNA8TJoYgQe8ho=
23,-23,AafMWKtdviCVp3M9hzfq+K8uuec=,9uFTIMk6DukufWNA8TJoYgQe8ho=
22,-23,AafMWKtdviCVp3M9hzfq+K8uuec=,9uFTIMk6DukufWNA8TJoYgQe8ho=
16,-18,AafMWKtdviCVp3M9hzfq+K8uuec=,9uFTIMk6DukufWNA8TJoYgQe8ho=
23,-19,AafMWKtdviCVp3M9hzfq+K8uuec=,9uFTIMk6DukufWNA8TJoYgQe8ho=
24,-23,AafMWKtdviCVp3M9hzfq+K8uuec=,f/Uj4mBndmJm8VNUddzLNsv28Z4=
22,-19,AafMWKtdviCVp3M9hzfq+K8uuec=,9uFTIMk6DukufWNA8TJoYgQe8ho=
16,-20,AafMWKtdviCVp3M9hzfq+K8uuec=,9uFTIMk6DukufWNA8TJoYgQe8ho=
21,-19,AafMWKtdviCVp3M9hzfq+K8uuec=,9uFTIMk6DukufWNA8TJoYgQe8ho=
20,-19,AafMWKtdviCVp3M9hzfq+K8uuec=,9uFTIMk6DukufWNA8TJoYgQe8ho=
19,-19,AafMWKtdviCVp3M9hzfq+K8uuec=,9uFTIMk6DukufWNA8TJoYgQe8ho=
21,-23,AafMWKtdviCVp3M9hzfq+K8uuec=,9uFTIMk6DukufWNA8TJoYgQe8ho=
24,-18,AafMWKtdviCVp3M9hzfq+K8uuec=,f/Uj4mBndmJm8VNUddzLNsv28Z4=
20,-23,AafMWKtdviCVp3M9hzfq+K8uuec=,9uFTIMk6DukufWNA8TJoYgQe8ho=
19,-23,AafMWKtdviCVp3M9hzfq+K8uuec=,9uFTIMk6DukufWNA8TJoYgQe8ho=
17,-19,AafMWKtdviCVp3M9hzfq+K8uuec=,9uFTIMk6DukufWNA8TJoYgQe8ho=
16,-19,AafMWKtdviCVp3M9hzfq+K8uuec=,9uFTIMk6DukufWNA8TJoYgQe8ho=
18,-19,AafMWKtdviCVp3M9hzfq+K8uuec=,9uFTIMk6DukufWNA8TJoYgQe8ho=
24,-21,AafMWKtdviCVp3M9hzfq+K8uuec=,f/Uj4mBndmJm8VNUddzLNsv28Z4=
16,-23,AafMWKtdviCVp3M9hzfq+K8uuec=,9uFTIMk6DukufWNA8TJoYgQe8ho=
23,-20,AafMWKtdviCVp3M9hzfq+K8uuec=,9uFTIMk6DukufWNA8TJoYgQe8ho=
17,-23,AafMWKtdviCVp3M9hzfq+K8uuec=,9uFTIMk6DukufWNA8TJoYgQe8ho=
22,-20,AafMWKtdviCVp3M9hzfq+K8uuec=,9uFTIMk6DukufWNA8TJoYgQe8ho=
21,-20,AafMWKtdviCVp3M9hzfq+K8uuec=,9uFTIMk6DukufWNA8TJoYgQe8ho=
24,-20,AafMWKtdviCVp3M9hzfq+K8uuec=,f/Uj4mBndmJm8VNUddzLNsv28Z4=
23,-24,AafMWKtdviCVp3M9hzfq+K8uuec=,9uFTIMk6DukufWNA8TJoYgQe8ho=
22,-24,AafMWKtdviCVp3M9hzfq+K8uuec=,9uFTIMk6DukufWNA8TJoYgQe8ho=
17,-24,AafMWKtdviCVp3M9hzfq+K8uuec=,9uFTIMk6DukufWNA8TJoYgQe8ho=
16,-24,AafMWKtdviCVp3M9hzfq+K8uuec=,9uFTIMk6DukufWNA8TJoYgQe8ho=
19,-24,AafMWKtdviCVp3M9hzfq+K8uuec=,9uFTIMk6DukufWNA8TJoYgQe8ho=
17,-20,AafMWKtdviCVp3M9hzfq+K8uuec=,9uFTIMk6DukufWNA8TJoYgQe8ho=
16,-25,AafMWKtdviCVp3M9hzfq+K8uuec=,f/Uj4mBndmJm8VNUddzLNsv28Z4=
17,-25,AafMWKtdviCVp3M9hzfq+K8uuec=,f/Uj4mBndmJm8VNUddzLNsv28Z4=
18,-25,AafMWKtdviCVp3M9hzfq+K8uuec=,f/Uj4mBndmJm8VNUddzLNsv28Z4=
20,-24,AafMWKtdviCVp3M9hzfq+K8uuec=,9uFTIMk6DukufWNA8TJoYgQe8ho=
18,-24,AafMWKtdviCVp3M9hzfq+K8uuec=,9uFTIMk6DukufWNA8TJoYgQe8ho=
23,-25,AafMWKtdviCVp3M9hzfq+K8uuec=,f/Uj4mBndmJm8VNUddzLNsv28Z4=
19,-25,AafMWKtdviCVp3M9hzfq+K8uuec=,f/Uj4mBndmJm8VNUddzLNsv28Z4=
20,-20,AafMWKtdviCVp3M9hzfq+K8uuec=,9uFTIMk6DukufWNA8TJoYgQe8ho=
22,-25,AafMWKtdviCVp3M9hzfq+K8uuec=,f/Uj4mBndmJm8VNUddzLNsv28Z4=
20,-25,AafMWKtdviCVp3M9hzfq+K8uuec=,f/Uj4mBndmJm8VNUddzLNsv28Z4=
21,-25,AafMWKtdviCVp3M9hzfq+K8uuec=,f/Uj4mBndmJm8VNUddzLNsv28Z4=
18,-23,AafMWKtdviCVp3M9hzfq+K8uuec=,9uFTIMk6DukufWNA8TJoYgQe8ho=
19,-20,AafMWKtdviCVp3M9hzfq+K8uuec=,9uFTIMk6DukufWNA8TJoYgQe8ho=
21,-24,AafMWKtdviCVp3M9hzfq+K8uuec=,9uFTIMk6DukufWNA8TJoYgQe8ho=
18,-20,AafMWKtdviCVp3M9hzfq+K8uuec=,9uFTIMk6DukufWNA8TJoYgQe8ho=
4,-27,V86fgsu23CuBUTLsDuvIGgi4C/A=,JLPYBg0/g92KhQfHiv+RWzq3w8c=
3,-27,V86fgsu23CuBUTLsDuvIGgi4C/A=,JLPYBg0/g92KhQfHiv+RWzq3w8c=
2,-27,V86fgsu23CuBUTLsDuvIGgi4C/A=,JLPYBg0/g92KhQfHiv+RWzq3w8c=
1,-27,V86fgsu23CuBUTLsDuvIGgi4C/A=,JLPYBg0/g92KhQfHiv+RWzq3w8c=
4,-28,V86fgsu23CuBUTLsDuvIGgi4C/A=,JLPYBg0/g92KhQfHiv+RWzq3w8c=
5,-28,V86fgsu23CuBUTLsDuvIGgi4C/A=,JLPYBg0/g92KhQfHiv+RWzq3w8c=
3,-28,V86fgsu23CuBUTLsDuvIGgi4C/A=,JLPYBg0/g92KhQfHiv+RWzq3w8c=
2,-28,V86fgsu23CuBUTLsDuvIGgi4C/A=,JLPYBg0/g92KhQfHiv+RWzq3w8c=
1,-28,V86fgsu23CuBUTLsDuvIGgi4C/A=,JLPYBg0/g92KhQfHiv+RWzq3w8c=
6,-28,V86fgsu23CuBUTLsDuvIGgi4C/A=,JLPYBg0/g92KhQfHiv+RWzq3w8c=
5,-29,V86fgsu23CuBUTLsDuvIGgi4C/A=,JLPYBg0/g92KhQfHiv+RWzq3w8c=
6,-29,V86fgsu23CuBUTLsDuvIGgi4C/A=,JLPYBg0/g92KhQfHiv+RWzq3w8c=
4,-29,V86fgsu23CuBUTLsDuvIGgi4C/A=,JLPYBg0/g92KhQfHiv+RWzq3w8c=
3,-29,V86fgsu23CuBUTLsDuvIGgi4C/A=,JLPYBg0/g92KhQfHiv+RWzq3w8c=
2,-29,V86fgsu23CuBUTLsDuvIGgi4C/A=,JLPYBg0/g92KhQfHiv+RWzq3w8c=
1,-29,V86fgsu23CuBUTLsDuvIGgi4C/A=,JLPYBg0/g92KhQfHiv+RWzq3w8c=
5,-30,9kYi7v7WMCcZgXq9Dr+ZpFZiByk=,JLPYBg0/g92KhQfHiv+RWzq3w8c=
4,-30,9kYi7v7WMCcZgXq9Dr+ZpFZiByk=,JLPYBg0/g92KhQfHiv+RWzq3w8c=
6,-30,9kYi7v7WMCcZgXq9Dr+ZpFZiByk=,JLPYBg0/g92KhQfHiv+RWzq3w8c=
2,-30,9kYi7v7WMCcZgXq9Dr+ZpFZiByk=,JLPYBg0/g92KhQfHiv+RWzq3w8c=
1,-30,9kYi7v7WMCcZgXq9Dr+ZpFZiByk=,JLPYBg0/g92KhQfHiv+RWzq3w8c=
6,-31,9kYi7v7WMCcZgXq9Dr+ZpFZiByk=,JLPYBg0/g92KhQfHiv+RWzq3w8c=
4,-31,9kYi7v7WMCcZgXq9Dr+ZpFZiByk=,JLPYBg0/g92KhQfHiv+RWzq3w8c=
5,-31,9kYi7v7WMCcZgXq9Dr+ZpFZiByk=,JLPYBg0/g92KhQfHiv+RWzq3w8c=
2,-31,9kYi7v7WMCcZgXq9Dr+ZpFZiByk=,JLPYBg0/g92KhQfHiv+RWzq3w8c=
3,-31,9kYi7v7WMCcZgXq9Dr+ZpFZiByk=,JLPYBg0/g92KhQfHiv+RWzq3w8c=
1,-31,9kYi7v7WMCcZgXq9Dr+ZpFZiByk=,JLPYBg0/g92KhQfHiv+RWzq3w8c=
3,-30,9kYi7v7WMCcZgXq9Dr+ZpFZiByk=,JLPYBg0/g92KhQfHiv+RWzq3w8c=
5,-26,9kYi7v7WMCcZgXq9Dr+ZpFZiByk=,JLPYBg0/g92KhQfHiv+RWzq3w8c=
6,-26,9kYi7v7WMCcZgXq9Dr+ZpFZiByk=,JLPYBg0/g92KhQfHiv+RWzq3w8c=
3,-26,9kYi7v7WMCcZgXq9Dr+ZpFZiByk=,JLPYBg0/g92KhQfHiv+RWzq3w8c=
4,-26,9kYi7v7WMCcZgXq9Dr+ZpFZiByk=,JLPYBg0/g92KhQfHiv+RWzq3w8c=
2,-26,9kYi7v7WMCcZgXq9Dr+ZpFZiByk=,JLPYBg0/g92KhQfHiv+RWzq3w8c=
1,-26,9kYi7v7WMCcZgXq9Dr+ZpFZiByk=,JLPYBg0/g92KhQfHiv+RWzq3w8c=
5,-27,9kYi7v7WMCcZgXq9Dr+ZpFZiByk=,JLPYBg0/g92KhQfHiv+RWzq3w8c=
6,-27,9kYi7v7WMCcZgXq9Dr+ZpFZiByk=,JLPYBg0/g92KhQfHiv+RWzq3w8c=
8,-31,9kYi7v7WMCcZgXq9Dr+ZpFZiByk=,3qt6d/xY32e548McY1goSw4jUIE=
7,-27,9kYi7v7WMCcZgXq9Dr+ZpFZiByk=,JLPYBg0/g92KhQfHiv+RWzq3w8c=
9,-31,9kYi7v7WMCcZgXq9Dr+ZpFZiByk=,3qt6d/xY32e548McY1goSw4jUIE=
14,-26,9kYi7v7WMCcZgXq9Dr+ZpFZiByk=,3qt6d/xY32e548McY1goSw4jUIE=
11,-31,9kYi7v7WMCcZgXq9Dr+ZpFZiByk=,3qt6d/xY32e548McY1goSw4jUIE=
10,-31,9kYi7v7WMCcZgXq9Dr+ZpFZiByk=,3qt6d/xY32e548McY1goSw4jUIE=
13,-31,9kYi7v7WMCcZgXq9Dr+ZpFZiByk=,3qt6d/xY32e548McY1goSw4jUIE=
12,-31,9kYi7v7WMCcZgXq9Dr+ZpFZiByk=,3qt6d/xY32e548McY1goSw4jUIE=
14,-31,9kYi7v7WMCcZgXq9Dr+ZpFZiByk=,3qt6d/xY32e548McY1goSw4jUIE=
8,-30,9kYi7v7WMCcZgXq9Dr+ZpFZiByk=,3qt6d/xY32e548McY1goSw4jUIE=
12,-26,9kYi7v7WMCcZgXq9Dr+ZpFZiByk=,3qt6d/xY32e548McY1goSw4jUIE=
13,-26,9kYi7v7WMCcZgXq9Dr+ZpFZiByk=,3qt6d/xY32e548McY1goSw4jUIE=
9,-30,9kYi7v7WMCcZgXq9Dr+ZpFZiByk=,3qt6d/xY32e548McY1goSw4jUIE=
10,-30,9kYi7v7WMCcZgXq9Dr+ZpFZiByk=,3qt6d/xY32e548McY1goSw4jUIE=
7,-28,9kYi7v7WMCcZgXq9Dr+ZpFZiByk=,JLPYBg0/g92KhQfHiv+RWzq3w8c=
11,-26,9kYi7v7WMCcZgXq9Dr+ZpFZiByk=,3qt6d/xY32e548McY1goSw4jUIE=
14,-18,9kYi7v7WMCcZgXq9Dr+ZpFZiByk=,3qt6d/xY32e548McY1goSw4jUIE=
11,-30,9kYi7v7WMCcZgXq9Dr+ZpFZiByk=,3qt6d/xY32e548McY1goSw4jUIE=
11,-25,9kYi7v7WMCcZgXq9Dr+ZpFZiByk=,3qt6d/xY32e548McY1goSw4jUIE=
12,-24,9kYi7v7WMCcZgXq9Dr+ZpFZiByk=,3qt6d/xY32e548McY1goSw4jUIE=
12,-30,9kYi7v7WMCcZgXq9Dr+ZpFZiByk=,3qt6d/xY32e548McY1goSw4jUIE=
10,-25,9kYi7v7WMCcZgXq9Dr+ZpFZiByk=,3qt6d/xY32e548McY1goSw4jUIE=
13,-30,9kYi7v7WMCcZgXq9Dr+ZpFZiByk=,3qt6d/xY32e548McY1goSw4jUIE=
12,-23,9kYi7v7WMCcZgXq9Dr+ZpFZiByk=,3qt6d/xY32e548McY1goSw4jUIE=
14,-30,9kYi7v7WMCcZgXq9Dr+ZpFZiByk=,3qt6d/xY32e548McY1goSw4jUIE=
12,-21,9kYi7v7WMCcZgXq9Dr+ZpFZiByk=,3qt6d/xY32e548McY1goSw4jUIE=
8,-29,9kYi7v7WMCcZgXq9Dr+ZpFZiByk=,3qt6d/xY32e548McY1goSw4jUIE=
9,-25,9kYi7v7WMCcZgXq9Dr+ZpFZiByk=,3qt6d/xY32e548McY1goSw4jUIE=
13,-21,9kYi7v7WMCcZgXq9Dr+ZpFZiByk=,3qt6d/xY32e548McY1goSw4jUIE=
10,-26,9kYi7v7WMCcZgXq9Dr+ZpFZiByk=,3qt6d/xY32e548McY1goSw4jUIE=
13,-18,9kYi7v7WMCcZgXq9Dr+ZpFZiByk=,3qt6d/xY32e548McY1goSw4jUIE=
7,-29,9kYi7v7WMCcZgXq9Dr+ZpFZiByk=,JLPYBg0/g92KhQfHiv+RWzq3w8c=
9,-29,9kYi7v7WMCcZgXq9Dr+ZpFZiByk=,3qt6d/xY32e548McY1goSw4jUIE=
4,-21,9kYi7v7WMCcZgXq9Dr+ZpFZiByk=,l8RwEtmKm1eefVuMesQ3EtDbGhQ=
9,-26,9kYi7v7WMCcZgXq9Dr+ZpFZiByk=,3qt6d/xY32e548McY1goSw4jUIE=
14,-21,9kYi7v7WMCcZgXq9Dr+ZpFZiByk=,3qt6d/xY32e548McY1goSw4jUIE=
3,-21,9kYi7v7WMCcZgXq9Dr+ZpFZiByk=,l8RwEtmKm1eefVuMesQ3EtDbGhQ=
7,-26,9kYi7v7WMCcZgXq9Dr+ZpFZiByk=,JLPYBg0/g92KhQfHiv+RWzq3w8c=
8,-26,9kYi7v7WMCcZgXq9Dr+ZpFZiByk=,3qt6d/xY32e548McY1goSw4jUIE=
6,-17,9kYi7v7WMCcZgXq9Dr+ZpFZiByk=,l8RwEtmKm1eefVuMesQ3EtDbGhQ=
2,-21,9kYi7v7WMCcZgXq9Dr+ZpFZiByk=,l8RwEtmKm1eefVuMesQ3EtDbGhQ=
14,-19,9kYi7v7WMCcZgXq9Dr+ZpFZiByk=,3qt6d/xY32e548McY1goSw4jUIE=
8,-24,9kYi7v7WMCcZgXq9Dr+ZpFZiByk=,3qt6d/xY32e548McY1goSw4jUIE=
10,-29,9kYi7v7WMCcZgXq9Dr+ZpFZiByk=,3qt6d/xY32e548McY1goSw4jUIE=
1,-21,9kYi7v7WMCcZgXq9Dr+ZpFZiByk=,l8RwEtmKm1eefVuMesQ3EtDbGhQ=
5,-17,9kYi7v7WMCcZgXq9Dr+ZpFZiByk=,l8RwEtmKm1eefVuMesQ3EtDbGhQ=
7,-30,9kYi7v7WMCcZgXq9Dr+ZpFZiByk=,JLPYBg0/g92KhQfHiv+RWzq3w8c=
9,-20,9kYi7v7WMCcZgXq9Dr+ZpFZiByk=,3qt6d/xY32e548McY1goSw4jUIE=
5,-21,9kYi7v7WMCcZgXq9Dr+ZpFZiByk=,l8RwEtmKm1eefVuMesQ3EtDbGhQ=
11,-29,9kYi7v7WMCcZgXq9Dr+ZpFZiByk=,3qt6d/xY32e548McY1goSw4jUIE=
8,-25,9kYi7v7WMCcZgXq9Dr+ZpFZiByk=,3qt6d/xY32e548McY1goSw4jUIE=
4,-17,9kYi7v7WMCcZgXq9Dr+ZpFZiByk=,l8RwEtmKm1eefVuMesQ3EtDbGhQ=
3,-17,9kYi7v7WMCcZgXq9Dr+ZpFZiByk=,l8RwEtmKm1eefVuMesQ3EtDbGhQ=
8,-20,9kYi7v7WMCcZgXq9Dr+ZpFZiByk=,3qt6d/xY32e548McY1goSw4jUIE=
12,-25,9kYi7v7WMCcZgXq9Dr+ZpFZiByk=,3qt6d/xY32e548McY1goSw4jUIE=
12,-29,9kYi7v7WMCcZgXq9Dr+ZpFZiByk=,3qt6d/xY32e548McY1goSw4jUIE=
13,-19,9kYi7v7WMCcZgXq9Dr+ZpFZiByk=,3qt6d/xY32e548McY1goSw4jUIE=
14,-27,9kYi7v7WMCcZgXq9Dr+ZpFZiByk=,3qt6d/xY32e548McY1goSw4jUIE=
2,-17,9kYi7v7WMCcZgXq9Dr+ZpFZiByk=,l8RwEtmKm1eefVuMesQ3EtDbGhQ=
6,-21,9kYi7v7WMCcZgXq9Dr+ZpFZiByk=,l8RwEtmKm1eefVuMesQ3EtDbGhQ=
13,-29,9kYi7v7WMCcZgXq9Dr+ZpFZiByk=,3qt6d/xY32e548McY1goSw4jUIE=
12,-22,9kYi7v7WMCcZgXq9Dr+ZpFZiByk=,3qt6d/xY32e548McY1goSw4jUIE=
1,-17,9kYi7v7WMCcZgXq9Dr+ZpFZiByk=,l8RwEtmKm1eefVuMesQ3EtDbGhQ=
7,-22,9kYi7v7WMCcZgXq9Dr+ZpFZiByk=,l8RwEtmKm1eefVuMesQ3EtDbGhQ=
7,-21,9kYi7v7WMCcZgXq9Dr+ZpFZiByk=,l8RwEtmKm1eefVuMesQ3EtDbGhQ=
14,-29,9kYi7v7WMCcZgXq9Dr+ZpFZiByk=,3qt6d/xY32e548McY1goSw4jUIE=
7,-18,9kYi7v7WMCcZgXq9Dr+ZpFZiByk=,l8RwEtmKm1eefVuMesQ3EtDbGhQ=
12,-18,9kYi7v7WMCcZgXq9Dr+ZpFZiByk=,3qt6d/xY32e548McY1goSw4jUIE=
13,-24,9kYi7v7WMCcZgXq9Dr+ZpFZiByk=,3qt6d/xY32e548McY1goSw4jUIE=
1,-20,9kYi7v7WMCcZgXq9Dr+ZpFZiByk=,l8RwEtmKm1eefVuMesQ3EtDbGhQ=
6,-22,9kYi7v7WMCcZgXq9Dr+ZpFZiByk=,l8RwEtmKm1eefVuMesQ3EtDbGhQ=
8,-28,9kYi7v7WMCcZgXq9Dr+ZpFZiByk=,3qt6d/xY32e548McY1goSw4jUIE=
11,-24,9kYi7v7WMCcZgXq9Dr+ZpFZiByk=,3qt6d/xY32e548McY1goSw4jUIE=
2,-20,9kYi7v7WMCcZgXq9Dr+ZpFZiByk=,l8RwEtmKm1eefVuMesQ3EtDbGhQ=
11,-21,9kYi7v7WMCcZgXq9Dr+ZpFZiByk=,3qt6d/xY32e548McY1goSw4jUIE=
3,-20,9kYi7v7WMCcZgXq9Dr+ZpFZiByk=,l8RwEtmKm1eefVuMesQ3EtDbGhQ=
9,-28,9kYi7v7WMCcZgXq9Dr+ZpFZiByk=,3qt6d/xY32e548McY1goSw4jUIE=
8,-18,9kYi7v7WMCcZgXq9Dr+ZpFZiByk=,3qt6d/xY32e548McY1goSw4jUIE=
10,-28,9kYi7v7WMCcZgXq9Dr+ZpFZiByk=,3qt6d/xY32e548McY1goSw4jUIE=
13,-27,9kYi7v7WMCcZgXq9Dr+ZpFZiByk=,3qt6d/xY32e548McY1goSw4jUIE=
11,-18,9kYi7v7WMCcZgXq9Dr+ZpFZiByk=,3qt6d/xY32e548McY1goSw4jUIE=
12,-27,9kYi7v7WMCcZgXq9Dr+ZpFZiByk=,3qt6d/xY32e548McY1goSw4jUIE=
11,-23,9kYi7v7WMCcZgXq9Dr+ZpFZiByk=,3qt6d/xY32e548McY1goSw4jUIE=
8,-19,9kYi7v7WMCcZgXq9Dr+ZpFZiByk=,3qt6d/xY32e548McY1goSw4jUIE=
11,-28,9kYi7v7WMCcZgXq9Dr+ZpFZiByk=,3qt6d/xY32e548McY1goSw4jUIE=
11,-27,9kYi7v7WMCcZgXq9Dr+ZpFZiByk=,3qt6d/xY32e548McY1goSw4jUIE=
5,-22,9kYi7v7WMCcZgXq9Dr+ZpFZiByk=,l8RwEtmKm1eefVuMesQ3EtDbGhQ=
12,-17,9kYi7v7WMCcZgXq9Dr+ZpFZiByk=,3qt6d/xY32e548McY1goSw4jUIE=
10,-18,9kYi7v7WMCcZgXq9Dr+ZpFZiByk=,3qt6d/xY32e548McY1goSw4jUIE=
4,-20,9kYi7v7WMCcZgXq9Dr+ZpFZiByk=,l8RwEtmKm1eefVuMesQ3EtDbGhQ=
11,-17,9kYi7v7WMCcZgXq9Dr+ZpFZiByk=,3qt6d/xY32e548McY1goSw4jUIE=
12,-28,9kYi7v7WMCcZgXq9Dr+ZpFZiByk=,3qt6d/xY32e548McY1goSw4jUIE=
7,-17,9kYi7v7WMCcZgXq9Dr+ZpFZiByk=,l8RwEtmKm1eefVuMesQ3EtDbGhQ=
8,-17,9kYi7v7WMCcZgXq9Dr+ZpFZiByk=,3qt6d/xY32e548McY1goSw4jUIE=
1,-25,9kYi7v7WMCcZgXq9Dr+ZpFZiByk=,JLPYBg0/g92KhQfHiv+RWzq3w8c=
13,-28,9kYi7v7WMCcZgXq9Dr+ZpFZiByk=,3qt6d/xY32e548McY1goSw4jUIE=
3,-22,9kYi7v7WMCcZgXq9Dr+ZpFZiByk=,l8RwEtmKm1eefVuMesQ3EtDbGhQ=
10,-17,9kYi7v7WMCcZgXq9Dr+ZpFZiByk=,3qt6d/xY32e548McY1goSw4jUIE=
13,-17,9kYi7v7WMCcZgXq9Dr+ZpFZiByk=,3qt6d/xY32e548McY1goSw4jUIE=
2,-25,9kYi7v7WMCcZgXq9Dr+ZpFZiByk=,JLPYBg0/g92KhQfHiv+RWzq3w8c=
9,-17,9kYi7v7WMCcZgXq9Dr+ZpFZiByk=,3qt6d/xY32e548McY1goSw4jUIE=
14,-28,9kYi7v7WMCcZgXq9Dr+ZpFZiByk=,3qt6d/xY32e548McY1goSw4jUIE=
6,-18,9kYi7v7WMCcZgXq9Dr+ZpFZiByk=,l8RwEtmKm1eefVuMesQ3EtDbGhQ=
14,-17,9kYi7v7WMCcZgXq9Dr+ZpFZiByk=,3qt6d/xY32e548McY1goSw4jUIE=
13,-25,9kYi7v7WMCcZgXq9Dr+ZpFZiByk=,3qt6d/xY32e548McY1goSw4jUIE=
8,-23,9kYi7v7WMCcZgXq9Dr+ZpFZiByk=,3qt6d/xY32e548McY1goSw4jUIE=
7,-31,9kYi7v7WMCcZgXq9Dr+ZpFZiByk=,JLPYBg0/g92KhQfHiv+RWzq3w8c=
10,-27,9kYi7v7WMCcZgXq9Dr+ZpFZiByk=,3qt6d/xY32e548McY1goSw4jUIE=
14,-25,9kYi7v7WMCcZgXq9Dr+ZpFZiByk=,3qt6d/xY32e548McY1goSw4jUIE=
8,-27,9kYi7v7WMCcZgXq9Dr+ZpFZiByk=,3qt6d/xY32e548McY1goSw4jUIE=
5,-18,9kYi7v7WMCcZgXq9Dr+ZpFZiByk=,l8RwEtmKm1eefVuMesQ3EtDbGhQ=
8,-22,9kYi7v7WMCcZgXq9Dr+ZpFZiByk=,3qt6d/xY32e548McY1goSw4jUIE=
2,-22,9kYi7v7WMCcZgXq9Dr+ZpFZiByk=,l8RwEtmKm1eefVuMesQ3EtDbGhQ=
1,-22,9kYi7v7WMCcZgXq9Dr+ZpFZiByk=,l8RwEtmKm1eefVuMesQ3EtDbGhQ=
9,-27,9kYi7v7WMCcZgXq9Dr+ZpFZiByk=,3qt6d/xY32e548McY1goSw4jUIE=
3,-25,9kYi7v7WMCcZgXq9Dr+ZpFZiByk=,JLPYBg0/g92KhQfHiv+RWzq3w8c=
6,-23,9kYi7v7WMCcZgXq9Dr+ZpFZiByk=,l8RwEtmKm1eefVuMesQ3EtDbGhQ=
14,-24,9kYi7v7WMCcZgXq9Dr+ZpFZiByk=,3qt6d/xY32e548McY1goSw4jUIE=
4,-22,9kYi7v7WMCcZgXq9Dr+ZpFZiByk=,l8RwEtmKm1eefVuMesQ3EtDbGhQ=
9,-24,9kYi7v7WMCcZgXq9Dr+ZpFZiByk=,3qt6d/xY32e548McY1goSw4jUIE=
4,-18,9kYi7v7WMCcZgXq9Dr+ZpFZiByk=,l8RwEtmKm1eefVuMesQ3EtDbGhQ=
5,-20,9kYi7v7WMCcZgXq9Dr+ZpFZiByk=,l8RwEtmKm1eefVuMesQ3EtDbGhQ=
4,-25,9kYi7v7WMCcZgXq9Dr+ZpFZiByk=,JLPYBg0/g92KhQfHiv+RWzq3w8c=
13,-22,9kYi7v7WMCcZgXq9Dr+ZpFZiByk=,3qt6d/xY32e548McY1goSw4jUIE=
3,-18,9kYi7v7WMCcZgXq9Dr+ZpFZiByk=,l8RwEtmKm1eefVuMesQ3EtDbGhQ=
5,-23,9kYi7v7WMCcZgXq9Dr+ZpFZiByk=,l8RwEtmKm1eefVuMesQ3EtDbGhQ=
2,-18,9kYi7v7WMCcZgXq9Dr+ZpFZiByk=,l8RwEtmKm1eefVuMesQ3EtDbGhQ=
5,-25,9kYi7v7WMCcZgXq9Dr+ZpFZiByk=,JLPYBg0/g92KhQfHiv+RWzq3w8c=
10,-20,9kYi7v7WMCcZgXq9Dr+ZpFZiByk=,3qt6d/xY32e548McY1goSw4jUIE=
6,-25,9kYi7v7WMCcZgXq9Dr+ZpFZiByk=,JLPYBg0/g92KhQfHiv+RWzq3w8c=
1,-18,9kYi7v7WMCcZgXq9Dr+ZpFZiByk=,l8RwEtmKm1eefVuMesQ3EtDbGhQ=
4,-23,9kYi7v7WMCcZgXq9Dr+ZpFZiByk=,l8RwEtmKm1eefVuMesQ3EtDbGhQ=
7,-19,9kYi7v7WMCcZgXq9Dr+ZpFZiByk=,l8RwEtmKm1eefVuMesQ3EtDbGhQ=
7,-25,9kYi7v7WMCcZgXq9Dr+ZpFZiByk=,JLPYBg0/g92KhQfHiv+RWzq3w8c=
13,-23,9kYi7v7WMCcZgXq9Dr+ZpFZiByk=,3qt6d/xY32e548McY1goSw4jUIE=
12,-19,9kYi7v7WMCcZgXq9Dr+ZpFZiByk=,3qt6d/xY32e548McY1goSw4jUIE=
6,-19,9kYi7v7WMCcZgXq9Dr+ZpFZiByk=,l8RwEtmKm1eefVuMesQ3EtDbGhQ=
14,-23,9kYi7v7WMCcZgXq9Dr+ZpFZiByk=,3qt6d/xY32e548McY1goSw4jUIE=
1,-24,9kYi7v7WMCcZgXq9Dr+ZpFZiByk=,l8RwEtmKm1eefVuMesQ3EtDbGhQ=
0,-20,9kYi7v7WMCcZgXq9Dr+ZpFZiByk=,l8RwEtmKm1eefVuMesQ3EtDbGhQ=
3,-23,9kYi7v7WMCcZgXq9Dr+ZpFZiByk=,l8RwEtmKm1eefVuMesQ3EtDbGhQ=
11,-20,9kYi7v7WMCcZgXq9Dr+ZpFZiByk=,3qt6d/xY32e548McY1goSw4jUIE=
4,-19,9kYi7v7WMCcZgXq9Dr+ZpFZiByk=,l8RwEtmKm1eefVuMesQ3EtDbGhQ=
2,-24,9kYi7v7WMCcZgXq9Dr+ZpFZiByk=,l8RwEtmKm1eefVuMesQ3EtDbGhQ=
5,-19,9kYi7v7WMCcZgXq9Dr+ZpFZiByk=,l8RwEtmKm1eefVuMesQ3EtDbGhQ=
7,-23,9kYi7v7WMCcZgXq9Dr+ZpFZiByk=,l8RwEtmKm1eefVuMesQ3EtDbGhQ=
2,-23,9kYi7v7WMCcZgXq9Dr+ZpFZiByk=,l8RwEtmKm1eefVuMesQ3EtDbGhQ=
0,-19,9kYi7v7WMCcZgXq9Dr+ZpFZiByk=,l8RwEtmKm1eefVuMesQ3EtDbGhQ=
1,-23,9kYi7v7WMCcZgXq9Dr+ZpFZiByk=,l8RwEtmKm1eefVuMesQ3EtDbGhQ=
3,-24,9kYi7v7WMCcZgXq9Dr+ZpFZiByk=,l8RwEtmKm1eefVuMesQ3EtDbGhQ=
2,-19,9kYi7v7WMCcZgXq9Dr+ZpFZiByk=,l8RwEtmKm1eefVuMesQ3EtDbGhQ=
3,-19,9kYi7v7WMCcZgXq9Dr+ZpFZiByk=,l8RwEtmKm1eefVuMesQ3EtDbGhQ=
0,-23,9kYi7v7WMCcZgXq9Dr+ZpFZiByk=,l8RwEtmKm1eefVuMesQ3EtDbGhQ=
1,-19,9kYi7v7WMCcZgXq9Dr+ZpFZiByk=,l8RwEtmKm1eefVuMesQ3EtDbGhQ=
9,-22,9kYi7v7WMCcZgXq9Dr+ZpFZiByk=,3qt6d/xY32e548McY1goSw4jUIE=
9,-18,9kYi7v7WMCcZgXq9Dr+ZpFZiByk=,3qt6d/xY32e548McY1goSw4jUIE=
6,-20,9kYi7v7WMCcZgXq9Dr+ZpFZiByk=,l8RwEtmKm1eefVuMesQ3EtDbGhQ=
7,-24,9kYi7v7WMCcZgXq9Dr+ZpFZiByk=,l8RwEtmKm1eefVuMesQ3EtDbGhQ=
0,-18,9kYi7v7WMCcZgXq9Dr+ZpFZiByk=,l8RwEtmKm1eefVuMesQ3EtDbGhQ=
6,-24,9kYi7v7WMCcZgXq9Dr+ZpFZiByk=,l8RwEtmKm1eefVuMesQ3EtDbGhQ=
0,-22,9kYi7v7WMCcZgXq9Dr+ZpFZiByk=,l8RwEtmKm1eefVuMesQ3EtDbGhQ=
10,-22,9kYi7v7WMCcZgXq9Dr+ZpFZiByk=,3qt6d/xY32e548McY1goSw4jUIE=
8,-21,9kYi7v7WMCcZgXq9Dr+ZpFZiByk=,3qt6d/xY32e548McY1goSw4jUIE=
7,-20,9kYi7v7WMCcZgXq9Dr+ZpFZiByk=,l8RwEtmKm1eefVuMesQ3EtDbGhQ=
0,-21,9kYi7v7WMCcZgXq9Dr+ZpFZiByk=,l8RwEtmKm1eefVuMesQ3EtDbGhQ=
5,-24,9kYi7v7WMCcZgXq9Dr+ZpFZiByk=,l8RwEtmKm1eefVuMesQ3EtDbGhQ=
4,-24,9kYi7v7WMCcZgXq9Dr+ZpFZiByk=,l8RwEtmKm1eefVuMesQ3EtDbGhQ=
11,-22,9kYi7v7WMCcZgXq9Dr+ZpFZiByk=,3qt6d/xY32e548McY1goSw4jUIE=
10,-21,9kYi7v7WMCcZgXq9Dr+ZpFZiByk=,3qt6d/xY32e548McY1goSw4jUIE=
14,-20,9kYi7v7WMCcZgXq9Dr+ZpFZiByk=,3qt6d/xY32e548McY1goSw4jUIE=
11,-19,9kYi7v7WMCcZgXq9Dr+ZpFZiByk=,3qt6d/xY32e548McY1goSw4jUIE=
10,-24,9kYi7v7WMCcZgXq9Dr+ZpFZiByk=,3qt6d/xY32e548McY1goSw4jUIE=
14,-22,9kYi7v7WMCcZgXq9Dr+ZpFZiByk=,3qt6d/xY32e548McY1goSw4jUIE=
9,-21,9kYi7v7WMCcZgXq9Dr+ZpFZiByk=,3qt6d/xY32e548McY1goSw4jUIE=
10,-19,9kYi7v7WMCcZgXq9Dr+ZpFZiByk=,3qt6d/xY32e548McY1goSw4jUIE=
0,-17,9kYi7v7WMCcZgXq9Dr+ZpFZiByk=,l8RwEtmKm1eefVuMesQ3EtDbGhQ=
13,-20,9kYi7v7WMCcZgXq9Dr+ZpFZiByk=,3qt6d/xY32e548McY1goSw4jUIE=
0,-26,9kYi7v7WMCcZgXq9Dr+ZpFZiByk=,JLPYBg0/g92KhQfHiv+RWzq3w8c=
9,-19,9kYi7v7WMCcZgXq9Dr+ZpFZiByk=,3qt6d/xY32e548McY1goSw4jUIE=
0,-25,9kYi7v7WMCcZgXq9Dr+ZpFZiByk=,JLPYBg0/g92KhQfHiv+RWzq3w8c=
12,-20,9kYi7v7WMCcZgXq9Dr+ZpFZiByk=,3qt6d/xY32e548McY1goSw4jUIE=
10,-23,9kYi7v7WMCcZgXq9Dr+ZpFZiByk=,3qt6d/xY32e548McY1goSw4jUIE=
9,-32,9kYi7v7WMCcZgXq9Dr+ZpFZiByk=,3qt6d/xY32e548McY1goSw4jUIE=
0,-31,9kYi7v7WMCcZgXq9Dr+ZpFZiByk=,JLPYBg0/g92KhQfHiv+RWzq3w8c=
10,-32,9kYi7v7WMCcZgXq9Dr+ZpFZiByk=,3qt6d/xY32e548McY1goSw4jUIE=
15,-31,9kYi7v7WMCcZgXq9Dr+ZpFZiByk=,3qt6d/xY32e548McY1goSw4jUIE=
11,-32,9kYi7v7WMCcZgXq9Dr+ZpFZiByk=,3qt6d/xY32e548McY1goSw4jUIE=
14,-32,9kYi7v7WMCcZgXq9Dr+ZpFZiByk=,3qt6d/xY32e548McY1goSw4jUIE=
0,-24,9kYi7v7WMCcZgXq9Dr+ZpFZiByk=,l8RwEtmKm1eefVuMesQ3EtDbGhQ=
13,-32,9kYi7v7WMCcZgXq9Dr+ZpFZiByk=,3qt6d/xY32e548McY1goSw4jUIE=
9,-23,9kYi7v7WMCcZgXq9Dr+ZpFZiByk=,3qt6d/xY32e548McY1goSw4jUIE=
12,-32,9kYi7v7WMCcZgXq9Dr+ZpFZiByk=,3qt6d/xY32e548McY1goSw4jUIE=
0,-27,9kYi7v7WMCcZgXq9Dr+ZpFZiByk=,JLPYBg0/g92KhQfHiv+RWzq3w8c=
0,-29,9kYi7v7WMCcZgXq9Dr+ZpFZiByk=,JLPYBg0/g92KhQfHiv+RWzq3w8c=
0,-28,9kYi7v7WMCcZgXq9Dr+ZpFZiByk=,JLPYBg0/g92KhQfHiv+RWzq3w8c=
8,-32,9kYi7v7WMCcZgXq9Dr+ZpFZiByk=,3qt6d/xY32e548McY1goSw4jUIE=
7,-32,9kYi7v7WMCcZgXq9Dr+ZpFZiByk=,JLPYBg0/g92KhQfHiv+RWzq3w8c=
15,-26,9kYi7v7WMCcZgXq9Dr+ZpFZiByk=,3qt6d/xY32e548McY1goSw4jUIE=
0,-32,9kYi7v7WMCcZgXq9Dr+ZpFZiByk=,JLPYBg0/g92KhQfHiv+RWzq3w8c=
6,-32,9kYi7v7WMCcZgXq9Dr+ZpFZiByk=,JLPYBg0/g92KhQfHiv+RWzq3w8c=
1,-32,9kYi7v7WMCcZgXq9Dr+ZpFZiByk=,JLPYBg0/g92KhQfHiv+RWzq3w8c=
15,-27,9kYi7v7WMCcZgXq9Dr+ZpFZiByk=,3qt6d/xY32e548McY1goSw4jUIE=
15,-30,9kYi7v7WMCcZgXq9Dr+ZpFZiByk=,3qt6d/xY32e548McY1goSw4jUIE=
15,-28,9kYi7v7WMCcZgXq9Dr+ZpFZiByk=,3qt6d/xY32e548McY1goSw4jUIE=
0,-30,9kYi7v7WMCcZgXq9Dr+ZpFZiByk=,JLPYBg0/g92KhQfHiv+RWzq3w8c=
15,-32,9kYi7v7WMCcZgXq9Dr+ZpFZiByk=,3qt6d/xY32e548McY1goSw4jUIE=
15,-29,9kYi7v7WMCcZgXq9Dr+ZpFZiByk=,3qt6d/xY32e548McY1goSw4jUIE=
5,-32,9kYi7v7WMCcZgXq9Dr+ZpFZiByk=,JLPYBg0/g92KhQfHiv+RWzq3w8c=
3,-32,9kYi7v7WMCcZgXq9Dr+ZpFZiByk=,JLPYBg0/g92KhQfHiv+RWzq3w8c=
4,-32,9kYi7v7WMCcZgXq9Dr+ZpFZiByk=,JLPYBg0/g92KhQfHiv+RWzq3w8c=
15,-18,9kYi7v7WMCcZgXq9Dr+ZpFZiByk=,3qt6d/xY32e548McY1goSw4jUIE=
15,-20,9kYi7v7WMCcZgXq9Dr+ZpFZiByk=,3qt6d/xY32e548McY1goSw4jUIE=
2,-32,9kYi7v7WMCcZgXq9Dr+ZpFZiByk=,JLPYBg0/g92KhQfHiv+RWzq3w8c=
15,-22,9kYi7v7WMCcZgXq9Dr+ZpFZiByk=,3qt6d/xY32e548McY1goSw4jUIE=
15,-24,9kYi7v7WMCcZgXq9Dr+ZpFZiByk=,3qt6d/xY32e548McY1goSw4jUIE=
15,-21,9kYi7v7WMCcZgXq9Dr+ZpFZiByk=,3qt6d/xY32e548McY1goSw4jUIE=
15,-17,9kYi7v7WMCcZgXq9Dr+ZpFZiByk=,3qt6d/xY32e548McY1goSw4jUIE=
15,-25,9kYi7v7WMCcZgXq9Dr+ZpFZiByk=,3qt6d/xY32e548McY1goSw4jUIE=
15,-19,9kYi7v7WMCcZgXq9Dr+ZpFZiByk=,3qt6d/xY32e548McY1goSw4jUIE=
15,-23,9kYi7v7WMCcZgXq9Dr+ZpFZiByk=,3qt6d/xY32e548McY1goSw4jUIE=
9,-15,ApATj0gEPD2MmIAN0NXbm2q1fUY=,3qt6d/xY32e548McY1goSw4jUIE=
13,-10,ApATj0gEPD2MmIAN0NXbm2q1fUY=,3qt6d/xY32e548McY1goSw4jUIE=
14,-10,ApATj0gEPD2MmIAN0NXbm2q1fUY=,3qt6d/xY32e548McY1goSw4jUIE=
10,-10,ApATj0gEPD2MmIAN0NXbm2q1fUY=,3qt6d/xY32e548McY1goSw4jUIE=
12,-10,ApATj0gEPD2MmIAN0NXbm2q1fUY=,3qt6d/xY32e548McY1goSw4jUIE=
11,-10,ApATj0gEPD2MmIAN0NXbm2q1fUY=,3qt6d/xY32e548McY1goSw4jUIE=
14,-11,ApATj0gEPD2MmIAN0NXbm2q1fUY=,3qt6d/xY32e548McY1goSw4jUIE=
9,-10,ApATj0gEPD2MmIAN0NXbm2q1fUY=,3qt6d/xY32e548McY1goSw4jUIE=
13,-11,SbQkzoezmYHMvTgTjPPLowK+d4o=,3qt6d/xY32e548McY1goSw4jUIE=
11,-11,SbQkzoezmYHMvTgTjPPLowK+d4o=,3qt6d/xY32e548McY1goSw4jUIE=
12,-11,SbQkzoezmYHMvTgTjPPLowK+d4o=,3qt6d/xY32e548McY1goSw4jUIE=
14,-3,SbQkzoezmYHMvTgTjPPLowK+d4o=,+/kv6cCRP9WLRiTCjrs6fX2Tlzs=
11,-8,SbQkzoezmYHMvTgTjPPLowK+d4o=,+/kv6cCRP9WLRiTCjrs6fX2Tlzs=
14,-12,SbQkzoezmYHMvTgTjPPLowK+d4o=,3qt6d/xY32e548McY1goSw4jUIE=
10,-11,SbQkzoezmYHMvTgTjPPLowK+d4o=,3qt6d/xY32e548McY1goSw4jUIE=
13,-12,SbQkzoezmYHMvTgTjPPLowK+d4o=,3qt6d/xY32e548McY1goSw4jUIE=
9,-11,SbQkzoezmYHMvTgTjPPLowK+d4o=,3qt6d/xY32e548McY1goSw4jUIE=
9,-2,SbQkzoezmYHMvTgTjPPLowK+d4o=,+/kv6cCRP9WLRiTCjrs6fX2Tlzs=
12,-12,SbQkzoezmYHMvTgTjPPLowK+d4o=,3qt6d/xY32e548McY1goSw4jUIE=
10,-12,SbQkzoezmYHMvTgTjPPLowK+d4o=,3qt6d/xY32e548McY1goSw4jUIE=
11,-12,SbQkzoezmYHMvTgTjPPLowK+d4o=,3qt6d/xY32e548McY1goSw4jUIE=
14,-13,SbQkzoezmYHMvTgTjPPLowK+d4o=,3qt6d/xY32e548McY1goSw4jUIE=
9,-12,SbQkzoezmYHMvTgTjPPLowK+d4o=,3qt6d/xY32e548McY1goSw4jUIE=
13,-13,SbQkzoezmYHMvTgTjPPLowK+d4o=,3qt6d/xY32e548McY1goSw4jUIE=
12,-13,SbQkzoezmYHMvTgTjPPLowK+d4o=,3qt6d/xY32e548McY1goSw4jUIE=
11,-13,SbQkzoezmYHMvTgTjPPLowK+d4o=,3qt6d/xY32e548McY1goSw4jUIE=
10,-13,SbQkzoezmYHMvTgTjPPLowK+d4o=,3qt6d/xY32e548McY1goSw4jUIE=
9,-13,SbQkzoezmYHMvTgTjPPLowK+d4o=,3qt6d/xY32e548McY1goSw4jUIE=
14,-14,huU4lJw52MCAHfS/9l1vTpU2+m0=,3qt6d/xY32e548McY1goSw4jUIE=
13,-14,huU4lJw52MCAHfS/9l1vTpU2+m0=,3qt6d/xY32e548McY1goSw4jUIE=
12,-14,huU4lJw52MCAHfS/9l1vTpU2+m0=,3qt6d/xY32e548McY1goSw4jUIE=
11,-14,huU4lJw52MCAHfS/9l1vTpU2+m0=,3qt6d/xY32e548McY1goSw4jUIE=
9,-14,huU4lJw52MCAHfS/9l1vTpU2+m0=,3qt6d/xY32e548McY1goSw4jUIE=
12,-2,huU4lJw52MCAHfS/9l1vTpU2+m0=,+/kv6cCRP9WLRiTCjrs6fX2Tlzs=
11,-2,huU4lJw52MCAHfS/9l1vTpU2+m0=,+/kv6cCRP9WLRiTCjrs6fX2Tlzs=
10,-14,huU4lJw52MCAHfS/9l1vTpU2+m0=,3qt6d/xY32e548McY1goSw4jUIE=
13,-2,huU4lJw52MCAHfS/9l1vTpU2+m0=,+/kv6cCRP9WLRiTCjrs6fX2Tlzs=
14,-15,huU4lJw52MCAHfS/9l1vTpU2+m0=,3qt6d/xY32e548McY1goSw4jUIE=
13,-15,huU4lJw52MCAHfS/9l1vTpU2+m0=,3qt6d/xY32e548McY1goSw4jUIE=
11,-9,huU4lJw52MCAHfS/9l1vTpU2+m0=,3qt6d/xY32e548McY1goSw4jUIE=
12,-15,huU4lJw52MCAHfS/9l1vTpU2+m0=,3qt6d/xY32e548McY1goSw4jUIE=
11,-15,huU4lJw52MCAHfS/9l1vTpU2+m0=,3qt6d/xY32e548McY1goSw4jUIE=
10,-15,huU4lJw52MCAHfS/9l1vTpU2+m0=,3qt6d/xY32e548McY1goSw4jUIE=
10,-2,huU4lJw52MCAHfS/9l1vTpU2+m0=,+/kv6cCRP9WLRiTCjrs6fX2Tlzs=
10,-9,huU4lJw52MCAHfS/9l1vTpU2+m0=,3qt6d/xY32e548McY1goSw4jUIE=
10,-7,huU4lJw52MCAHfS/9l1vTpU2+m0=,+/kv6cCRP9WLRiTCjrs6fX2Tlzs=
9,-9,huU4lJw52MCAHfS/9l1vTpU2+m0=,3qt6d/xY32e548McY1goSw4jUIE=
14,-2,huU4lJw52MCAHfS/9l1vTpU2+m0=,+/kv6cCRP9WLRiTCjrs6fX2Tlzs=
14,-4,huU4lJw52MCAHfS/9l1vTpU2+m0=,+/kv6cCRP9WLRiTCjrs6fX2Tlzs=
13,-3,huU4lJw52MCAHfS/9l1vTpU2+m0=,+/kv6cCRP9WLRiTCjrs6fX2Tlzs=
12,-3,huU4lJw52MCAHfS/9l1vTpU2+m0=,+/kv6cCRP9WLRiTCjrs6fX2Tlzs=
9,-7,huU4lJw52MCAHfS/9l1vTpU2+m0=,+/kv6cCRP9WLRiTCjrs6fX2Tlzs=
11,-3,huU4lJw52MCAHfS/9l1vTpU2+m0=,+/kv6cCRP9WLRiTCjrs6fX2Tlzs=
13,-4,huU4lJw52MCAHfS/9l1vTpU2+m0=,+/kv6cCRP9WLRiTCjrs6fX2Tlzs=
10,-3,huU4lJw52MCAHfS/9l1vTpU2+m0=,+/kv6cCRP9WLRiTCjrs6fX2Tlzs=
11,-4,huU4lJw52MCAHfS/9l1vTpU2+m0=,+/kv6cCRP9WLRiTCjrs6fX2Tlzs=
13,-7,huU4lJw52MCAHfS/9l1vTpU2+m0=,+/kv6cCRP9WLRiTCjrs6fX2Tlzs=
10,-4,huU4lJw52MCAHfS/9l1vTpU2+m0=,+/kv6cCRP9WLRiTCjrs6fX2Tlzs=
9,-3,huU4lJw52MCAHfS/9l1vTpU2+m0=,+/kv6cCRP9WLRiTCjrs6fX2Tlzs=
9,-4,huU4lJw52MCAHfS/9l1vTpU2+m0=,+/kv6cCRP9WLRiTCjrs6fX2Tlzs=
14,-5,huU4lJw52MCAHfS/9l1vTpU2+m0=,+/kv6cCRP9WLRiTCjrs6fX2Tlzs=
13,-5,huU4lJw52MCAHfS/9l1vTpU2+m0=,+/kv6cCRP9WLRiTCjrs6fX2Tlzs=
4,-5,huU4lJw52MCAHfS/9l1vTpU2+m0=,OLXlZQDr22z9QABUNkQLUt4vhP4=
12,-9,huU4lJw52MCAHfS/9l1vTpU2+m0=,3qt6d/xY32e548McY1goSw4jUIE=
3,-5,huU4lJw52MCAHfS/9l1vTpU2+m0=,OLXlZQDr22z9QABUNkQLUt4vhP4=
11,-5,huU4lJw52MCAHfS/9l1vTpU2+m0=,+/kv6cCRP9WLRiTCjrs6fX2Tlzs=
12,-8,huU4lJw52MCAHfS/9l1vTpU2+m0=,+/kv6cCRP9WLRiTCjrs6fX2Tlzs=
8,-2,huU4lJw52MCAHfS/9l1vTpU2+m0=,+/kv6cCRP9WLRiTCjrs6fX2Tlzs=
12,-7,huU4lJw52MCAHfS/9l1vTpU2+m0=,+/kv6cCRP9WLRiTCjrs6fX2Tlzs=
8,-6,huU4lJw52MCAHfS/9l1vTpU2+m0=,+/kv6cCRP9WLRiTCjrs6fX2Tlzs=
10,-5,huU4lJw52MCAHfS/9l1vTpU2+m0=,+/kv6cCRP9WLRiTCjrs6fX2Tlzs=
9,-8,huU4lJw52MCAHfS/9l1vTpU2+m0=,+/kv6cCRP9WLRiTCjrs6fX2Tlzs=
5,-5,huU4lJw52MCAHfS/9l1vTpU2+m0=,OLXlZQDr22z9QABUNkQLUt4vhP4=
9,-5,huU4lJw52MCAHfS/9l1vTpU2+m0=,+/kv6cCRP9WLRiTCjrs6fX2Tlzs=
10,-8,huU4lJw52MCAHfS/9l1vTpU2+m0=,+/kv6cCRP9WLRiTCjrs6fX2Tlzs=
11,-7,huU4lJw52MCAHfS/9l1vTpU2+m0=,+/kv6cCRP9WLRiTCjrs6fX2Tlzs=
9,-6,huU4lJw52MCAHfS/9l1vTpU2+m0=,+/kv6cCRP9WLRiTCjrs6fX2Tlzs=
6,-5,huU4lJw52MCAHfS/9l1vTpU2+m0=,OLXlZQDr22z9QABUNkQLUt4vhP4=
2,-5,huU4lJw52MCAHfS/9l1vTpU2+m0=,OLXlZQDr22z9QABUNkQLUt4vhP4=
4,-11,huU4lJw52MCAHfS/9l1vTpU2+m0=,VIU749+TScccRDWTnHoHQdlXOhQ=
13,-8,huU4lJw52MCAHfS/9l1vTpU2+m0=,+/kv6cCRP9WLRiTCjrs6fX2Tlzs=
14,-9,huU4lJw52MCAHfS/9l1vTpU2+m0=,3qt6d/xY32e548McY1goSw4jUIE=
10,-6,huU4lJw52MCAHfS/9l1vTpU2+m0=,+/kv6cCRP9WLRiTCjrs6fX2Tlzs=
8,-4,huU4lJw52MCAHfS/9l1vTpU2+m0=,+/kv6cCRP9WLRiTCjrs6fX2Tlzs=
1,-5,huU4lJw52MCAHfS/9l1vTpU2+m0=,OLXlZQDr22z9QABUNkQLUt4vhP4=
5,-11,huU4lJw52MCAHfS/9l1vTpU2+m0=,VIU749+TScccRDWTnHoHQdlXOhQ=
13,-9,huU4lJw52MCAHfS/9l1vTpU2+m0=,3qt6d/xY32e548McY1goSw4jUIE=
14,-6,huU4lJw52MCAHfS/9l1vTpU2+m0=,+/kv6cCRP9WLRiTCjrs6fX2Tlzs=
11,-6,huU4lJw52MCAHfS/9l1vTpU2+m0=,+/kv6cCRP9WLRiTCjrs6fX2Tlzs=
8,-3,huU4lJw52MCAHfS/9l1vTpU2+m0=,+/kv6cCRP9WLRiTCjrs6fX2Tlzs=
13,-6,huU4lJw52MCAHfS/9l1vTpU2+m0=,+/kv6cCRP9WLRiTCjrs6fX2Tlzs=
14,-8,huU4lJw52MCAHfS/9l1vTpU2+m0=,+/kv6cCRP9WLRiTCjrs6fX2Tlzs=
7,-6,huU4lJw52MCAHfS/9l1vTpU2+m0=,OLXlZQDr22z9QABUNkQLUt4vhP4=
12,-5,huU4lJw52MCAHfS/9l1vTpU2+m0=,+/kv6cCRP9WLRiTCjrs6fX2Tlzs=
6,-6,huU4lJw52MCAHfS/9l1vTpU2+m0=,OLXlZQDr22z9QABUNkQLUt4vhP4=
2,-11,huU4lJw52MCAHfS/9l1vTpU2+m0=,VIU749+TScccRDWTnHoHQdlXOhQ=
5,-6,huU4lJw52MCAHfS/9l1vTpU2+m0=,OLXlZQDr22z9QABUNkQLUt4vhP4=
1,-11,huU4lJw52MCAHfS/9l1vTpU2+m0=,VIU749+TScccRDWTnHoHQdlXOhQ=
7,-5,huU4lJw52MCAHfS/9l1vTpU2+m0=,OLXlZQDr22z9QABUNkQLUt4vhP4=
7,-12,huU4lJw52MCAHfS/9l1vTpU2+m0=,VIU749+TScccRDWTnHoHQdlXOhQ=
6,-12,huU4lJw52MCAHfS/9l1vTpU2+m0=,VIU749+TScccRDWTnHoHQdlXOhQ=
1,-4,huU4lJw52MCAHfS/9l1vTpU2+m0=,OLXlZQDr22z9QABUNkQLUt4vhP4=
8,-9,huU4lJw52MCAHfS/9l1vTpU2+m0=,3qt6d/xY32e548McY1goSw4jUIE=
4,-6,huU4lJw52MCAHfS/9l1vTpU2+m0=,OLXlZQDr22z9QABUNkQLUt4vhP4=
2,-4,huU4lJw52MCAHfS/9l1vTpU2+m0=,OLXlZQDr22z9QABUNkQLUt4vhP4=
3,-6,huU4lJw52MCAHfS/9l1vTpU2+m0=,OLXlZQDr22z9QABUNkQLUt4vhP4=
1,-6,huU4lJw52MCAHfS/9l1vTpU2+m0=,OLXlZQDr22z9QABUNkQLUt4vhP4=
5,-12,huU4lJw52MCAHfS/9l1vTpU2+m0=,VIU749+TScccRDWTnHoHQdlXOhQ=
2,-6,huU4lJw52MCAHfS/9l1vTpU2+m0=,OLXlZQDr22z9QABUNkQLUt4vhP4=
8,-5,huU4lJw52MCAHfS/9l1vTpU2+m0=,+/kv6cCRP9WLRiTCjrs6fX2Tlzs=
12,-4,huU4lJw52MCAHfS/9l1vTpU2+m0=,+/kv6cCRP9WLRiTCjrs6fX2Tlzs=
4,-12,huU4lJw52MCAHfS/9l1vTpU2+m0=,VIU749+TScccRDWTnHoHQdlXOhQ=
6,-7,huU4lJw52MCAHfS/9l1vTpU2+m0=,OLXlZQDr22z9QABUNkQLUt4vhP4=
0,-4,huU4lJw52MCAHfS/9l1vTpU2+m0=,OLXlZQDr22z9QABUNkQLUt4vhP4=
8,-7,huU4lJw52MCAHfS/9l1vTpU2+m0=,+/kv6cCRP9WLRiTCjrs6fX2Tlzs=
7,-7,huU4lJw52MCAHfS/9l1vTpU2+m0=,OLXlZQDr22z9QABUNkQLUt4vhP4=
5,-7,huU4lJw52MCAHfS/9l1vTpU2+m0=,OLXlZQDr22z9QABUNkQLUt4vhP4=
0,-5,huU4lJw52MCAHfS/9l1vTpU2+m0=,OLXlZQDr22z9QABUNkQLUt4vhP4=
8,-10,huU4lJw52MCAHfS/9l1vTpU2+m0=,3qt6d/xY32e548McY1goSw4jUIE=
0,-3,huU4lJw52MCAHfS/9l1vTpU2+m0=,OLXlZQDr22z9QABUNkQLUt4vhP4=
3,-4,huU4lJw52MCAHfS/9l1vTpU2+m0=,OLXlZQDr22z9QABUNkQLUt4vhP4=
3,-12,huU4lJw52MCAHfS/9l1vTpU2+m0=,VIU749+TScccRDWTnHoHQdlXOhQ=
7,-2,huU4lJw52MCAHfS/9l1vTpU2+m0=,OLXlZQDr22z9QABUNkQLUt4vhP4=
8,-11,huU4lJw52MCAHfS/9l1vTpU2+m0=,3qt6d/xY32e548McY1goSw4jUIE=
4,-4,huU4lJw52MCAHfS/9l1vTpU2+m0=,OLXlZQDr22z9QABUNkQLUt4vhP4=
0,-6,huU4lJw52MCAHfS/9l1vTpU2+m0=,OLXlZQDr22z9QABUNkQLUt4vhP4=
0,-7,huU4lJw52MCAHfS/9l1vTpU2+m0=,OLXlZQDr22z9QABUNkQLUt4vhP4=
0,-2,huU4lJw52MCAHfS/9l1vTpU2+m0=,OLXlZQDr22z9QABUNkQLUt4vhP4=
5,-4,huU4lJw52MCAHfS/9l1vTpU2+m0=,OLXlZQDr22z9QABUNkQLUt4vhP4=
6,-2,huU4lJw52MCAHfS/9l1vTpU2+m0=,OLXlZQDr22z9QABUNkQLUt4vhP4=
2,-12,huU4lJw52MCAHfS/9l1vTpU2+m0=,VIU749+TScccRDWTnHoHQdlXOhQ=
5,-2,huU4lJw52MCAHfS/9l1vTpU2+m0=,OLXlZQDr22z9QABUNkQLUt4vhP4=
1,-1,huU4lJw52MCAHfS/9l1vTpU2+m0=,OLXlZQDr22z9QABUNkQLUt4vhP4=
14,-7,huU4lJw52MCAHfS/9l1vTpU2+m0=,+/kv6cCRP9WLRiTCjrs6fX2Tlzs=
4,-7,huU4lJw52MCAHfS/9l1vTpU2+m0=,OLXlZQDr22z9QABUNkQLUt4vhP4=
6,-11,huU4lJw52MCAHfS/9l1vTpU2+m0=,VIU749+TScccRDWTnHoHQdlXOhQ=
3,-2,huU4lJw52MCAHfS/9l1vTpU2+m0=,OLXlZQDr22z9QABUNkQLUt4vhP4=
4,-2,huU4lJw52MCAHfS/9l1vTpU2+m0=,OLXlZQDr22z9QABUNkQLUt4vhP4=
2,-1,huU4lJw52MCAHfS/9l1vTpU2+m0=,OLXlZQDr22z9QABUNkQLUt4vhP4=
12,-6,huU4lJw52MCAHfS/9l1vTpU2+m0=,+/kv6cCRP9WLRiTCjrs6fX2Tlzs=
7,-11,huU4lJw52MCAHfS/9l1vTpU2+m0=,VIU749+TScccRDWTnHoHQdlXOhQ=
3,-11,huU4lJw52MCAHfS/9l1vTpU2+m0=,VIU749+TScccRDWTnHoHQdlXOhQ=
6,-1,huU4lJw52MCAHfS/9l1vTpU2+m0=,OLXlZQDr22z9QABUNkQLUt4vhP4=
7,-13,huU4lJw52MCAHfS/9l1vTpU2+m0=,VIU749+TScccRDWTnHoHQdlXOhQ=
3,-1,huU4lJw52MCAHfS/9l1vTpU2+m0=,OLXlZQDr22z9QABUNkQLUt4vhP4=
5,-1,huU4lJw52MCAHfS/9l1vTpU2+m0=,OLXlZQDr22z9QABUNkQLUt4vhP4=
2,-2,huU4lJw52MCAHfS/9l1vTpU2+m0=,OLXlZQDr22z9QABUNkQLUt4vhP4=
1,-10,huU4lJw52MCAHfS/9l1vTpU2+m0=,VIU749+TScccRDWTnHoHQdlXOhQ=
6,-13,huU4lJw52MCAHfS/9l1vTpU2+m0=,VIU749+TScccRDWTnHoHQdlXOhQ=
1,-12,huU4lJw52MCAHfS/9l1vTpU2+m0=,VIU749+TScccRDWTnHoHQdlXOhQ=
2,-10,huU4lJw52MCAHfS/9l1vTpU2+m0=,VIU749+TScccRDWTnHoHQdlXOhQ=
12,-1,huU4lJw52MCAHfS/9l1vTpU2+m0=,+/kv6cCRP9WLRiTCjrs6fX2Tlzs=
4,-1,huU4lJw52MCAHfS/9l1vTpU2+m0=,OLXlZQDr22z9QABUNkQLUt4vhP4=
5,-13,huU4lJw52MCAHfS/9l1vTpU2+m0=,VIU749+TScccRDWTnHoHQdlXOhQ=
3,-10,huU4lJw52MCAHfS/9l1vTpU2+m0=,VIU749+TScccRDWTnHoHQdlXOhQ=
13,-1,huU4lJw52MCAHfS/9l1vTpU2+m0=,+/kv6cCRP9WLRiTCjrs6fX2Tlzs=
4,-10,huU4lJw52MCAHfS/9l1vTpU2+m0=,VIU749+TScccRDWTnHoHQdlXOhQ=
14,-1,huU4lJw52MCAHfS/9l1vTpU2+m0=,+/kv6cCRP9WLRiTCjrs6fX2Tlzs=
4,-13,huU4lJw52MCAHfS/9l1vTpU2+m0=,VIU749+TScccRDWTnHoHQdlXOhQ=
8,-12,huU4lJw52MCAHfS/9l1vTpU2+m0=,3qt6d/xY32e548McY1goSw4jUIE=
1,-2,huU4lJw52MCAHfS/9l1vTpU2+m0=,OLXlZQDr22z9QABUNkQLUt4vhP4=
8,-8,huU4lJw52MCAHfS/9l1vTpU2+m0=,+/kv6cCRP9WLRiTCjrs6fX2Tlzs=
8,-1,huU4lJw52MCAHfS/9l1vTpU2+m0=,+/kv6cCRP9WLRiTCjrs6fX2Tlzs=
15,-3,huU4lJw52MCAHfS/9l1vTpU2+m0=,+/kv6cCRP9WLRiTCjrs6fX2Tlzs=
15,-4,huU4lJw52MCAHfS/9l1vTpU2+m0=,+/kv6cCRP9WLRiTCjrs6fX2Tlzs=
6,-4,huU4lJw52MCAHfS/9l1vTpU2+m0=,OLXlZQDr22z9QABUNkQLUt4vhP4=
15,-2,huU4lJw52MCAHfS/9l1vTpU2+m0=,+/kv6cCRP9WLRiTCjrs6fX2Tlzs=
15,-5,huU4lJw52MCAHfS/9l1vTpU2+m0=,+/kv6cCRP9WLRiTCjrs6fX2Tlzs=
1,-15,huU4lJw52MCAHfS/9l1vTpU2+m0=,VIU749+TScccRDWTnHoHQdlXOhQ=
7,-3,huU4lJw52MCAHfS/9l1vTpU2+m0=,OLXlZQDr22z9QABUNkQLUt4vhP4=
7,-4,huU4lJw52MCAHfS/9l1vTpU2+m0=,OLXlZQDr22z9QABUNkQLUt4vhP4=
3,-13,huU4lJw52MCAHfS/9l1vTpU2+m0=,VIU749+TScccRDWTnHoHQdlXOhQ=
15,-7,huU4lJw52MCAHfS/9l1vTpU2+m0=,+/kv6cCRP9WLRiTCjrs6fX2Tlzs=
7,-1,huU4lJw52MCAHfS/9l1vTpU2+m0=,OLXlZQDr22z9QABUNkQLUt4vhP4=
1,-3,huU4lJw52MCAHfS/9l1vTpU2+m0=,OLXlZQDr22z9QABUNkQLUt4vhP4=
3,-7,huU4lJw52MCAHfS/9l1vTpU2+m0=,OLXlZQDr22z9QABUNkQLUt4vhP4=
2,-15,huU4lJw52MCAHfS/9l1vTpU2+m0=,VIU749+TScccRDWTnHoHQdlXOhQ=
2,-7,huU4lJw52MCAHfS/9l1vTpU2+m0=,OLXlZQDr22z9QABUNkQLUt4vhP4=
2,-3,huU4lJw52MCAHfS/9l1vTpU2+m0=,OLXlZQDr22z9QABUNkQLUt4vhP4=
11,-1,huU4lJw52MCAHfS/9l1vTpU2+m0=,+/kv6cCRP9WLRiTCjrs6fX2Tlzs=
3,-15,huU4lJw52MCAHfS/9l1vTpU2+m0=,VIU749+TScccRDWTnHoHQdlXOhQ=
3,-3,huU4lJw52MCAHfS/9l1vTpU2+m0=,OLXlZQDr22z9QABUNkQLUt4vhP4=
4,-15,huU4lJw52MCAHfS/9l1vTpU2+m0=,VIU749+TScccRDWTnHoHQdlXOhQ=
4,-3,huU4lJw52MCAHfS/9l1vTpU2+m0=,OLXlZQDr22z9QABUNkQLUt4vhP4=
7,-8,huU4lJw52MCAHfS/9l1vTpU2+m0=,OLXlZQDr22z9QABUNkQLUt4vhP4=
15,-9,huU4lJw52MCAHfS/9l1vTpU2+m0=,3qt6d/xY32e548McY1goSw4jUIE=
5,-3,huU4lJw52MCAHfS/9l1vTpU2+m0=,OLXlZQDr22z9QABUNkQLUt4vhP4=
15,-8,huU4lJw52MCAHfS/9l1vTpU2+m0=,+/kv6cCRP9WLRiTCjrs6fX2Tlzs=
5,-10,huU4lJw52MCAHfS/9l1vTpU2+m0=,VIU749+TScccRDWTnHoHQdlXOhQ=
1,-7,huU4lJw52MCAHfS/9l1vTpU2+m0=,OLXlZQDr22z9QABUNkQLUt4vhP4=
6,-3,huU4lJw52MCAHfS/9l1vTpU2+m0=,OLXlZQDr22z9QABUNkQLUt4vhP4=
15,-15,huU4lJw52MCAHfS/9l1vTpU2+m0=,3qt6d/xY32e548McY1goSw4jUIE=
6,-10,huU4lJw52MCAHfS/9l1vTpU2+m0=,VIU749+TScccRDWTnHoHQdlXOhQ=
9,-1,huU4lJw52MCAHfS/9l1vTpU2+m0=,+/kv6cCRP9WLRiTCjrs6fX2Tlzs=
15,-14,huU4lJw52MCAHfS/9l1vTpU2+m0=,3qt6d/xY32e548McY1goSw4jUIE=
7,-10,huU4lJw52MCAHfS/9l1vTpU2+m0=,VIU749+TScccRDWTnHoHQdlXOhQ=
15,-13,huU4lJw52MCAHfS/9l1vTpU2+m0=,3qt6d/xY32e548McY1goSw4jUIE=
8,-15,huU4lJw52MCAHfS/9l1vTpU2+m0=,3qt6d/xY32e548McY1goSw4jUIE=
9,-16,huU4lJw52MCAHfS/9l1vTpU2+m0=,3qt6d/xY32e548McY1goSw4jUIE=
15,-12,huU4lJw52MCAHfS/9l1vTpU2+m0=,3qt6d/xY32e548McY1goSw4jUIE=
1,-9,huU4lJw52MCAHfS/9l1vTpU2+m0=,VIU749+TScccRDWTnHoHQdlXOhQ=
14,-16,huU4lJw52MCAHfS/9l1vTpU2+m0=,3qt6d/xY32e548McY1goSw4jUIE=
13,-16,huU4lJw52MCAHfS/9l1vTpU2+m0=,3qt6d/xY32e548McY1goSw4jUIE=
8,-16,huU4lJw52MCAHfS/9l1vTpU2+m0=,3qt6d/xY32e548McY1goSw4jUIE=
10,-16,huU4lJw52MCAHfS/9l1vTpU2+m0=,3qt6d/xY32e548McY1goSw4jUIE=
15,-11,huU4lJw52MCAHfS/9l1vTpU2+m0=,3qt6d/xY32e548McY1goSw4jUIE=
5,-15,huU4lJw52MCAHfS/9l1vTpU2+m0=,VIU749+TScccRDWTnHoHQdlXOhQ=
12,-16,huU4lJw52MCAHfS/9l1vTpU2+m0=,3qt6d/xY32e548McY1goSw4jUIE=
1,-16,huU4lJw52MCAHfS/9l1vTpU2+m0=,VIU749+TScccRDWTnHoHQdlXOhQ=
15,-10,huU4lJw52MCAHfS/9l1vTpU2+m0=,3qt6d/xY32e548McY1goSw4jUIE=
6,-15,huU4lJw52MCAHfS/9l1vTpU2+m0=,VIU749+TScccRDWTnHoHQdlXOhQ=
7,-16,huU4lJw52MCAHfS/9l1vTpU2+m0=,VIU749+TScccRDWTnHoHQdlXOhQ=
2,-16,huU4lJw52MCAHfS/9l1vTpU2+m0=,VIU749+TScccRDWTnHoHQdlXOhQ=
2,-13,huU4lJw52MCAHfS/9l1vTpU2+m0=,VIU749+TScccRDWTnHoHQdlXOhQ=
7,-15,huU4lJw52MCAHfS/9l1vTpU2+m0=,VIU749+TScccRDWTnHoHQdlXOhQ=
1,-13,huU4lJw52MCAHfS/9l1vTpU2+m0=,VIU749+TScccRDWTnHoHQdlXOhQ=
3,-16,huU4lJw52MCAHfS/9l1vTpU2+m0=,VIU749+TScccRDWTnHoHQdlXOhQ=
0,-1,huU4lJw52MCAHfS/9l1vTpU2+m0=,OLXlZQDr22z9QABUNkQLUt4vhP4=
6,-16,huU4lJw52MCAHfS/9l1vTpU2+m0=,VIU749+TScccRDWTnHoHQdlXOhQ=
2,-9,huU4lJw52MCAHfS/9l1vTpU2+m0=,VIU749+TScccRDWTnHoHQdlXOhQ=
4,-16,huU4lJw52MCAHfS/9l1vTpU2+m0=,VIU749+TScccRDWTnHoHQdlXOhQ=
15,-16,huU4lJw52MCAHfS/9l1vTpU2+m0=,3qt6d/xY32e548McY1goSw4jUIE=
6,-8,huU4lJw52MCAHfS/9l1vTpU2+m0=,OLXlZQDr22z9QABUNkQLUt4vhP4=
1,-14,huU4lJw52MCAHfS/9l1vTpU2+m0=,VIU749+TScccRDWTnHoHQdlXOhQ=
5,-16,huU4lJw52MCAHfS/9l1vTpU2+m0=,VIU749+TScccRDWTnHoHQdlXOhQ=
10,-1,huU4lJw52MCAHfS/9l1vTpU2+m0=,+/kv6cCRP9WLRiTCjrs6fX2Tlzs=
15,-1,huU4lJw52MCAHfS/9l1vTpU2+m0=,+/kv6cCRP9WLRiTCjrs6fX2Tlzs=
7,-14,huU4lJw52MCAHfS/9l1vTpU2+m0=,VIU749+TScccRDWTnHoHQdlXOhQ=
5,-8,huU4lJw52MCAHfS/9l1vTpU2+m0=,OLXlZQDr22z9QABUNkQLUt4vhP4=
2,-14,huU4lJw52MCAHfS/9l1vTpU2+m0=,VIU749+TScccRDWTnHoHQdlXOhQ=
4,-8,huU4lJw52MCAHfS/9l1vTpU2+m0=,OLXlZQDr22z9QABUNkQLUt4vhP4=
3,-8,huU4lJw52MCAHfS/9l1vTpU2+m0=,OLXlZQDr22z9QABUNkQLUt4vhP4=
8,-13,huU4lJw52MCAHfS/9l1vTpU2+m0=,3qt6d/xY32e548McY1goSw4jUIE=
3,-9,huU4lJw52MCAHfS/9l1vTpU2+m0=,VIU749+TScccRDWTnHoHQdlXOhQ=
6,-14,huU4lJw52MCAHfS/9l1vTpU2+m0=,VIU749+TScccRDWTnHoHQdlXOhQ=
1,-8,huU4lJw52MCAHfS/9l1vTpU2+m0=,OLXlZQDr22z9QABUNkQLUt4vhP4=
5,-14,huU4lJw52MCAHfS/9l1vTpU2+m0=,VIU749+TScccRDWTnHoHQdlXOhQ=
3,-14,huU4lJw52MCAHfS/9l1vTpU2+m0=,VIU749+TScccRDWTnHoHQdlXOhQ=
8,-14,huU4lJw52MCAHfS/9l1vTpU2+m0=,3qt6d/xY32e548McY1goSw4jUIE=
7,-9,huU4lJw52MCAHfS/9l1vTpU2+m0=,VIU749+TScccRDWTnHoHQdlXOhQ=
6,-9,huU4lJw52MCAHfS/9l1vTpU2+m0=,VIU749+TScccRDWTnHoHQdlXOhQ=
5,-9,huU4lJw52MCAHfS/9l1vTpU2+m0=,VIU749+TScccRDWTnHoHQdlXOhQ=
2,-8,huU4lJw52MCAHfS/9l1vTpU2+m0=,OLXlZQDr22z9QABUNkQLUt4vhP4=
4,-14,huU4lJw52MCAHfS/9l1vTpU2+m0=,VIU749+TScccRDWTnHoHQdlXOhQ=
4,-9,huU4lJw52MCAHfS/9l1vTpU2+m0=,VIU749+TScccRDWTnHoHQdlXOhQ=
11,-16,huU4lJw52MCAHfS/9l1vTpU2+m0=,3qt6d/xY32e548McY1goSw4jUIE=
0,-13,huU4lJw52MCAHfS/9l1vTpU2+m0=,VIU749+TScccRDWTnHoHQdlXOhQ=
0,-10,huU4lJw52MCAHfS/9l1vTpU2+m0=,VIU749+TScccRDWTnHoHQdlXOhQ=
0,-12,huU4lJw52MCAHfS/9l1vTpU2+m0=,VIU749+TScccRDWTnHoHQdlXOhQ=
0,-11,huU4lJw52MCAHfS/9l1vTpU2+m0=,VIU749+TScccRDWTnHoHQdlXOhQ=
0,-8,huU4lJw52MCAHfS/9l1vTpU2+m0=,OLXlZQDr22z9QABUNkQLUt4vhP4=
0,-14,huU4lJw52MCAHfS/9l1vTpU2+m0=,VIU749+TScccRDWTnHoHQdlXOhQ=
0,-16,huU4lJw52MCAHfS/9l1vTpU2+m0=,VIU749+TScccRDWTnHoHQdlXOhQ=
0,-15,huU4lJw52MCAHfS/9l1vTpU2+m0=,VIU749+TScccRDWTnHoHQdlXOhQ=
0,-9,huU4lJw52MCAHfS/9l1vTpU2+m0=,VIU749+TScccRDWTnHoHQdlXOhQ=
15,-6,huU4lJw52MCAHfS/9l1vTpU2+m0=,+/kv6cCRP9WLRiTCjrs6fX2Tlzs=
